<?xml version="1.0" encoding="UTF-8"?>
<class-scheme publication-date="2018-02-01" scheme-type="cpc" publication-type="official">
<classification-item breakdown-code="false" not-allocatable="true" level="5" additional-only="false" sort-key="C12G" definition-exists="true" date-revised="2018-01-01" status="published"><classification-symbol>C12G</classification-symbol><class-title date-revised="2013-01-01"><title-part><text>WINE</text></title-part><title-part><text>OTHER ALCOHOLIC BEVERAGES</text></title-part><title-part><text>PREPARATION THEREOF </text><reference><text>beer <class-ref scheme="cpc">C12C</class-ref></text></reference></title-part></class-title><notes-and-warnings><note type="warning"><note-paragraph warning-type="ipc-not-used">The following IPC groups are not in the CPC scheme. The subject matter for these IPC groups is classified in the following CPC groups: <table><row><entry><class-ref scheme="ipc">C12G1/022</class-ref>-<class-ref scheme="ipc">C12G1/036</class-ref></entry><entry> covered by </entry><entry/></row><row><entry><class-ref scheme="ipc">C12G1/067</class-ref></entry><entry> covered by </entry><entry/></row><row><entry><class-ref scheme="ipc">C12G1/073</class-ref></entry><entry> covered by </entry><entry/></row><row><entry><class-ref scheme="ipc">C12G1/09</class-ref></entry><entry> covered by </entry><entry/></row><row><entry><class-ref scheme="ipc">C12G1/10</class-ref></entry><entry> covered by </entry><entry/></row><row><entry><class-ref scheme="ipc">C12G1/12</class-ref></entry><entry> covered by </entry><entry/></row><row><entry><class-ref scheme="ipc">C12G3/07</class-ref></entry><entry> covered by </entry><entry/></row><row><entry><class-ref scheme="ipc">C12G3/14</class-ref></entry><entry> covered by </entry><entry/></row></table></note-paragraph></note></notes-and-warnings>
<classification-item breakdown-code="false" not-allocatable="true" level="6" additional-only="false" sort-key="C12G1/00" date-revised="2013-01-01" status="published"><classification-symbol>C12G1/00</classification-symbol>
<classification-item breakdown-code="false" not-allocatable="false" level="7" additional-only="false" sort-key="C12G1/00" definition-exists="true" ipc-concordant="C12G1/00" c-set-base-allowed="false" c-set-subsequent-allowed="true" date-revised="2013-01-01" status="published"><classification-symbol>C12G1/00</classification-symbol><class-title date-revised="2013-01-01"><title-part><text>Preparation of wine or sparkling wine</text></title-part></class-title>
<classification-item breakdown-code="false" not-allocatable="false" level="8" additional-only="false" sort-key="C12G1/005" definition-exists="true" ipc-concordant="C12G1/00" c-set-base-allowed="false" c-set-subsequent-allowed="true" date-revised="2013-01-01" status="published"><classification-symbol>C12G1/005</classification-symbol><class-title date-revised="2013-01-01"><title-part><CPC-specific-text><text>Methods or means to load or unload, to weigh or to sample the vintage; Replenishing; Separation of the liquids from the solids before or after fermentation</text></CPC-specific-text></title-part></class-title></classification-item>
<classification-item breakdown-code="false" not-allocatable="false" level="8" additional-only="false" sort-key="C12G1/02" definition-exists="true" ipc-concordant="C12G1/02" c-set-base-allowed="false" c-set-subsequent-allowed="true" date-revised="2013-01-01" status="published"><classification-symbol>C12G1/02</classification-symbol><class-title date-revised="2013-01-01"><title-part><text>Preparation of must from grapes</text></title-part><title-part><text>Must treatment and fermentation</text></title-part></class-title>
<classification-item breakdown-code="false" not-allocatable="false" level="9" additional-only="false" sort-key="C12G1/0203" definition-exists="true" ipc-concordant="C12G1/022" c-set-base-allowed="false" c-set-subsequent-allowed="true" date-revised="2013-01-01" status="published"><classification-symbol>C12G1/0203</classification-symbol><class-title date-revised="2013-01-01"><title-part><CPC-specific-text><text>by microbiological or enzymatic treatment</text></CPC-specific-text></title-part></class-title></classification-item>
<classification-item breakdown-code="false" not-allocatable="false" level="9" additional-only="false" sort-key="C12G1/0206" definition-exists="true" ipc-concordant="C12G1/036" c-set-base-allowed="false" c-set-subsequent-allowed="true" date-revised="2013-01-01" status="published"><classification-symbol>C12G1/0206</classification-symbol><class-title date-revised="2013-01-01"><title-part><CPC-specific-text><text>using a home wine making vessel</text></CPC-specific-text></title-part></class-title></classification-item>
<classification-item breakdown-code="false" not-allocatable="false" level="9" additional-only="false" sort-key="C12G1/0209" definition-exists="true" ipc-concordant="C12G1/024" c-set-base-allowed="false" c-set-subsequent-allowed="true" date-revised="2013-01-01" status="published"><classification-symbol>C12G1/0209</classification-symbol><class-title date-revised="2013-01-01"><title-part><CPC-specific-text><text>in a horizontal or rotatably mounted vessel </text><reference><text><class-ref scheme="cpc">C12G1/0206</class-ref> takes precedence</text></reference></CPC-specific-text></title-part></class-title></classification-item>
<classification-item breakdown-code="false" not-allocatable="false" level="9" additional-only="false" sort-key="C12G1/0213" definition-exists="true" ipc-concordant="C12G1/028" c-set-base-allowed="false" c-set-subsequent-allowed="true" date-revised="2013-01-01" status="published"><classification-symbol>C12G1/0213</classification-symbol><class-title date-revised="2013-01-01"><title-part><CPC-specific-text><text>with thermal treatment of the vintage </text><reference><text><class-ref scheme="cpc">C12G1/0206</class-ref> takes precedence</text></reference></CPC-specific-text></title-part></class-title></classification-item>
<classification-item breakdown-code="false" not-allocatable="false" level="9" additional-only="false" sort-key="C12G1/0216" definition-exists="true" ipc-concordant="C12G1/032" c-set-base-allowed="false" c-set-subsequent-allowed="true" date-revised="2013-01-01" status="published"><classification-symbol>C12G1/0216</classification-symbol><class-title date-revised="2013-01-01"><title-part><CPC-specific-text><text>with recirculation of the must for pomage extraction</text></CPC-specific-text></title-part></class-title></classification-item>
<classification-item breakdown-code="false" not-allocatable="false" level="9" additional-only="false" sort-key="C12G1/04" definition-exists="true" ipc-concordant="C12G1/04" c-set-base-allowed="false" c-set-subsequent-allowed="true" date-revised="2013-01-01" status="published"><classification-symbol>C12G1/04</classification-symbol><class-title date-revised="2013-01-01"><title-part><text>Sulfiting the must</text></title-part><title-part><text>Desulfiting</text></title-part></class-title></classification-item></classification-item>
<classification-item breakdown-code="false" not-allocatable="false" level="8" additional-only="false" sort-key="C12G1/06" definition-exists="true" ipc-concordant="C12G1/06" c-set-base-allowed="false" c-set-subsequent-allowed="true" date-revised="2013-01-01" status="published"><classification-symbol>C12G1/06</classification-symbol><class-title date-revised="2013-01-01"><title-part><text>Preparation of sparkling wine, e.g. champagne</text></title-part><title-part><text>Impregnating wine with carbon dioxide</text></title-part></class-title>
<classification-item breakdown-code="false" not-allocatable="false" level="9" additional-only="false" sort-key="C12G1/062" definition-exists="true" ipc-concordant="C12G1/09" c-set-base-allowed="false" c-set-subsequent-allowed="true" date-revised="2013-01-01" status="published"><classification-symbol>C12G1/062</classification-symbol><class-title date-revised="2013-01-01"><title-part><CPC-specific-text><text>Agitation, centrifugation, or vibration of bottles</text></CPC-specific-text></title-part></class-title></classification-item>
<classification-item breakdown-code="false" not-allocatable="false" level="9" additional-only="false" sort-key="C12G1/064" definition-exists="true" ipc-concordant="C12G1/073" c-set-base-allowed="false" c-set-subsequent-allowed="true" date-revised="2013-01-01" status="published"><classification-symbol>C12G1/064</classification-symbol><class-title date-revised="2013-01-01"><title-part><CPC-specific-text><text>using enclosed yeast</text></CPC-specific-text></title-part></class-title></classification-item></classification-item>
<classification-item breakdown-code="false" not-allocatable="false" level="8" additional-only="false" sort-key="C12G1/08" definition-exists="true" ipc-concordant="C12G1/08" c-set-base-allowed="false" c-set-subsequent-allowed="true" date-revised="2013-01-01" status="published"><classification-symbol>C12G1/08</classification-symbol><class-title date-revised="2013-01-01"><title-part><text>Removal of yeast (&quot;degorgeage&quot;)</text></title-part></class-title></classification-item></classification-item>
<classification-item breakdown-code="false" not-allocatable="false" level="7" additional-only="false" sort-key="C12G3/00" definition-exists="true" ipc-concordant="C12G3/00" c-set-base-allowed="false" c-set-subsequent-allowed="true" date-revised="2013-01-01" status="published"><classification-symbol>C12G3/00</classification-symbol><class-title date-revised="2013-01-01"><title-part><text>Preparation of other alcoholic beverages</text></title-part></class-title>
<classification-item breakdown-code="false" not-allocatable="false" level="8" additional-only="false" sort-key="C12G3/005" definition-exists="true" ipc-concordant="C12G3/00" c-set-base-allowed="false" c-set-subsequent-allowed="true" date-revised="2013-01-01" status="published"><classification-symbol>C12G3/005</classification-symbol><class-title date-revised="2013-01-01"><title-part><CPC-specific-text><text>solid or pasty alcoholic beverage-forming compositions</text></CPC-specific-text></title-part></class-title></classification-item>
<classification-item breakdown-code="false" not-allocatable="false" level="8" additional-only="false" sort-key="C12G3/02" definition-exists="true" ipc-concordant="C12G3/02" c-set-base-allowed="false" c-set-subsequent-allowed="true" date-revised="2013-01-01" status="published"><classification-symbol>C12G3/02</classification-symbol><class-title date-revised="2013-01-01"><title-part><text>by straight fermentation</text></title-part></class-title>
<classification-item breakdown-code="false" not-allocatable="false" level="9" additional-only="false" sort-key="C12G3/025" definition-exists="true" ipc-concordant="C12G3/02" c-set-base-allowed="false" c-set-subsequent-allowed="true" date-revised="2013-01-01" status="published"><classification-symbol>C12G3/025</classification-symbol><class-title date-revised="2013-01-01"><title-part><CPC-specific-text><text>Low alcoholic beverages </text><reference><text>produced by after-treatment of fermented solutions <class-ref scheme="cpc">C12G3/08</class-ref></text></reference></CPC-specific-text></title-part></class-title></classification-item></classification-item>
<classification-item breakdown-code="false" not-allocatable="false" level="8" additional-only="false" sort-key="C12G3/04" definition-exists="true" ipc-concordant="C12G3/04" c-set-base-allowed="false" c-set-subsequent-allowed="true" date-revised="2013-01-01" status="published"><classification-symbol>C12G3/04</classification-symbol><class-title date-revised="2013-01-01"><title-part><text>by mixing, e.g. liqueurs</text></title-part></class-title>
<classification-item breakdown-code="false" not-allocatable="false" level="9" additional-only="false" sort-key="C12G3/06" definition-exists="true" ipc-concordant="C12G3/06" c-set-base-allowed="false" c-set-subsequent-allowed="true" date-revised="2013-01-01" status="published"><classification-symbol>C12G3/06</classification-symbol><class-title date-revised="2013-01-01"><title-part><text>with flavouring ingredients</text></title-part></class-title>
<classification-item breakdown-code="false" not-allocatable="false" level="10" additional-only="false" sort-key="C12G3/065" definition-exists="true" ipc-concordant="C12G3/07" c-set-base-allowed="false" c-set-subsequent-allowed="true" date-revised="2013-01-01" status="published"><classification-symbol>C12G3/065</classification-symbol><class-title date-revised="2013-01-01"><title-part><CPC-specific-text><text>Flavouring with wood or wood extract; Pretreatment of the wood used therefor</text></CPC-specific-text></title-part></class-title></classification-item></classification-item></classification-item>
<classification-item breakdown-code="false" not-allocatable="false" level="8" additional-only="false" sort-key="C12G3/08" definition-exists="true" ipc-concordant="C12G3/08" c-set-base-allowed="false" c-set-subsequent-allowed="true" date-revised="2013-01-01" status="published"><classification-symbol>C12G3/08</classification-symbol><class-title date-revised="2013-01-01"><title-part><text>by other methods for varying the composition of fermented solutions, e.g. by reducing the alcohol content</text></title-part></class-title>
<classification-item breakdown-code="false" not-allocatable="false" level="9" additional-only="false" sort-key="C12G3/085" definition-exists="true" ipc-concordant="C12G3/08" c-set-base-allowed="false" c-set-subsequent-allowed="true" date-revised="2013-01-01" status="published"><classification-symbol>C12G3/085</classification-symbol><class-title date-revised="2013-01-01"><title-part><CPC-specific-text><text>using membranes, e.g. by ultra filtration, by dialysis, by osmosis, by inverse osmosis, by electrodialysis</text></CPC-specific-text></title-part></class-title></classification-item>
<classification-item breakdown-code="false" not-allocatable="false" level="9" additional-only="false" sort-key="C12G3/10" definition-exists="true" ipc-concordant="C12G3/10" c-set-base-allowed="false" c-set-subsequent-allowed="true" date-revised="2013-01-01" status="published"><classification-symbol>C12G3/10</classification-symbol><class-title date-revised="2013-01-01"><title-part><text>Increasing the alcohol content</text></title-part></class-title>
<classification-item breakdown-code="false" not-allocatable="false" level="10" additional-only="false" sort-key="C12G3/105" definition-exists="true" ipc-concordant="C12G3/14" c-set-base-allowed="false" c-set-subsequent-allowed="true" date-revised="2013-01-01" status="published"><classification-symbol>C12G3/105</classification-symbol><class-title date-revised="2013-01-01"><title-part><CPC-specific-text><text>by refrigeration and separation of the crystals formed</text></CPC-specific-text></title-part></class-title></classification-item>
<classification-item breakdown-code="false" not-allocatable="false" level="10" additional-only="false" sort-key="C12G3/12" definition-exists="true" ipc-concordant="C12G3/12" c-set-base-allowed="false" c-set-subsequent-allowed="true" date-revised="2013-01-01" status="published"><classification-symbol>C12G3/12</classification-symbol><class-title date-revised="2013-01-01"><title-part><text>by distillation</text></title-part></class-title></classification-item></classification-item></classification-item></classification-item></classification-item>
<classification-item breakdown-code="false" not-allocatable="true" level="6" additional-only="true" sort-key="C12G200/00" date-revised="2013-01-01" status="published"><classification-symbol>C12G2200/00</classification-symbol>
<classification-item breakdown-code="true" not-allocatable="false" level="7" additional-only="true" sort-key="C12G200/00" definition-exists="false" ipc-concordant="CPCONLY" c-set-base-allowed="false" c-set-subsequent-allowed="true" date-revised="2013-01-01" status="published"><classification-symbol>C12G2200/00</classification-symbol><class-title date-revised="2013-01-01"><title-part><text>Special features</text></title-part></class-title>
<classification-item breakdown-code="true" not-allocatable="false" level="8" additional-only="true" sort-key="C12G200/05" definition-exists="false" ipc-concordant="CPCONLY" c-set-base-allowed="false" c-set-subsequent-allowed="true" date-revised="2013-01-01" status="published"><classification-symbol>C12G2200/05</classification-symbol><class-title date-revised="2013-01-01"><title-part><text>Use of particular microorganisms in the preparation of wine</text></title-part></class-title></classification-item>
<classification-item breakdown-code="true" not-allocatable="false" level="8" additional-only="true" sort-key="C12G200/11" definition-exists="false" ipc-concordant="CPCONLY" c-set-base-allowed="false" c-set-subsequent-allowed="true" date-revised="2013-01-01" status="published"><classification-symbol>C12G2200/11</classification-symbol><class-title date-revised="2013-01-01"><title-part><text>Use of genetically modified microorganisms in the preparation of wine</text></title-part></class-title></classification-item>
<classification-item breakdown-code="true" not-allocatable="false" level="8" additional-only="true" sort-key="C12G200/15" definition-exists="false" ipc-concordant="CPCONLY" c-set-base-allowed="false" c-set-subsequent-allowed="true" date-revised="2013-01-01" status="published"><classification-symbol>C12G2200/15</classification-symbol><class-title date-revised="2013-01-01"><title-part><text>Use of particular enzymes in the preparation of wine</text></title-part></class-title></classification-item>
<classification-item breakdown-code="true" not-allocatable="false" level="8" additional-only="true" sort-key="C12G200/21" definition-exists="false" ipc-concordant="CPCONLY" c-set-base-allowed="false" c-set-subsequent-allowed="true" date-revised="2013-01-01" status="published"><classification-symbol>C12G2200/21</classification-symbol><class-title date-revised="2013-01-01"><title-part><text>Wine additives, e.g. flavouring or colouring agents</text></title-part></class-title></classification-item>
<classification-item breakdown-code="true" not-allocatable="false" level="8" additional-only="true" sort-key="C12G200/25" definition-exists="false" ipc-concordant="CPCONLY" c-set-base-allowed="false" c-set-subsequent-allowed="true" date-revised="2013-01-01" status="published"><classification-symbol>C12G2200/25</classification-symbol><class-title date-revised="2013-01-01"><title-part><text>Preparation of wine or sparkling wine in vessels with movable equipment for mixing the content</text></title-part></class-title></classification-item>
<classification-item breakdown-code="true" not-allocatable="false" level="8" additional-only="true" sort-key="C12G200/31" definition-exists="false" ipc-concordant="CPCONLY" c-set-base-allowed="false" c-set-subsequent-allowed="true" date-revised="2013-01-01" status="published"><classification-symbol>C12G2200/31</classification-symbol><class-title date-revised="2013-01-01"><title-part><text>Wine making devices having compact design or adapted for home use</text></title-part></class-title></classification-item></classification-item></classification-item></classification-item></class-scheme>