<?xml version="1.0" encoding="UTF-8"?>
<class-scheme publication-date="2018-02-01" scheme-type="cpc" publication-type="official">
<classification-item breakdown-code="false" not-allocatable="true" level="5" additional-only="false" sort-key="A23P" definition-exists="true" date-revised="2018-01-01" status="published"><classification-symbol>A23P</classification-symbol><class-title date-revised="2018-01-01"><title-part><text>SHAPING OR WORKING OF FOODSTUFFS, NOT FULLY COVERED BY A SINGLE OTHER SUBCLASS</text></title-part></class-title><notes-and-warnings date-revised="2013-01-01"><note type="note"><note-paragraph>Attention is drawn to subclasses <class-ref scheme="cpc">A01J</class-ref>, <class-ref scheme="cpc">A21C</class-ref>, <class-ref scheme="cpc">A22C</class-ref>, <class-ref scheme="cpc">A47J</class-ref>, <class-ref scheme="cpc">B02C</class-ref>, in addition to other subclasses of <class-ref scheme="cpc">A23</class-ref>, in connection with the shaping or working of foodstuffs</note-paragraph></note></notes-and-warnings>
<classification-item breakdown-code="false" not-allocatable="true" level="6" additional-only="false" sort-key="A23P10/00" date-revised="2013-01-01" status="published"><classification-symbol>A23P10/00</classification-symbol>
<classification-item breakdown-code="false" not-allocatable="false" level="7" additional-only="false" sort-key="A23P10/00" definition-exists="true" ipc-concordant="A23P10/00" c-set-base-allowed="false" c-set-subsequent-allowed="true" date-revised="2016-08-01" status="published"><classification-symbol>A23P10/00</classification-symbol><class-title date-revised="2016-08-01"><title-part><text>Shaping or working of foodstuffs characterised by the products</text></title-part></class-title>
<classification-item breakdown-code="false" not-allocatable="false" level="8" additional-only="false" sort-key="A23P10/10" definition-exists="true" ipc-concordant="A23P10/10" c-set-base-allowed="false" c-set-subsequent-allowed="true" date-revised="2016-08-01" status="published"><classification-symbol>A23P10/10</classification-symbol><class-title date-revised="2016-08-01"><title-part><text>Securing foodstuffs on a non-edible supporting member</text></title-part></class-title></classification-item>
<classification-item breakdown-code="false" not-allocatable="false" level="8" additional-only="false" sort-key="A23P10/20" definition-exists="true" ipc-concordant="A23P10/20" c-set-base-allowed="false" c-set-subsequent-allowed="true" date-revised="2016-08-01" status="published"><classification-symbol>A23P10/20</classification-symbol><class-title date-revised="2016-08-01"><title-part><text>Agglomerating</text></title-part><title-part><text>Granulating</text></title-part><title-part><text>Tabletting</text></title-part></class-title>
<classification-item breakdown-code="false" not-allocatable="false" level="9" additional-only="false" sort-key="A23P10/22" definition-exists="false" ipc-concordant="A23P10/22" c-set-base-allowed="false" c-set-subsequent-allowed="true" date-revised="2016-08-01" status="published"><classification-symbol>A23P10/22</classification-symbol><class-title date-revised="2016-08-01"><title-part><text>Agglomeration or granulation with pulverisation of solid particles, e.g. in a free-falling curtain</text></title-part></class-title></classification-item>
<classification-item breakdown-code="false" not-allocatable="false" level="9" additional-only="false" sort-key="A23P10/25" definition-exists="false" ipc-concordant="A23P10/25" c-set-base-allowed="false" c-set-subsequent-allowed="true" date-revised="2016-08-01" status="published"><classification-symbol>A23P10/25</classification-symbol><class-title date-revised="2016-08-01"><title-part><text>Agglomeration or granulation by extrusion or by pressing, e.g. through small holes, through sieves or between surfaces</text></title-part></class-title></classification-item>
<classification-item breakdown-code="false" not-allocatable="false" level="9" additional-only="false" sort-key="A23P10/28" definition-exists="false" ipc-concordant="A23P10/28" c-set-base-allowed="false" c-set-subsequent-allowed="true" date-revised="2016-08-01" status="published"><classification-symbol>A23P10/28</classification-symbol><class-title date-revised="2016-08-01"><title-part><text>Tabletting</text></title-part><title-part><text>Making food bars by compression of a dry powdered mixture</text></title-part></class-title></classification-item></classification-item>
<classification-item breakdown-code="false" not-allocatable="false" level="8" additional-only="false" sort-key="A23P10/30" definition-exists="true" ipc-concordant="A23P10/30" c-set-base-allowed="false" c-set-subsequent-allowed="true" date-revised="2016-08-01" status="published"><classification-symbol>A23P10/30</classification-symbol><class-title date-revised="2016-08-01"><title-part><text>Encapsulation of particles, e.g. foodstuff additives</text></title-part></class-title>
<classification-item breakdown-code="false" not-allocatable="false" level="9" additional-only="false" sort-key="A23P10/35" definition-exists="false" ipc-concordant="A23P10/35" c-set-base-allowed="false" c-set-subsequent-allowed="true" date-revised="2016-08-01" status="published"><classification-symbol>A23P10/35</classification-symbol><class-title date-revised="2016-08-01"><title-part><text>with oils, lipids, monoglycerides or diglycerides</text></title-part></class-title></classification-item></classification-item>
<classification-item breakdown-code="false" not-allocatable="false" level="8" additional-only="false" sort-key="A23P10/40" definition-exists="true" ipc-concordant="A23P10/40" c-set-base-allowed="false" c-set-subsequent-allowed="true" date-revised="2016-08-01" status="published"><classification-symbol>A23P10/40</classification-symbol><class-title date-revised="2016-08-01"><title-part><text>free-flowing powder or instant powder, i.e. powder which is reconstituted rapidly when liquid is added </text><reference><text><class-ref scheme="cpc">A23P10/20</class-ref>, <class-ref scheme="cpc">A23P10/30</class-ref> take precedence</text></reference></title-part></class-title>
<classification-item breakdown-code="false" not-allocatable="false" level="9" additional-only="false" sort-key="A23P10/43" definition-exists="false" ipc-concordant="A23P10/43" c-set-base-allowed="false" c-set-subsequent-allowed="true" date-revised="2016-08-01" status="published"><classification-symbol>A23P10/43</classification-symbol><class-title date-revised="2016-08-01"><title-part><text>using anti-caking agents or agents improving flowability, added during or after formation of the powder</text></title-part></class-title></classification-item>
<classification-item breakdown-code="false" not-allocatable="false" level="9" additional-only="false" sort-key="A23P10/47" definition-exists="false" ipc-concordant="A23P10/47" c-set-base-allowed="false" c-set-subsequent-allowed="true" date-revised="2016-08-01" status="published"><classification-symbol>A23P10/47</classification-symbol><class-title date-revised="2016-08-01"><title-part><text>using additives, e.g. emulsifiers, wetting agents or dust-binding agents</text></title-part></class-title></classification-item></classification-item></classification-item>
<classification-item breakdown-code="false" not-allocatable="false" level="7" additional-only="false" sort-key="A23P20/00" definition-exists="true" ipc-concordant="A23P20/00" c-set-base-allowed="false" c-set-subsequent-allowed="true" date-revised="2016-08-01" status="published"><classification-symbol>A23P20/00</classification-symbol><class-title date-revised="2016-08-01"><title-part><text>Coating of foodstuffs</text></title-part><title-part><text>Coatings therefor</text></title-part><title-part><text>Making laminated, multi-layered, stuffed or hollow foodstuffs</text></title-part></class-title>
<classification-item breakdown-code="false" not-allocatable="false" level="8" additional-only="false" sort-key="A23P20/10" definition-exists="false" ipc-concordant="A23P20/10" c-set-base-allowed="false" c-set-subsequent-allowed="true" date-revised="2016-08-01" status="published"><classification-symbol>A23P20/10</classification-symbol><class-title date-revised="2016-08-01"><title-part><text>Coating with edible coatings, e.g. with oils or fats</text></title-part></class-title>
<classification-item breakdown-code="false" not-allocatable="false" level="9" additional-only="false" sort-key="A23P20/105" definition-exists="false" ipc-concordant="A23P20/10" c-set-base-allowed="false" c-set-subsequent-allowed="true" date-revised="2016-08-01" status="published"><classification-symbol>A23P20/105</classification-symbol><class-title date-revised="2016-08-01"><title-part><CPC-specific-text><text>Coating with compositions containing vegetable or microbial fermentation gums, e.g. cellulose or derivatives; Coating with edible polymers, e.g. polyvinyalcohol</text></CPC-specific-text></title-part></class-title></classification-item>
<classification-item breakdown-code="false" not-allocatable="false" level="9" additional-only="false" sort-key="A23P20/11" definition-exists="false" ipc-concordant="A23P20/10" c-set-base-allowed="false" c-set-subsequent-allowed="true" date-revised="2016-08-01" status="published"><classification-symbol>A23P20/11</classification-symbol><class-title date-revised="2016-08-01"><title-part><CPC-specific-text><text>Coating with compositions containing a majority of oils, fats, mono/diglycerides, fatty acids, mineral oils, waxes or paraffins</text></CPC-specific-text></title-part></class-title></classification-item>
<classification-item breakdown-code="false" not-allocatable="false" level="9" additional-only="false" sort-key="A23P20/12" definition-exists="false" ipc-concordant="A23P20/12" c-set-base-allowed="false" c-set-subsequent-allowed="true" date-revised="2016-08-01" status="published"><classification-symbol>A23P20/12</classification-symbol><class-title date-revised="2016-08-01"><title-part><text>Apparatus for applying powders or particles to foodstuffs, e.g. for breading</text></title-part><title-part><text>Such apparatus combined with means for pre-moistening or battering</text></title-part></class-title>
<classification-item breakdown-code="false" not-allocatable="false" level="10" additional-only="false" sort-key="A23P20/13" definition-exists="false" ipc-concordant="A23P20/13" c-set-base-allowed="false" c-set-subsequent-allowed="true" date-revised="2016-08-01" status="published"><classification-symbol>A23P20/13</classification-symbol><class-title date-revised="2016-08-01"><title-part><text>involving agitation of the foodstuff inside a rotating apparatus, e.g. a drum</text></title-part></class-title></classification-item></classification-item>
<classification-item breakdown-code="false" not-allocatable="false" level="9" additional-only="false" sort-key="A23P20/15" definition-exists="true" ipc-concordant="A23P20/15" c-set-base-allowed="false" c-set-subsequent-allowed="true" date-revised="2016-08-01" status="published"><classification-symbol>A23P20/15</classification-symbol><class-title date-revised="2016-08-01"><title-part><text>Apparatus or processes for coating with liquid or semi-liquid products</text></title-part></class-title><notes-and-warnings><note type="warning"><note-paragraph warning-type="reclass-destination">Group <class-ref scheme="cpc">A23P20/15</class-ref> is incomplete pending reclassification of documents from group <class-ref scheme="cpc">A23P20/18</class-ref>. <br/>Groups <class-ref scheme="cpc">A23P20/15</class-ref> and <class-ref scheme="cpc">A23P20/18</class-ref> should be considered in order to perform a complete search.</note-paragraph></note></notes-and-warnings>
<classification-item breakdown-code="false" not-allocatable="false" level="10" additional-only="false" sort-key="A23P20/17" definition-exists="true" ipc-concordant="A23P20/17" c-set-base-allowed="false" c-set-subsequent-allowed="true" date-revised="2016-08-01" status="published"><classification-symbol>A23P20/17</classification-symbol><class-title date-revised="2016-08-01"><title-part><text>by dipping in a bath</text></title-part></class-title></classification-item>
<classification-item breakdown-code="false" not-allocatable="false" level="10" additional-only="false" sort-key="A23P20/18" definition-exists="true" ipc-concordant="A23P20/18" c-set-base-allowed="false" c-set-subsequent-allowed="true" date-revised="2016-08-01" status="published"><classification-symbol>A23P20/18</classification-symbol><class-title date-revised="2016-08-01"><title-part><text>by spray-coating, fluidised-bed coating or coating by casting </text><reference><text>combined with breading <class-ref scheme="cpc">A23P20/12</class-ref></text></reference></title-part></class-title><notes-and-warnings><note type="warning"><note-paragraph warning-type="reclass-source">Group <class-ref scheme="cpc">A23P20/18</class-ref> is impacted by reclassification of documents from group <class-ref scheme="cpc">A23P20/18</class-ref>. <br/>Groups <class-ref scheme="cpc">A23P20/18</class-ref> and <class-ref scheme="cpc">A23P20/15</class-ref> should be considered in order to perform a complete search.</note-paragraph></note></notes-and-warnings></classification-item></classification-item></classification-item>
<classification-item breakdown-code="false" not-allocatable="false" level="8" additional-only="false" sort-key="A23P20/19" definition-exists="false" ipc-concordant="A23P20/00" c-set-base-allowed="false" c-set-subsequent-allowed="true" date-revised="2016-08-01" status="published"><classification-symbol>A23P20/19</classification-symbol><class-title date-revised="2016-08-01"><title-part><CPC-specific-text><text>Coating with non-edible coatings</text></CPC-specific-text></title-part></class-title></classification-item>
<classification-item breakdown-code="false" not-allocatable="false" level="8" additional-only="false" sort-key="A23P20/20" definition-exists="false" ipc-concordant="A23P20/20" c-set-base-allowed="false" c-set-subsequent-allowed="true" date-revised="2016-08-01" status="published"><classification-symbol>A23P20/20</classification-symbol><class-title date-revised="2016-08-01"><title-part><text>Making of laminated, multi-layered, stuffed or hollow foodstuffs, e.g. by wrapping in preformed edible dough sheets or in edible food containers</text></title-part></class-title>
<classification-item breakdown-code="false" not-allocatable="false" level="9" additional-only="false" sort-key="A23P20/25" definition-exists="false" ipc-concordant="A23P20/25" c-set-base-allowed="false" c-set-subsequent-allowed="true" date-revised="2016-08-01" status="published"><classification-symbol>A23P20/25</classification-symbol><class-title date-revised="2016-08-01"><title-part><text>Filling or stuffing cored food pieces, e.g. combined with coring or making cavities</text></title-part></class-title>
<classification-item breakdown-code="true" not-allocatable="false" level="10" additional-only="true" sort-key="A23P20/251" definition-exists="false" ipc-concordant="A23P20/25" c-set-base-allowed="false" c-set-subsequent-allowed="true" date-revised="2016-08-01" status="published"><classification-symbol>A23P2020/251</classification-symbol><class-title date-revised="2016-08-01"><title-part><CPC-specific-text><text>Tempura batter; Leavened or other aerate batter or coating</text></CPC-specific-text></title-part></class-title></classification-item>
<classification-item breakdown-code="true" not-allocatable="false" level="10" additional-only="true" sort-key="A23P20/253" definition-exists="false" ipc-concordant="A23P20/25" c-set-base-allowed="false" c-set-subsequent-allowed="true" date-revised="2016-08-01" status="published"><classification-symbol>A23P2020/253</classification-symbol><class-title date-revised="2016-08-01"><title-part><CPC-specific-text><text>Coating food items by printing onto them; Printing layers of food products</text></CPC-specific-text></title-part></class-title></classification-item></classification-item></classification-item></classification-item>
<classification-item breakdown-code="false" not-allocatable="false" level="7" additional-only="false" sort-key="A23P30/00" definition-exists="true" ipc-concordant="A23P30/00" c-set-base-allowed="false" c-set-subsequent-allowed="true" date-revised="2016-08-01" status="published"><classification-symbol>A23P30/00</classification-symbol><class-title date-revised="2016-08-01"><title-part><text>Shaping or working of foodstuffs characterised by the process or apparatus </text><reference><text><class-ref scheme="cpc">A23P10/00</class-ref>, <class-ref scheme="cpc">A23P20/00</class-ref> take precedence</text></reference></title-part></class-title>
<classification-item breakdown-code="false" not-allocatable="false" level="8" additional-only="false" sort-key="A23P30/10" definition-exists="false" ipc-concordant="A23P30/10" c-set-base-allowed="false" c-set-subsequent-allowed="true" date-revised="2016-08-01" status="published"><classification-symbol>A23P30/10</classification-symbol><class-title date-revised="2016-08-01"><title-part><text>Moulding</text></title-part></class-title></classification-item>
<classification-item breakdown-code="false" not-allocatable="false" level="8" additional-only="false" sort-key="A23P30/20" definition-exists="true" ipc-concordant="A23P30/20" c-set-base-allowed="false" c-set-subsequent-allowed="true" date-revised="2016-08-01" status="published"><classification-symbol>A23P30/20</classification-symbol><class-title date-revised="2016-08-01"><title-part><text>Extruding</text></title-part></class-title>
<classification-item breakdown-code="false" not-allocatable="false" level="9" additional-only="false" sort-key="A23P30/25" definition-exists="false" ipc-concordant="A23P30/25" c-set-base-allowed="false" c-set-subsequent-allowed="true" date-revised="2016-08-01" status="published"><classification-symbol>A23P30/25</classification-symbol><class-title date-revised="2016-08-01"><title-part><text>Co-extrusion of different foodstuffs</text></title-part></class-title></classification-item></classification-item>
<classification-item breakdown-code="false" not-allocatable="false" level="8" additional-only="false" sort-key="A23P30/30" definition-exists="true" ipc-concordant="A23P30/30" c-set-base-allowed="false" c-set-subsequent-allowed="true" date-revised="2016-08-01" status="published"><classification-symbol>A23P30/30</classification-symbol><class-title date-revised="2016-08-01"><title-part><text>Puffing or expanding</text></title-part></class-title>
<classification-item breakdown-code="false" not-allocatable="false" level="9" additional-only="false" sort-key="A23P30/32" definition-exists="false" ipc-concordant="A23P30/32" c-set-base-allowed="false" c-set-subsequent-allowed="true" date-revised="2016-08-01" status="published"><classification-symbol>A23P30/32</classification-symbol><class-title date-revised="2016-08-01"><title-part><text>by pressure release, e.g. explosion puffing</text></title-part><title-part><text>by vacuum treatment</text></title-part></class-title>
<classification-item breakdown-code="false" not-allocatable="false" level="10" additional-only="false" sort-key="A23P30/34" definition-exists="false" ipc-concordant="A23P30/34" c-set-base-allowed="false" c-set-subsequent-allowed="true" date-revised="2016-08-01" status="published"><classification-symbol>A23P30/34</classification-symbol><class-title date-revised="2016-08-01"><title-part><text>by extrusion-expansion</text></title-part></class-title></classification-item>
<classification-item breakdown-code="false" not-allocatable="false" level="10" additional-only="false" sort-key="A23P30/36" definition-exists="false" ipc-concordant="A23P30/36" c-set-base-allowed="false" c-set-subsequent-allowed="true" date-revised="2016-08-01" status="published"><classification-symbol>A23P30/36</classification-symbol><class-title date-revised="2016-08-01"><title-part><text>in discontinuously working apparatus</text></title-part></class-title></classification-item></classification-item>
<classification-item breakdown-code="false" not-allocatable="false" level="9" additional-only="false" sort-key="A23P30/38" definition-exists="false" ipc-concordant="A23P30/38" c-set-base-allowed="false" c-set-subsequent-allowed="true" date-revised="2016-08-01" status="published"><classification-symbol>A23P30/38</classification-symbol><class-title date-revised="2016-08-01"><title-part><text>by heating </text><reference><text>combined with pressure release or vacuum treatment <class-ref scheme="cpc">A23P30/32</class-ref></text></reference></title-part></class-title></classification-item></classification-item>
<classification-item breakdown-code="false" not-allocatable="false" level="8" additional-only="false" sort-key="A23P30/40" definition-exists="true" ipc-concordant="A23P30/40" c-set-base-allowed="false" c-set-subsequent-allowed="true" date-revised="2016-08-01" status="published"><classification-symbol>A23P30/40</classification-symbol><class-title date-revised="2016-08-01"><title-part><text>Foaming or whipping</text></title-part></class-title>
<classification-item breakdown-code="true" not-allocatable="false" level="9" additional-only="true" sort-key="A23P30/405" definition-exists="false" ipc-concordant="A23P30/40" c-set-base-allowed="false" c-set-subsequent-allowed="true" date-revised="2016-08-01" status="published"><classification-symbol>A23P2030/405</classification-symbol><class-title date-revised="2016-08-01"><title-part><CPC-specific-text><text>Forming foamed food products by sonication</text></CPC-specific-text></title-part></class-title></classification-item></classification-item></classification-item></classification-item></classification-item></class-scheme>