<?xml version="1.0" encoding="UTF-8"?>
<class-scheme publication-date="2018-02-01" scheme-type="cpc" publication-type="official">
<classification-item breakdown-code="false" not-allocatable="true" level="5" additional-only="false" sort-key="B63J" definition-exists="true" date-revised="2016-05-01" status="published"><classification-symbol>B63J</classification-symbol><class-title date-revised="2013-01-01"><title-part><text>AUXILIARIES ON VESSELS</text></title-part></class-title><notes-and-warnings date-revised="2013-01-01"><note type="note"><note-paragraph>In this subclass, the following term is used with the meaning indicated: <subnote type="bullet"><note-paragraph>&quot;auxiliaries&quot; means only apparatus specially arranged for rendering vessels, in general, habitable or operative, insofar as such apparatus is not specifically provided for in another subclass of class <class-ref scheme="cpc">B63</class-ref></note-paragraph></subnote></note-paragraph><note-paragraph> In this subclass, the indexing codes <class-ref scheme="cpc">B63B2201/00</class-ref>&#160;-&#160;<class-ref scheme="cpc">B63B2241/00</class-ref> are to be used for relevant technical information concerning particular or unusual use, materials, design, methods or means.</note-paragraph></note></notes-and-warnings>
<classification-item breakdown-code="false" not-allocatable="true" level="6" additional-only="false" sort-key="B63J1/00" date-revised="2013-01-01" status="published"><classification-symbol>B63J1/00</classification-symbol>
<classification-item breakdown-code="false" not-allocatable="false" level="7" additional-only="false" sort-key="B63J1/00" definition-exists="true" ipc-concordant="B63J1/00" c-set-base-allowed="false" c-set-subsequent-allowed="true" date-revised="2013-01-01" status="published"><classification-symbol>B63J1/00</classification-symbol><class-title date-revised="2013-01-01"><title-part><text>Arrangements of installations for producing fresh water, e.g. by evaporation and condensation of sea water </text><CPC-specific-text><reference><text>treatment of water in general <class-ref scheme="cpc">C02F</class-ref></text></reference></CPC-specific-text></title-part></class-title></classification-item>
<classification-item breakdown-code="false" not-allocatable="false" level="7" additional-only="false" sort-key="B63J2/00" definition-exists="true" ipc-concordant="B63J2/00" c-set-base-allowed="false" c-set-subsequent-allowed="true" date-revised="2013-01-01" status="published"><classification-symbol>B63J2/00</classification-symbol><class-title date-revised="2013-01-01"><title-part><text>Arrangements of ventilation, heating, cooling, or air-conditioning </text><reference><text>for submarines <class-ref scheme="cpc">B63G8/00</class-ref>; ventilating for cleaning tanks <class-ref scheme="cpc">B63B57/04</class-ref>; for vehicles in general <class-ref scheme="cpc">B60H</class-ref></text></reference></title-part></class-title>
<classification-item breakdown-code="true" not-allocatable="false" level="8" additional-only="true" sort-key="B63J2/005" definition-exists="false" ipc-concordant="B63J2/00" c-set-base-allowed="false" c-set-subsequent-allowed="true" date-revised="2013-01-01" status="published"><classification-symbol>B63J2002/005</classification-symbol><class-title date-revised="2013-01-01"><title-part><CPC-specific-text><text>Intakes for coolant medium other than sea chests, e.g. for ambient water</text></CPC-specific-text></title-part></class-title></classification-item>
<classification-item breakdown-code="false" not-allocatable="false" level="8" additional-only="false" sort-key="B63J2/02" definition-exists="false" ipc-concordant="B63J2/02" c-set-base-allowed="false" c-set-subsequent-allowed="true" date-revised="2013-01-01" status="published"><classification-symbol>B63J2/02</classification-symbol><class-title date-revised="2013-01-01"><title-part><text>Ventilation</text></title-part><title-part><text>Air-conditioning</text></title-part></class-title>
<classification-item breakdown-code="false" not-allocatable="false" level="9" additional-only="false" sort-key="B63J2/04" definition-exists="false" ipc-concordant="B63J2/04" c-set-base-allowed="false" c-set-subsequent-allowed="true" date-revised="2013-01-01" status="published"><classification-symbol>B63J2/04</classification-symbol><class-title date-revised="2013-01-01"><title-part><text>of living spaces</text></title-part></class-title></classification-item>
<classification-item breakdown-code="false" not-allocatable="false" level="9" additional-only="false" sort-key="B63J2/06" definition-exists="false" ipc-concordant="B63J2/06" c-set-base-allowed="false" c-set-subsequent-allowed="true" date-revised="2013-01-01" status="published"><classification-symbol>B63J2/06</classification-symbol><class-title date-revised="2013-01-01"><title-part><text>of engine rooms</text></title-part></class-title></classification-item>
<classification-item breakdown-code="false" not-allocatable="false" level="9" additional-only="false" sort-key="B63J2/08" definition-exists="false" ipc-concordant="B63J2/08" c-set-base-allowed="false" c-set-subsequent-allowed="true" date-revised="2013-01-01" status="published"><classification-symbol>B63J2/08</classification-symbol><class-title date-revised="2013-01-01"><title-part><text>of holds </text><reference><text>heating or cooling of liquid-freight-carrying tanks <class-ref scheme="cpc">B63J2/14</class-ref>; arrangements for stowing frozen goods in vessels <class-ref scheme="cpc">B63B25/26</class-ref></text></reference></title-part></class-title></classification-item>
<classification-item breakdown-code="false" not-allocatable="false" level="9" additional-only="false" sort-key="B63J2/10" definition-exists="false" ipc-concordant="B63J2/10" c-set-base-allowed="false" c-set-subsequent-allowed="true" date-revised="2017-08-01" status="published"><classification-symbol>B63J2/10</classification-symbol><class-title date-revised="2017-08-01"><title-part><text>Ventilating-shafts</text></title-part><title-part><text>Air-scoops </text><reference><text>for port-holes <class-ref scheme="cpc">B63B19/04</class-ref></text></reference></title-part></class-title></classification-item></classification-item>
<classification-item breakdown-code="false" not-allocatable="false" level="8" additional-only="false" sort-key="B63J2/12" definition-exists="false" ipc-concordant="B63J2/12" c-set-base-allowed="false" c-set-subsequent-allowed="true" date-revised="2013-01-01" status="published"><classification-symbol>B63J2/12</classification-symbol><class-title date-revised="2013-01-01"><title-part><text>Heating</text></title-part><title-part><text>Cooling</text></title-part></class-title>
<classification-item breakdown-code="true" not-allocatable="false" level="9" additional-only="true" sort-key="B63J2/125" definition-exists="false" ipc-concordant="B63J2/12" c-set-base-allowed="false" c-set-subsequent-allowed="true" date-revised="2013-01-01" status="published"><classification-symbol>B63J2002/125</classification-symbol><class-title date-revised="2013-01-01"><title-part><CPC-specific-text><text>making use of waste energy</text></CPC-specific-text></title-part></class-title></classification-item>
<classification-item breakdown-code="false" not-allocatable="false" level="9" additional-only="false" sort-key="B63J2/14" definition-exists="false" ipc-concordant="B63J2/14" c-set-base-allowed="false" c-set-subsequent-allowed="true" date-revised="2013-01-01" status="published"><classification-symbol>B63J2/14</classification-symbol><class-title date-revised="2013-01-01"><title-part><text>of liquid-freight-carrying tanks</text></title-part></class-title></classification-item></classification-item></classification-item>
<classification-item breakdown-code="false" not-allocatable="false" level="7" additional-only="false" sort-key="B63J3/00" definition-exists="true" ipc-concordant="B63J3/00" c-set-base-allowed="false" c-set-subsequent-allowed="true" date-revised="2017-05-01" status="published"><classification-symbol>B63J3/00</classification-symbol><class-title date-revised="2013-01-01"><title-part><text>Driving of auxiliaries </text><reference><text>transmission elements <u>per se</u> <class-ref scheme="cpc">F16</class-ref></text></reference></title-part></class-title>
<classification-item breakdown-code="true" not-allocatable="false" level="8" additional-only="true" sort-key="B63J3/001" definition-exists="false" ipc-concordant="B63J3/00" c-set-base-allowed="false" c-set-subsequent-allowed="true" date-revised="2013-01-01" status="published"><classification-symbol>B63J2003/001</classification-symbol><class-title date-revised="2013-01-01"><title-part><CPC-specific-text><text>characterised by type of power supply, or power transmission, e.g. by using electric power or steam</text></CPC-specific-text></title-part></class-title>
<classification-item breakdown-code="true" not-allocatable="false" level="9" additional-only="true" sort-key="B63J3/002" definition-exists="false" ipc-concordant="B63J3/00" c-set-base-allowed="false" c-set-subsequent-allowed="true" date-revised="2013-01-01" status="published"><classification-symbol>B63J2003/002</classification-symbol><class-title date-revised="2013-01-01"><title-part><CPC-specific-text><text>by using electric power</text></CPC-specific-text></title-part></class-title>
<classification-item breakdown-code="true" not-allocatable="false" level="10" additional-only="true" sort-key="B63J3/003" definition-exists="false" ipc-concordant="B63J3/00" c-set-base-allowed="false" c-set-subsequent-allowed="true" date-revised="2013-01-01" status="published"><classification-symbol>B63J2003/003</classification-symbol><class-title date-revised="2013-01-01"><title-part><CPC-specific-text><text>using photovoltaic power generation, e.g. using solar panels</text></CPC-specific-text></title-part></class-title></classification-item></classification-item>
<classification-item breakdown-code="true" not-allocatable="false" level="9" additional-only="true" sort-key="B63J3/005" definition-exists="false" ipc-concordant="B63J3/00" c-set-base-allowed="false" c-set-subsequent-allowed="true" date-revised="2013-01-01" status="published"><classification-symbol>B63J2003/005</classification-symbol><class-title date-revised="2013-01-01"><title-part><CPC-specific-text><text>by using mechanical power transmission, e.g. gearings</text></CPC-specific-text></title-part></class-title></classification-item>
<classification-item breakdown-code="true" not-allocatable="false" level="9" additional-only="true" sort-key="B63J3/006" definition-exists="false" ipc-concordant="B63J3/00" c-set-base-allowed="false" c-set-subsequent-allowed="true" date-revised="2013-01-01" status="published"><classification-symbol>B63J2003/006</classification-symbol><class-title date-revised="2013-01-01"><title-part><CPC-specific-text><text>by using hydraulic power transmission</text></CPC-specific-text></title-part></class-title></classification-item>
<classification-item breakdown-code="true" not-allocatable="false" level="9" additional-only="true" sort-key="B63J3/007" definition-exists="false" ipc-concordant="B63J3/00" c-set-base-allowed="false" c-set-subsequent-allowed="true" date-revised="2013-01-01" status="published"><classification-symbol>B63J2003/007</classification-symbol><class-title date-revised="2013-01-01"><title-part><CPC-specific-text><text>by using a gas, other than steam, as power transmission medium, e.g. for pneumatic power transmission</text></CPC-specific-text></title-part></class-title></classification-item>
<classification-item breakdown-code="true" not-allocatable="false" level="9" additional-only="true" sort-key="B63J3/008" definition-exists="false" ipc-concordant="B63J3/00" c-set-base-allowed="false" c-set-subsequent-allowed="true" date-revised="2013-01-01" status="published"><classification-symbol>B63J2003/008</classification-symbol><class-title date-revised="2013-01-01"><title-part><CPC-specific-text><text>by using steam</text></CPC-specific-text></title-part></class-title></classification-item></classification-item>
<classification-item breakdown-code="false" not-allocatable="false" level="8" additional-only="false" sort-key="B63J3/02" definition-exists="false" ipc-concordant="B63J3/02" c-set-base-allowed="false" c-set-subsequent-allowed="true" date-revised="2013-01-01" status="published"><classification-symbol>B63J3/02</classification-symbol><class-title date-revised="2013-01-01"><title-part><text>from propulsion power plant</text></title-part></class-title></classification-item>
<classification-item breakdown-code="false" not-allocatable="false" level="8" additional-only="false" sort-key="B63J3/04" definition-exists="false" ipc-concordant="B63J3/04" c-set-base-allowed="false" c-set-subsequent-allowed="true" date-revised="2013-01-01" status="published"><classification-symbol>B63J3/04</classification-symbol><class-title date-revised="2013-01-01"><title-part><text>from power plant other than propulsion power plant</text></title-part></class-title>
<classification-item breakdown-code="true" not-allocatable="false" level="9" additional-only="true" sort-key="B63J3/043" definition-exists="false" ipc-concordant="B63J3/04" c-set-base-allowed="false" c-set-subsequent-allowed="true" date-revised="2013-01-01" status="published"><classification-symbol>B63J2003/043</classification-symbol><class-title date-revised="2013-01-01"><title-part><CPC-specific-text><text>using shore connectors for electric power supply from shore-borne mains, or other electric energy sources external to the vessel, e.g. for docked, or moored vessels</text></CPC-specific-text></title-part></class-title></classification-item>
<classification-item breakdown-code="true" not-allocatable="false" level="9" additional-only="true" sort-key="B63J3/046" definition-exists="false" ipc-concordant="B63J3/04" c-set-base-allowed="false" c-set-subsequent-allowed="true" date-revised="2013-01-01" status="published"><classification-symbol>B63J2003/046</classification-symbol><class-title date-revised="2013-01-01"><title-part><CPC-specific-text><text>using wind or water driven turbines or impellers for power generation</text></CPC-specific-text></title-part></class-title></classification-item></classification-item></classification-item>
<classification-item breakdown-code="false" not-allocatable="false" level="7" additional-only="false" sort-key="B63J4/00" definition-exists="true" ipc-concordant="B63J4/00" c-set-base-allowed="false" c-set-subsequent-allowed="true" date-revised="2017-05-01" status="published"><classification-symbol>B63J4/00</classification-symbol><class-title date-revised="2013-01-01"><title-part><text>Arrangements of installations for treating </text><CPC-specific-text><text>ballast water,</text></CPC-specific-text><text> waste water, sewage, </text><CPC-specific-text><text>sludge, or refuse</text></CPC-specific-text><text>, or for preventing environmental pollution not otherwise provided for; </text><reference><CPC-specific-text><text>centrifugal bilge-water separators <class-ref scheme="cpc">B04</class-ref>; discharge of refuse, e.g. for ash <class-ref scheme="cpc">B63B17/06</class-ref>; arrangements on tanks for fuel or the like for minimizing pollution by accidents <class-ref scheme="cpc">B63B17/0036</class-ref>, associated with cargo tanks <class-ref scheme="cpc">B63B25/082</class-ref>; vessels for collecting pollution from open water <class-ref scheme="cpc">B63B35/30</class-ref>;</text></CPC-specific-text><text> soil-water discharges <class-ref scheme="cpc">B63B29/16</class-ref>; </text><CPC-specific-text><text>treating waste water, sewage, or sludge, in general, <class-ref scheme="cpc">C02F</class-ref>; cleaning or keeping clear the surface of open water, in general <class-ref scheme="cpc">E02B15/00</class-ref></text></CPC-specific-text></reference></title-part></class-title>
<classification-item breakdown-code="false" not-allocatable="false" level="8" additional-only="false" sort-key="B63J4/002" definition-exists="false" ipc-concordant="B63J4/00" c-set-base-allowed="false" c-set-subsequent-allowed="true" date-revised="2013-01-01" status="published"><classification-symbol>B63J4/002</classification-symbol><class-title date-revised="2013-01-01"><title-part><CPC-specific-text><text>for treating ballast water</text></CPC-specific-text></title-part></class-title></classification-item>
<classification-item breakdown-code="false" not-allocatable="false" level="8" additional-only="false" sort-key="B63J4/004" definition-exists="false" ipc-concordant="B63J4/00" c-set-base-allowed="false" c-set-subsequent-allowed="true" date-revised="2013-01-01" status="published"><classification-symbol>B63J4/004</classification-symbol><class-title date-revised="2013-01-01"><title-part><CPC-specific-text><text>for treating sludge, e.g. tank washing sludge</text></CPC-specific-text></title-part></class-title></classification-item>
<classification-item breakdown-code="false" not-allocatable="false" level="8" additional-only="false" sort-key="B63J4/006" definition-exists="false" ipc-concordant="B63J4/00" c-set-base-allowed="false" c-set-subsequent-allowed="true" date-revised="2013-01-01" status="published"><classification-symbol>B63J4/006</classification-symbol><class-title date-revised="2013-01-01"><title-part><CPC-specific-text><text>for treating waste water or sewage</text></CPC-specific-text></title-part></class-title></classification-item>
<classification-item breakdown-code="true" not-allocatable="false" level="8" additional-only="true" sort-key="B63J4/008" definition-exists="false" ipc-concordant="B63J4/00" c-set-base-allowed="false" c-set-subsequent-allowed="true" date-revised="2013-01-01" status="published"><classification-symbol>B63J2004/008</classification-symbol><class-title date-revised="2013-01-01"><title-part><CPC-specific-text><text>by using dust separation, e.g. during loading</text></CPC-specific-text></title-part></class-title></classification-item></classification-item>
<classification-item breakdown-code="false" not-allocatable="false" level="7" additional-only="false" sort-key="B63J99/00" definition-exists="true" ipc-concordant="B63J99/00" c-set-base-allowed="false" c-set-subsequent-allowed="true" date-revised="2017-05-01" status="published"><classification-symbol>B63J99/00</classification-symbol><class-title date-revised="2013-01-01"><title-part><text>Subject matter not provided for in other groups of this subclass</text></title-part></class-title>
<classification-item breakdown-code="true" not-allocatable="false" level="8" additional-only="true" sort-key="B63J99/001" definition-exists="false" ipc-concordant="B63J99/00" c-set-base-allowed="false" c-set-subsequent-allowed="true" date-revised="2013-01-01" status="published"><classification-symbol>B63J2099/001</classification-symbol><class-title date-revised="2013-01-01"><title-part><CPC-specific-text><text>Burning of transported goods, e.g. fuel, boil-off or refuse</text></CPC-specific-text></title-part></class-title>
<classification-item breakdown-code="true" not-allocatable="false" level="9" additional-only="true" sort-key="B63J99/003" definition-exists="false" ipc-concordant="B63J99/00" c-set-base-allowed="false" c-set-subsequent-allowed="true" date-revised="2013-01-01" status="published"><classification-symbol>B63J2099/003</classification-symbol><class-title date-revised="2013-01-01"><title-part><CPC-specific-text><text>of cargo oil or fuel, or of boil-off gases, e.g. for propulsive purposes</text></CPC-specific-text></title-part></class-title></classification-item>
<classification-item breakdown-code="true" not-allocatable="false" level="9" additional-only="true" sort-key="B63J99/005" definition-exists="false" ipc-concordant="B63J99/00" c-set-base-allowed="false" c-set-subsequent-allowed="true" date-revised="2013-01-01" status="published"><classification-symbol>B63J2099/005</classification-symbol><class-title date-revised="2013-01-01"><title-part><CPC-specific-text><text>of refuse</text></CPC-specific-text></title-part></class-title></classification-item></classification-item>
<classification-item breakdown-code="true" not-allocatable="false" level="8" additional-only="true" sort-key="B63J99/006" definition-exists="false" ipc-concordant="B63J99/00" c-set-base-allowed="false" c-set-subsequent-allowed="true" date-revised="2013-01-01" status="published"><classification-symbol>B63J2099/006</classification-symbol><class-title date-revised="2013-01-01"><title-part><CPC-specific-text><text>Use of computers for particular ship-related tasks, or the like, e.g. for evaluating state variables</text></CPC-specific-text></title-part></class-title>
<classification-item breakdown-code="true" not-allocatable="false" level="9" additional-only="true" sort-key="B63J99/008" definition-exists="false" ipc-concordant="B63J99/00" c-set-base-allowed="false" c-set-subsequent-allowed="true" date-revised="2013-01-01" status="published"><classification-symbol>B63J2099/008</classification-symbol><class-title date-revised="2013-01-01"><title-part><CPC-specific-text><text>for evaluating navigational state variables, e.g. speed, distance, wind parameters, or the like</text></CPC-specific-text></title-part></class-title></classification-item></classification-item></classification-item></classification-item></classification-item></class-scheme>