<?xml version="1.0" encoding="UTF-8"?>
<class-scheme publication-date="2018-02-01" scheme-type="cpc" publication-type="official">
<classification-item breakdown-code="false" not-allocatable="true" level="5" additional-only="false" sort-key="A22B" definition-exists="false" date-revised="2013-01-01" status="published"><classification-symbol>A22B</classification-symbol><class-title date-revised="2013-01-01"><title-part><text>SLAUGHTERING</text></title-part></class-title>
<classification-item breakdown-code="false" not-allocatable="true" level="6" additional-only="false" sort-key="A22B1/00" date-revised="2013-01-01" status="published"><classification-symbol>A22B1/00</classification-symbol>
<classification-item breakdown-code="false" not-allocatable="false" level="7" additional-only="false" sort-key="A22B1/00" definition-exists="true" ipc-concordant="A22B1/00" c-set-base-allowed="false" c-set-subsequent-allowed="true" date-revised="2013-01-01" status="published"><classification-symbol>A22B1/00</classification-symbol><class-title date-revised="2013-01-01"><title-part><text>Apparatus for fettering animals to be slaughtered</text></title-part></class-title></classification-item>
<classification-item breakdown-code="false" not-allocatable="false" level="7" additional-only="false" sort-key="A22B3/00" definition-exists="true" ipc-concordant="A22B3/00" c-set-base-allowed="false" c-set-subsequent-allowed="true" date-revised="2013-01-01" status="published"><classification-symbol>A22B3/00</classification-symbol><class-title date-revised="2013-01-01"><title-part><text>Slaughtering or stunning </text><reference><CPC-specific-text><text>anaesthetising animals <class-ref scheme="cpc">A61D7/04</class-ref></text></CPC-specific-text><text>; cutting in general <class-ref scheme="cpc">B26</class-ref></text></reference></title-part></class-title>
<classification-item breakdown-code="false" not-allocatable="false" level="8" additional-only="false" sort-key="A22B3/005" definition-exists="false" ipc-concordant="A22B3/00" c-set-base-allowed="false" c-set-subsequent-allowed="true" date-revised="2013-01-01" status="published"><classification-symbol>A22B3/005</classification-symbol><class-title date-revised="2013-01-01"><title-part><CPC-specific-text><text>by means of gas</text></CPC-specific-text></title-part></class-title></classification-item>
<classification-item breakdown-code="false" not-allocatable="false" level="8" additional-only="false" sort-key="A22B3/02" definition-exists="true" ipc-concordant="A22B3/02" c-set-base-allowed="false" c-set-subsequent-allowed="true" date-revised="2013-01-01" status="published"><classification-symbol>A22B3/02</classification-symbol><class-title date-revised="2013-01-01"><title-part><text>by means of bolts, e.g. slaughtering pistols, cartridges </text><CPC-specific-text><reference><text>pistols <class-ref scheme="cpc">F41C</class-ref></text></reference></CPC-specific-text></title-part></class-title></classification-item>
<classification-item breakdown-code="false" not-allocatable="false" level="8" additional-only="false" sort-key="A22B3/04" definition-exists="true" ipc-concordant="A22B3/04" c-set-base-allowed="false" c-set-subsequent-allowed="true" date-revised="2013-01-01" status="published"><classification-symbol>A22B3/04</classification-symbol><class-title date-revised="2013-01-01"><title-part><text>Masks for animals to be slaughtered</text></title-part><title-part><text>Masks combined with stunning arrangements</text></title-part></class-title></classification-item>
<classification-item breakdown-code="false" not-allocatable="false" level="8" additional-only="false" sort-key="A22B3/06" definition-exists="true" ipc-concordant="A22B3/06" c-set-base-allowed="false" c-set-subsequent-allowed="true" date-revised="2013-01-01" status="published"><classification-symbol>A22B3/06</classification-symbol><class-title date-revised="2013-01-01"><title-part><text>Slaughtering or stunning by electric current </text><reference><text>electric circuits therefor <class-ref scheme="cpc">H05C</class-ref></text></reference></title-part></class-title></classification-item>
<classification-item breakdown-code="false" not-allocatable="false" level="8" additional-only="false" sort-key="A22B3/08" definition-exists="true" ipc-concordant="A22B3/08" c-set-base-allowed="false" c-set-subsequent-allowed="true" date-revised="2013-01-01" status="published"><classification-symbol>A22B3/08</classification-symbol><class-title date-revised="2013-01-01"><title-part><text>for poultry or fish, e.g. slaughtering pliers, slaughtering shears</text></title-part></class-title>
<classification-item breakdown-code="false" not-allocatable="false" level="9" additional-only="false" sort-key="A22B3/083" definition-exists="false" ipc-concordant="A22B3/08" c-set-base-allowed="false" c-set-subsequent-allowed="true" date-revised="2013-01-01" status="published"><classification-symbol>A22B3/083</classification-symbol><class-title date-revised="2013-01-01"><title-part><CPC-specific-text><text>Stunning devices specially adapted for fish</text></CPC-specific-text></title-part></class-title></classification-item>
<classification-item breakdown-code="false" not-allocatable="false" level="9" additional-only="false" sort-key="A22B3/086" definition-exists="false" ipc-concordant="A22B3/08" c-set-base-allowed="false" c-set-subsequent-allowed="true" date-revised="2013-01-01" status="published"><classification-symbol>A22B3/086</classification-symbol><class-title date-revised="2013-01-01"><title-part><CPC-specific-text><text>Stunning devices specially adapted for poultry</text></CPC-specific-text></title-part></class-title></classification-item></classification-item>
<classification-item breakdown-code="false" not-allocatable="false" level="8" additional-only="false" sort-key="A22B3/10" definition-exists="false" ipc-concordant="A22B3/10" c-set-base-allowed="false" c-set-subsequent-allowed="true" date-revised="2013-01-01" status="published"><classification-symbol>A22B3/10</classification-symbol><class-title date-revised="2013-01-01"><title-part><text>Slaughtering tools</text></title-part><title-part><text>Slaughtering knives</text></title-part></class-title></classification-item>
<classification-item breakdown-code="false" not-allocatable="false" level="8" additional-only="false" sort-key="A22B3/12" definition-exists="true" ipc-concordant="A22B3/12" c-set-base-allowed="false" c-set-subsequent-allowed="true" date-revised="2013-01-01" status="published"><classification-symbol>A22B3/12</classification-symbol><class-title date-revised="2013-01-01"><title-part><text>Kosher slaughtering devices</text></title-part></class-title></classification-item></classification-item>
<classification-item breakdown-code="false" not-allocatable="false" level="7" additional-only="false" sort-key="A22B5/00" definition-exists="true" ipc-concordant="A22B5/00" c-set-base-allowed="false" c-set-subsequent-allowed="true" date-revised="2013-01-01" status="published"><classification-symbol>A22B5/00</classification-symbol><class-title date-revised="2013-01-01"><title-part><text>Accessories for use during or after slaughtering</text></title-part></class-title>
<classification-item breakdown-code="false" not-allocatable="false" level="8" additional-only="false" sort-key="A22B5/0005" definition-exists="true" ipc-concordant="A22B5/00" c-set-base-allowed="false" c-set-subsequent-allowed="true" date-revised="2013-01-01" status="published"><classification-symbol>A22B5/0005</classification-symbol><class-title date-revised="2013-01-01"><title-part><CPC-specific-text><text>Eviscerating devices, e.g. removing rectum, anus, intestines, brain tissue, hypophysis </text><reference><text>for poultry <class-ref scheme="cpc">A22C21/06</class-ref>; for fish <class-ref scheme="cpc">A22C25/14</class-ref></text></reference></CPC-specific-text></title-part></class-title>
<classification-item breakdown-code="true" not-allocatable="false" level="9" additional-only="true" sort-key="A22B5/0011" definition-exists="false" ipc-concordant="A22B5/00" c-set-base-allowed="false" c-set-subsequent-allowed="true" date-revised="2013-01-01" status="published"><classification-symbol>A22B2005/0011</classification-symbol><class-title date-revised="2013-01-01"><title-part><CPC-specific-text><text>Means for closing or removing the vent, rectum, anus or claoca of carcasses</text></CPC-specific-text></title-part></class-title></classification-item></classification-item>
<classification-item breakdown-code="false" not-allocatable="false" level="8" additional-only="false" sort-key="A22B5/0017" definition-exists="true" ipc-concordant="A22B5/00" c-set-base-allowed="false" c-set-subsequent-allowed="true" date-revised="2013-01-01" status="published"><classification-symbol>A22B5/0017</classification-symbol><class-title date-revised="2013-01-01"><title-part><CPC-specific-text><text>Apparatus for cutting, dividing or deboning carcasses</text></CPC-specific-text></title-part></class-title>
<classification-item breakdown-code="false" not-allocatable="false" level="9" additional-only="false" sort-key="A22B5/0023" definition-exists="true" ipc-concordant="A22B5/00" c-set-base-allowed="false" c-set-subsequent-allowed="true" date-revised="2013-01-01" status="published"><classification-symbol>A22B5/0023</classification-symbol><class-title date-revised="2013-01-01"><title-part><CPC-specific-text><text>Cutting open the abdominal cavity of a carcass</text></CPC-specific-text></title-part></class-title></classification-item>
<classification-item breakdown-code="false" not-allocatable="false" level="9" additional-only="false" sort-key="A22B5/0029" definition-exists="true" ipc-concordant="A22B5/00" c-set-base-allowed="false" c-set-subsequent-allowed="true" date-revised="2013-01-01" status="published"><classification-symbol>A22B5/0029</classification-symbol><class-title date-revised="2013-01-01"><title-part><CPC-specific-text><text>Cutting through or detaching portions of a carcass </text><reference><text>splitting carcasses <class-ref scheme="cpc">A22B5/20</class-ref></text></reference></CPC-specific-text></title-part></class-title></classification-item>
<classification-item breakdown-code="false" not-allocatable="false" level="9" additional-only="false" sort-key="A22B5/0035" definition-exists="true" ipc-concordant="A22B5/00" c-set-base-allowed="false" c-set-subsequent-allowed="true" date-revised="2013-01-01" status="published"><classification-symbol>A22B5/0035</classification-symbol><class-title date-revised="2013-01-01"><title-part><CPC-specific-text><text>Deboning or obtaining boneless pieces of meat from a carcass </text><reference><text>devices for deboning meat <class-ref scheme="cpc">A22C17/004</class-ref></text></reference></CPC-specific-text></title-part></class-title></classification-item>
<classification-item breakdown-code="false" not-allocatable="false" level="9" additional-only="false" sort-key="A22B5/0041" definition-exists="true" ipc-concordant="A22B5/00" c-set-base-allowed="false" c-set-subsequent-allowed="true" date-revised="2013-01-01" status="published"><classification-symbol>A22B5/0041</classification-symbol><class-title date-revised="2013-01-01"><title-part><CPC-specific-text><text>Electronic, robotic or computer assisted cutting, dividing or deboning carcasses</text></CPC-specific-text></title-part></class-title></classification-item>
<classification-item breakdown-code="false" not-allocatable="false" level="9" additional-only="false" sort-key="A22B5/0047" definition-exists="true" ipc-concordant="A22B5/00" c-set-base-allowed="false" c-set-subsequent-allowed="true" date-revised="2013-01-01" status="published"><classification-symbol>A22B5/0047</classification-symbol><class-title date-revised="2013-01-01"><title-part><CPC-specific-text><text>Hand-tools for deboning, cutting or dividing carcasses</text></CPC-specific-text></title-part></class-title></classification-item>
<classification-item breakdown-code="false" not-allocatable="false" level="9" additional-only="false" sort-key="A22B5/0052" definition-exists="true" ipc-concordant="A22B5/00" c-set-base-allowed="false" c-set-subsequent-allowed="true" date-revised="2013-01-01" status="published"><classification-symbol>A22B5/0052</classification-symbol><class-title date-revised="2013-01-01"><title-part><CPC-specific-text><text>Severing the head or the jaw of a carcass, slaughterhouse operations on animal heads</text></CPC-specific-text></title-part></class-title></classification-item>
<classification-item breakdown-code="false" not-allocatable="false" level="9" additional-only="false" sort-key="A22B5/0058" definition-exists="true" ipc-concordant="A22B5/00" c-set-base-allowed="false" c-set-subsequent-allowed="true" date-revised="2013-01-01" status="published"><classification-symbol>A22B5/0058</classification-symbol><class-title date-revised="2013-01-01"><title-part><CPC-specific-text><text>Removing feet or hooves from carcasses</text></CPC-specific-text></title-part></class-title></classification-item></classification-item>
<classification-item breakdown-code="false" not-allocatable="false" level="8" additional-only="false" sort-key="A22B5/0064" definition-exists="true" ipc-concordant="A22B5/00" c-set-base-allowed="false" c-set-subsequent-allowed="true" date-revised="2013-01-01" status="published"><classification-symbol>A22B5/0064</classification-symbol><class-title date-revised="2013-01-01"><title-part><CPC-specific-text><text>for classifying or grading carcasses; for measuring back fat</text></CPC-specific-text></title-part></class-title>
<classification-item breakdown-code="false" not-allocatable="false" level="9" additional-only="false" sort-key="A22B5/007" definition-exists="false" ipc-concordant="A22B5/00" c-set-base-allowed="false" c-set-subsequent-allowed="true" date-revised="2016-08-01" status="published"><classification-symbol>A22B5/007</classification-symbol><class-title date-revised="2016-08-01"><title-part><CPC-specific-text><text>Non-invasive scanning of carcasses, e.g. using image recognition, tomography, X-rays, ultrasound </text><reference><text>analysing meat, e.g. search for foreign embedded objects <class-ref scheme="cpc">G01N33/12</class-ref>; image analysis <class-ref scheme="cpc">G06T7/00</class-ref></text></reference></CPC-specific-text></title-part></class-title></classification-item></classification-item>
<classification-item breakdown-code="false" not-allocatable="false" level="8" additional-only="false" sort-key="A22B5/0076" definition-exists="false" ipc-concordant="A22B5/00" c-set-base-allowed="false" c-set-subsequent-allowed="true" date-revised="2013-01-01" status="published"><classification-symbol>A22B5/0076</classification-symbol><class-title date-revised="2013-01-01"><title-part><CPC-specific-text><text>Chilling or lowering the temperature of carcasses</text></CPC-specific-text></title-part></class-title></classification-item>
<classification-item breakdown-code="false" not-allocatable="false" level="8" additional-only="false" sort-key="A22B5/0082" definition-exists="false" ipc-concordant="A22B5/00" c-set-base-allowed="false" c-set-subsequent-allowed="true" date-revised="2013-01-01" status="published"><classification-symbol>A22B5/0082</classification-symbol><class-title date-revised="2013-01-01"><title-part><CPC-specific-text><text>Cleaning, washing or disinfecting carcasses </text><reference><text>disinfecting poultry carcasses <class-ref scheme="cpc">A22C21/0061</class-ref></text></reference></CPC-specific-text></title-part></class-title></classification-item>
<classification-item breakdown-code="false" not-allocatable="false" level="8" additional-only="false" sort-key="A22B5/0088" definition-exists="false" ipc-concordant="A22B5/00" c-set-base-allowed="false" c-set-subsequent-allowed="true" date-revised="2013-01-01" status="published"><classification-symbol>A22B5/0088</classification-symbol><class-title date-revised="2013-01-01"><title-part><CPC-specific-text><text>Electric stimulation of carcasses</text></CPC-specific-text></title-part></class-title></classification-item>
<classification-item breakdown-code="false" not-allocatable="false" level="8" additional-only="false" sort-key="A22B5/0094" definition-exists="false" ipc-concordant="A22B5/00" c-set-base-allowed="false" c-set-subsequent-allowed="true" date-revised="2013-01-01" status="published"><classification-symbol>A22B5/0094</classification-symbol><class-title date-revised="2013-01-01"><title-part><CPC-specific-text><text>Cutting or blocking the rectum of a carcass, e.g. for avoiding fecal contamination</text></CPC-specific-text></title-part></class-title></classification-item>
<classification-item breakdown-code="false" not-allocatable="false" level="8" additional-only="false" sort-key="A22B5/02" definition-exists="true" ipc-concordant="A22B5/02" c-set-base-allowed="false" c-set-subsequent-allowed="true" date-revised="2013-01-01" status="published"><classification-symbol>A22B5/02</classification-symbol><class-title date-revised="2013-01-01"><title-part><text>Slaughtering pens</text></title-part></class-title></classification-item>
<classification-item breakdown-code="false" not-allocatable="false" level="8" additional-only="false" sort-key="A22B5/04" definition-exists="true" ipc-concordant="A22B5/04" c-set-base-allowed="false" c-set-subsequent-allowed="true" date-revised="2013-01-01" status="published"><classification-symbol>A22B5/04</classification-symbol><class-title date-revised="2013-01-01"><title-part><text>Blood-collecting apparatus</text></title-part><title-part><text>Blood-stirring devices</text></title-part></class-title></classification-item>
<classification-item breakdown-code="false" not-allocatable="false" level="8" additional-only="false" sort-key="A22B5/06" definition-exists="true" ipc-concordant="A22B5/06" c-set-base-allowed="false" c-set-subsequent-allowed="true" date-revised="2013-01-01" status="published"><classification-symbol>A22B5/06</classification-symbol><class-title date-revised="2013-01-01"><title-part><text>Slaughtering stands or spreaders for cattle</text></title-part></class-title></classification-item>
<classification-item breakdown-code="false" not-allocatable="false" level="8" additional-only="false" sort-key="A22B5/08" definition-exists="true" ipc-concordant="A22B5/08" c-set-base-allowed="false" c-set-subsequent-allowed="true" date-revised="2013-01-01" status="published"><classification-symbol>A22B5/08</classification-symbol><class-title date-revised="2013-01-01"><title-part><text>Scalding</text></title-part><title-part><text>Scraping</text></title-part><title-part><text>Dehairing</text></title-part><title-part><text>Singeing </text><reference><text>treatment of hides or skins <class-ref scheme="cpc">C14B</class-ref></text></reference></title-part></class-title>
<classification-item breakdown-code="false" not-allocatable="false" level="9" additional-only="false" sort-key="A22B5/10" definition-exists="false" ipc-concordant="A22B5/10" c-set-base-allowed="false" c-set-subsequent-allowed="true" date-revised="2013-01-01" status="published"><classification-symbol>A22B5/10</classification-symbol><class-title date-revised="2013-01-01"><title-part><text>Hand-operated instruments</text></title-part></class-title></classification-item>
<classification-item breakdown-code="false" not-allocatable="false" level="9" additional-only="false" sort-key="A22B5/12" definition-exists="false" ipc-concordant="A22B5/12" c-set-base-allowed="false" c-set-subsequent-allowed="true" date-revised="2013-01-01" status="published"><classification-symbol>A22B5/12</classification-symbol><class-title date-revised="2013-01-01"><title-part><text>Scalding kettles</text></title-part></class-title></classification-item></classification-item>
<classification-item breakdown-code="false" not-allocatable="false" level="8" additional-only="false" sort-key="A22B5/14" definition-exists="true" ipc-concordant="A22B5/14" c-set-base-allowed="false" c-set-subsequent-allowed="true" date-revised="2013-01-01" status="published"><classification-symbol>A22B5/14</classification-symbol><class-title date-revised="2013-01-01"><title-part><text>Clips for the tongue</text></title-part><title-part><text>Arrangements for closing the throat</text></title-part></class-title></classification-item>
<classification-item breakdown-code="false" not-allocatable="false" level="8" additional-only="false" sort-key="A22B5/16" definition-exists="true" ipc-concordant="A22B5/16" c-set-base-allowed="false" c-set-subsequent-allowed="true" date-revised="2013-01-01" status="published"><classification-symbol>A22B5/16</classification-symbol><class-title date-revised="2013-01-01"><title-part><text>Skinning instruments or knives</text></title-part></class-title>
<classification-item breakdown-code="false" not-allocatable="false" level="9" additional-only="false" sort-key="A22B5/161" definition-exists="true" ipc-concordant="A22B5/16" c-set-base-allowed="false" c-set-subsequent-allowed="true" date-revised="2013-01-01" status="published"><classification-symbol>A22B5/161</classification-symbol><class-title date-revised="2013-01-01"><title-part><CPC-specific-text><text>Methods or means for pulling the hide from carcasses</text></CPC-specific-text></title-part></class-title></classification-item>
<classification-item breakdown-code="false" not-allocatable="false" level="9" additional-only="false" sort-key="A22B5/163" definition-exists="true" ipc-concordant="A22B5/16" c-set-base-allowed="false" c-set-subsequent-allowed="true" date-revised="2013-01-01" status="published"><classification-symbol>A22B5/163</classification-symbol><class-title date-revised="2013-01-01"><title-part><CPC-specific-text><text>Skinning knives with disc-shaped blades </text><reference><text>disc cutters <class-ref scheme="cpc">B26D1/14</class-ref>; motor-driven hand tools with disc blades <class-ref scheme="cpc">B26B25/00</class-ref></text></reference></CPC-specific-text></title-part></class-title></classification-item>
<classification-item breakdown-code="false" not-allocatable="false" level="9" additional-only="false" sort-key="A22B5/165" definition-exists="true" ipc-concordant="A22B5/16" c-set-base-allowed="false" c-set-subsequent-allowed="true" date-revised="2013-01-01" status="published"><classification-symbol>A22B5/165</classification-symbol><class-title date-revised="2013-01-01"><title-part><CPC-specific-text><text>Ring knives specially adapted for skinning </text><reference><text>motor driven tools with annular blades <class-ref scheme="cpc">B26B25/002</class-ref></text></reference></CPC-specific-text></title-part></class-title></classification-item>
<classification-item breakdown-code="false" not-allocatable="false" level="9" additional-only="false" sort-key="A22B5/166" definition-exists="true" ipc-concordant="A22B5/16" c-set-base-allowed="false" c-set-subsequent-allowed="true" date-revised="2013-01-01" status="published"><classification-symbol>A22B5/166</classification-symbol><class-title date-revised="2013-01-01"><title-part><CPC-specific-text><text>Drum skinners</text></CPC-specific-text></title-part></class-title></classification-item>
<classification-item breakdown-code="false" not-allocatable="false" level="9" additional-only="false" sort-key="A22B5/168" definition-exists="true" ipc-concordant="A22B5/16" c-set-base-allowed="false" c-set-subsequent-allowed="true" date-revised="2013-01-01" status="published"><classification-symbol>A22B5/168</classification-symbol><class-title date-revised="2013-01-01"><title-part><CPC-specific-text><text>Hand tools specially adapted for skinning carcasses</text></CPC-specific-text></title-part></class-title></classification-item></classification-item>
<classification-item breakdown-code="false" not-allocatable="false" level="8" additional-only="false" sort-key="A22B5/18" definition-exists="true" ipc-concordant="A22B5/18" c-set-base-allowed="false" c-set-subsequent-allowed="true" date-revised="2013-01-01" status="published"><classification-symbol>A22B5/18</classification-symbol><class-title date-revised="2013-01-01"><title-part><text>Cleaning the stomach of slaughtered animals</text></title-part></class-title></classification-item>
<classification-item breakdown-code="false" not-allocatable="false" level="8" additional-only="false" sort-key="A22B5/20" definition-exists="true" ipc-concordant="A22B5/20" c-set-base-allowed="false" c-set-subsequent-allowed="true" date-revised="2013-01-01" status="published"><classification-symbol>A22B5/20</classification-symbol><class-title date-revised="2013-01-01"><title-part><text>Splitting instruments </text><CPC-specific-text><reference><text>cutting operations on carcasses other than splitting <class-ref scheme="cpc">A22B5/0017</class-ref></text></reference></CPC-specific-text></title-part></class-title>
<classification-item breakdown-code="false" not-allocatable="false" level="9" additional-only="false" sort-key="A22B5/201" definition-exists="false" ipc-concordant="A22B5/20" c-set-base-allowed="false" c-set-subsequent-allowed="true" date-revised="2013-01-01" status="published"><classification-symbol>A22B5/201</classification-symbol><class-title date-revised="2013-01-01"><title-part><CPC-specific-text><text>Removing the spinal cord or other nervous tissues</text></CPC-specific-text></title-part></class-title></classification-item>
<classification-item breakdown-code="false" not-allocatable="false" level="9" additional-only="false" sort-key="A22B5/202" definition-exists="false" ipc-concordant="A22B5/20" c-set-base-allowed="false" c-set-subsequent-allowed="true" date-revised="2013-01-01" status="published"><classification-symbol>A22B5/202</classification-symbol><class-title date-revised="2013-01-01"><title-part><CPC-specific-text><text>Guides or devices for holding the carcass during the splitting operation</text></CPC-specific-text></title-part></class-title></classification-item>
<classification-item breakdown-code="false" not-allocatable="false" level="9" additional-only="false" sort-key="A22B5/203" definition-exists="false" ipc-concordant="A22B5/20" c-set-base-allowed="false" c-set-subsequent-allowed="true" date-revised="2017-08-01" status="published"><classification-symbol>A22B5/203</classification-symbol><class-title date-revised="2017-08-01"><title-part><CPC-specific-text><text>Meat or bone saws for splitting carcasses </text><reference><text>cutting meat <class-ref scheme="cpc">A22C17/0006</class-ref></text></reference></CPC-specific-text></title-part></class-title>
<classification-item breakdown-code="false" not-allocatable="false" level="10" additional-only="false" sort-key="A22B5/205" definition-exists="false" ipc-concordant="A22B5/20" c-set-base-allowed="false" c-set-subsequent-allowed="true" date-revised="2013-01-01" status="published"><classification-symbol>A22B5/205</classification-symbol><class-title date-revised="2013-01-01"><title-part><CPC-specific-text><text>Manual saws</text></CPC-specific-text></title-part></class-title></classification-item>
<classification-item breakdown-code="false" not-allocatable="false" level="10" additional-only="false" sort-key="A22B5/206" definition-exists="false" ipc-concordant="A22B5/20" c-set-base-allowed="false" c-set-subsequent-allowed="true" date-revised="2013-01-01" status="published"><classification-symbol>A22B5/206</classification-symbol><class-title date-revised="2013-01-01"><title-part><CPC-specific-text><text>Disc or circular saws </text><reference><text>motor-driven hand tools with disc blades <class-ref scheme="cpc">B26B25/00</class-ref>; for skinning <class-ref scheme="cpc">A22B5/163</class-ref></text></reference></CPC-specific-text></title-part></class-title></classification-item>
<classification-item breakdown-code="false" not-allocatable="false" level="10" additional-only="false" sort-key="A22B5/207" definition-exists="false" ipc-concordant="A22B5/20" c-set-base-allowed="false" c-set-subsequent-allowed="true" date-revised="2013-01-01" status="published"><classification-symbol>A22B5/207</classification-symbol><class-title date-revised="2013-01-01"><title-part><CPC-specific-text><text>Reciprocating, percussion or hydraulic cutting means</text></CPC-specific-text></title-part></class-title></classification-item>
<classification-item breakdown-code="false" not-allocatable="false" level="10" additional-only="false" sort-key="A22B5/208" definition-exists="false" ipc-concordant="A22B5/20" c-set-base-allowed="false" c-set-subsequent-allowed="true" date-revised="2013-01-01" status="published"><classification-symbol>A22B5/208</classification-symbol><class-title date-revised="2013-01-01"><title-part><CPC-specific-text><text>Band saws</text></CPC-specific-text></title-part></class-title></classification-item></classification-item></classification-item></classification-item>
<classification-item breakdown-code="false" not-allocatable="false" level="7" additional-only="false" sort-key="A22B7/00" definition-exists="true" ipc-concordant="A22B7/00" c-set-base-allowed="false" c-set-subsequent-allowed="true" date-revised="2013-01-01" status="published"><classification-symbol>A22B7/00</classification-symbol><class-title date-revised="2013-01-01"><title-part><text>Slaughterhouse arrangements</text></title-part></class-title>
<classification-item breakdown-code="false" not-allocatable="false" level="8" additional-only="false" sort-key="A22B7/001" definition-exists="false" ipc-concordant="A22B7/00" c-set-base-allowed="false" c-set-subsequent-allowed="true" date-revised="2013-01-01" status="published"><classification-symbol>A22B7/001</classification-symbol><class-title date-revised="2013-01-01"><title-part><CPC-specific-text><text>Conveying arrangements</text></CPC-specific-text></title-part></class-title>
<classification-item breakdown-code="false" not-allocatable="false" level="9" additional-only="false" sort-key="A22B7/002" definition-exists="false" ipc-concordant="A22B7/00" c-set-base-allowed="false" c-set-subsequent-allowed="true" date-revised="2013-01-01" status="published"><classification-symbol>A22B7/002</classification-symbol><class-title date-revised="2013-01-01"><title-part><CPC-specific-text><text>Devices for hanging animal carcasses while being conveyed or stored, e.g. gambrels, hooks</text></CPC-specific-text></title-part></class-title></classification-item>
<classification-item breakdown-code="false" not-allocatable="false" level="9" additional-only="false" sort-key="A22B7/003" definition-exists="false" ipc-concordant="A22B7/00" c-set-base-allowed="false" c-set-subsequent-allowed="true" date-revised="2016-05-01" status="published"><classification-symbol>A22B7/003</classification-symbol><class-title date-revised="2016-05-01"><title-part><CPC-specific-text><text>Positioning, orienting or supporting carcasses as they are being conveyed </text><reference><text>influencing the position of articles during transit by conveyors <class-ref scheme="cpc">B65G47/22</class-ref>; during feeding <class-ref scheme="cpc">B65G47/14</class-ref></text></reference></CPC-specific-text></title-part></class-title></classification-item>
<classification-item breakdown-code="false" not-allocatable="false" level="9" additional-only="false" sort-key="A22B7/004" definition-exists="false" ipc-concordant="A22B7/00" c-set-base-allowed="false" c-set-subsequent-allowed="true" date-revised="2013-01-01" status="published"><classification-symbol>A22B7/004</classification-symbol><class-title date-revised="2013-01-01"><title-part><CPC-specific-text><text>Rails for conveying suspended carcasses, e.g. configurations, connections </text><reference><text>overhead conveyors <class-ref scheme="cpc">B65G17/20</class-ref></text></reference></CPC-specific-text></title-part></class-title></classification-item>
<classification-item breakdown-code="false" not-allocatable="false" level="9" additional-only="false" sort-key="A22B7/005" definition-exists="false" ipc-concordant="A22B7/00" c-set-base-allowed="false" c-set-subsequent-allowed="true" date-revised="2016-05-01" status="published"><classification-symbol>A22B7/005</classification-symbol><class-title date-revised="2016-05-01"><title-part><CPC-specific-text><text>Means for transferring carcasses from a conveying unit to a different one, e.g. hooking, unhooking </text><reference><text>transferring articles between conveyors <class-ref scheme="cpc">B65G47/52</class-ref></text></reference></CPC-specific-text></title-part></class-title></classification-item>
<classification-item breakdown-code="false" not-allocatable="false" level="9" additional-only="false" sort-key="A22B7/006" definition-exists="false" ipc-concordant="A22B7/00" c-set-base-allowed="false" c-set-subsequent-allowed="true" date-revised="2013-01-01" status="published"><classification-symbol>A22B7/006</classification-symbol><class-title date-revised="2013-01-01"><title-part><CPC-specific-text><text>Trolleys or special vehicles for carcass transportation</text></CPC-specific-text></title-part></class-title></classification-item>
<classification-item breakdown-code="false" not-allocatable="false" level="9" additional-only="false" sort-key="A22B7/007" definition-exists="false" ipc-concordant="A22B7/00" c-set-base-allowed="false" c-set-subsequent-allowed="true" date-revised="2013-01-01" status="published"><classification-symbol>A22B7/007</classification-symbol><class-title date-revised="2013-01-01"><title-part><CPC-specific-text><text>Means containing information relative to the carcass that can be attached to or are embedded in the conveying means</text></CPC-specific-text></title-part></class-title></classification-item></classification-item>
<classification-item breakdown-code="false" not-allocatable="false" level="8" additional-only="false" sort-key="A22B7/008" definition-exists="true" ipc-concordant="A22B7/00" c-set-base-allowed="false" c-set-subsequent-allowed="true" date-revised="2013-01-01" status="published"><classification-symbol>A22B7/008</classification-symbol><class-title date-revised="2013-01-01"><title-part><CPC-specific-text><text>for temporary storage, disposal, cooling or removal of cadavers, carrion, offal or similar slaughterhouse waste</text></CPC-specific-text></title-part></class-title></classification-item></classification-item></classification-item></classification-item></class-scheme>