<?xml version="1.0" encoding="UTF-8"?>
<class-scheme publication-date="2018-02-01" scheme-type="cpc" publication-type="official">
<classification-item breakdown-code="false" not-allocatable="true" level="5" additional-only="false" sort-key="A41C" definition-exists="true" date-revised="2013-01-01" status="published"><classification-symbol>A41C</classification-symbol><class-title date-revised="2013-01-01"><title-part><text>CORSETS</text></title-part><title-part><text>BRASSIERES</text></title-part></class-title>
<classification-item breakdown-code="false" not-allocatable="true" level="6" additional-only="false" sort-key="A41C1/00" date-revised="2013-01-01" status="published"><classification-symbol>A41C1/00</classification-symbol>
<classification-item breakdown-code="false" not-allocatable="false" level="7" additional-only="false" sort-key="A41C1/00" definition-exists="true" ipc-concordant="A41C1/00" c-set-base-allowed="false" c-set-subsequent-allowed="true" date-revised="2018-02-01" status="published"><classification-symbol>A41C1/00</classification-symbol><class-title date-revised="2018-02-01"><title-part><text>Corsets or girdles</text></title-part></class-title>
<classification-item breakdown-code="false" not-allocatable="false" level="8" additional-only="false" sort-key="A41C1/003" definition-exists="true" ipc-concordant="A41C1/00" c-set-base-allowed="false" c-set-subsequent-allowed="true" date-revised="2013-01-01" status="published"><classification-symbol>A41C1/003</classification-symbol><class-title date-revised="2013-01-01"><title-part><CPC-specific-text><text>Panty-girdles</text></CPC-specific-text></title-part></class-title></classification-item>
<classification-item breakdown-code="false" not-allocatable="false" level="8" additional-only="false" sort-key="A41C1/006" definition-exists="true" ipc-concordant="A41C1/00" c-set-base-allowed="false" c-set-subsequent-allowed="true" date-revised="2013-01-01" status="published"><classification-symbol>A41C1/006</classification-symbol><class-title date-revised="2013-01-01"><title-part><CPC-specific-text><text>Corsets or girdles provided with means preventing the riding-up of the garment</text></CPC-specific-text></title-part></class-title></classification-item>
<classification-item breakdown-code="false" not-allocatable="false" level="8" additional-only="false" sort-key="A41C1/02" definition-exists="true" ipc-concordant="A41C1/02" c-set-base-allowed="false" c-set-subsequent-allowed="true" date-revised="2013-01-01" status="published"><classification-symbol>A41C1/02</classification-symbol><class-title date-revised="2013-01-01"><title-part><text>Elastic corsets</text></title-part></class-title>
<classification-item breakdown-code="false" not-allocatable="false" level="9" additional-only="false" sort-key="A41C1/04" definition-exists="false" ipc-concordant="A41C1/04" c-set-base-allowed="false" c-set-subsequent-allowed="true" date-revised="2013-01-01" status="published"><classification-symbol>A41C1/04</classification-symbol><class-title date-revised="2013-01-01"><title-part><text>made of rubber</text></title-part></class-title></classification-item></classification-item>
<classification-item breakdown-code="false" not-allocatable="false" level="8" additional-only="false" sort-key="A41C1/06" definition-exists="true" ipc-concordant="A41C1/06" c-set-base-allowed="false" c-set-subsequent-allowed="true" date-revised="2013-01-01" status="published"><classification-symbol>A41C1/06</classification-symbol><class-title date-revised="2013-01-01"><title-part><text>with brassieres</text></title-part></class-title></classification-item>
<classification-item breakdown-code="false" not-allocatable="false" level="8" additional-only="false" sort-key="A41C1/08" definition-exists="true" ipc-concordant="A41C1/08" c-set-base-allowed="false" c-set-subsequent-allowed="true" date-revised="2013-01-01" status="published"><classification-symbol>A41C1/08</classification-symbol><class-title date-revised="2013-01-01"><title-part><text>Abdominal supports</text></title-part></class-title>
<classification-item breakdown-code="false" not-allocatable="false" level="9" additional-only="false" sort-key="A41C1/10" definition-exists="true" ipc-concordant="A41C1/10" c-set-base-allowed="false" c-set-subsequent-allowed="true" date-revised="2013-01-01" status="published"><classification-symbol>A41C1/10</classification-symbol><class-title date-revised="2013-01-01"><title-part><text>Maternity corsets</text></title-part></class-title></classification-item></classification-item>
<classification-item breakdown-code="false" not-allocatable="false" level="8" additional-only="false" sort-key="A41C1/12" definition-exists="true" ipc-concordant="A41C1/12" c-set-base-allowed="false" c-set-subsequent-allowed="true" date-revised="2013-01-01" status="published"><classification-symbol>A41C1/12</classification-symbol><class-title date-revised="2013-01-01"><title-part><text>Component parts</text></title-part></class-title>
<classification-item breakdown-code="false" not-allocatable="false" level="9" additional-only="false" sort-key="A41C1/14" definition-exists="true" ipc-concordant="A41C1/14" c-set-base-allowed="false" c-set-subsequent-allowed="true" date-revised="2013-01-01" status="published"><classification-symbol>A41C1/14</classification-symbol><class-title date-revised="2013-01-01"><title-part><text>Stays</text></title-part><title-part><text>Steels</text></title-part></class-title>
<classification-item breakdown-code="false" not-allocatable="false" level="10" additional-only="false" sort-key="A41C1/16" definition-exists="true" ipc-concordant="A41C1/16" c-set-base-allowed="false" c-set-subsequent-allowed="true" date-revised="2015-10-01" status="published"><classification-symbol>A41C1/16</classification-symbol><class-title date-revised="2015-10-01"><title-part><text>made of wire</text></title-part></class-title></classification-item>
<classification-item breakdown-code="false" not-allocatable="false" level="10" additional-only="false" sort-key="A41C1/18" definition-exists="true" ipc-concordant="A41C1/18" c-set-base-allowed="false" c-set-subsequent-allowed="true" date-revised="2013-01-01" status="published"><classification-symbol>A41C1/18</classification-symbol><class-title date-revised="2013-01-01"><title-part><text>of built-up type</text></title-part></class-title></classification-item>
<classification-item breakdown-code="false" not-allocatable="false" level="10" additional-only="false" sort-key="A41C1/20" definition-exists="true" ipc-concordant="A41C1/20" c-set-base-allowed="false" c-set-subsequent-allowed="true" date-revised="2015-10-01" status="published"><classification-symbol>A41C1/20</classification-symbol><class-title date-revised="2015-10-01"><title-part><text>with protective caps</text></title-part></class-title></classification-item></classification-item></classification-item></classification-item>
<classification-item breakdown-code="false" not-allocatable="false" level="7" additional-only="false" sort-key="A41C3/00" definition-exists="true" ipc-concordant="A41C3/00" c-set-base-allowed="false" c-set-subsequent-allowed="true" date-revised="2013-01-01" status="published"><classification-symbol>A41C3/00</classification-symbol><class-title date-revised="2013-01-01"><title-part><text>Brassieres</text></title-part></class-title>
<classification-item breakdown-code="false" not-allocatable="false" level="8" additional-only="false" sort-key="A41C3/0007" definition-exists="true" ipc-concordant="A41C3/00" c-set-base-allowed="false" c-set-subsequent-allowed="true" date-revised="2013-01-01" status="published"><classification-symbol>A41C3/0007</classification-symbol><class-title date-revised="2013-01-01"><title-part><CPC-specific-text><text>with stay means </text><reference><text><class-ref scheme="cpc">A41C3/06</class-ref> takes precedence; stay means <u>per se</u>  <class-ref scheme="cpc">A41C3/122</class-ref></text></reference></CPC-specific-text></title-part></class-title></classification-item>
<classification-item breakdown-code="false" not-allocatable="false" level="8" additional-only="false" sort-key="A41C3/0014" definition-exists="true" ipc-concordant="A41C3/00" c-set-base-allowed="false" c-set-subsequent-allowed="true" date-revised="2013-01-01" status="published"><classification-symbol>A41C3/0014</classification-symbol><class-title date-revised="2013-01-01"><title-part><CPC-specific-text><text>made from one piece with one or several layers</text></CPC-specific-text></title-part></class-title></classification-item>
<classification-item breakdown-code="false" not-allocatable="false" level="8" additional-only="false" sort-key="A41C3/0021" definition-exists="true" ipc-concordant="A41C3/00" c-set-base-allowed="false" c-set-subsequent-allowed="true" date-revised="2013-01-01" status="published"><classification-symbol>A41C3/0021</classification-symbol><class-title date-revised="2013-01-01"><title-part><CPC-specific-text><text>with suspension construction for the breasts</text></CPC-specific-text></title-part></class-title></classification-item>
<classification-item breakdown-code="false" not-allocatable="false" level="8" additional-only="false" sort-key="A41C3/0028" definition-exists="true" ipc-concordant="A41C3/00" c-set-base-allowed="false" c-set-subsequent-allowed="true" date-revised="2013-01-01" status="published"><classification-symbol>A41C3/0028</classification-symbol><class-title date-revised="2013-01-01"><title-part><CPC-specific-text><text>with size and configuration adjustment means</text></CPC-specific-text></title-part></class-title></classification-item>
<classification-item breakdown-code="false" not-allocatable="false" level="8" additional-only="false" sort-key="A41C3/0035" definition-exists="true" ipc-concordant="A41C3/00" c-set-base-allowed="false" c-set-subsequent-allowed="true" date-revised="2013-01-01" status="published"><classification-symbol>A41C3/0035</classification-symbol><class-title date-revised="2013-01-01"><title-part><CPC-specific-text><text>with pockets</text></CPC-specific-text></title-part></class-title></classification-item>
<classification-item breakdown-code="false" not-allocatable="false" level="8" additional-only="false" sort-key="A41C3/0042" definition-exists="true" ipc-concordant="A41C3/00" c-set-base-allowed="false" c-set-subsequent-allowed="true" date-revised="2013-01-01" status="published"><classification-symbol>A41C3/0042</classification-symbol><class-title date-revised="2013-01-01"><title-part><CPC-specific-text><text>diffusing perfume or the like</text></CPC-specific-text></title-part></class-title></classification-item>
<classification-item breakdown-code="false" not-allocatable="false" level="8" additional-only="false" sort-key="A41C3/005" definition-exists="true" ipc-concordant="A41C3/00" c-set-base-allowed="false" c-set-subsequent-allowed="true" date-revised="2013-01-01" status="published"><classification-symbol>A41C3/005</classification-symbol><class-title date-revised="2013-01-01"><title-part><CPC-specific-text><text>specially adapted for specific purposes </text><reference><text>prosthetic brassieres <class-ref scheme="cpc">A41C3/148</class-ref></text></reference></CPC-specific-text></title-part></class-title>
<classification-item breakdown-code="false" not-allocatable="false" level="9" additional-only="false" sort-key="A41C3/0057" definition-exists="true" ipc-concordant="A41C3/00" c-set-base-allowed="false" c-set-subsequent-allowed="true" date-revised="2013-01-01" status="published"><classification-symbol>A41C3/0057</classification-symbol><class-title date-revised="2013-01-01"><title-part><CPC-specific-text><text>for sport activities</text></CPC-specific-text></title-part></class-title></classification-item>
<classification-item breakdown-code="false" not-allocatable="false" level="9" additional-only="false" sort-key="A41C3/0064" definition-exists="true" ipc-concordant="A41C3/00" c-set-base-allowed="false" c-set-subsequent-allowed="true" date-revised="2013-01-01" status="published"><classification-symbol>A41C3/0064</classification-symbol><class-title date-revised="2013-01-01"><title-part><CPC-specific-text><text>for medical use or surgery</text></CPC-specific-text></title-part></class-title></classification-item></classification-item>
<classification-item breakdown-code="false" not-allocatable="false" level="8" additional-only="false" sort-key="A41C3/0071" definition-exists="false" ipc-concordant="A41C3/00" c-set-base-allowed="false" c-set-subsequent-allowed="true" date-revised="2013-01-01" status="published"><classification-symbol>A41C3/0071</classification-symbol><class-title date-revised="2013-01-01"><title-part><CPC-specific-text><text>with interchangeable or detachable cups</text></CPC-specific-text></title-part></class-title></classification-item>
<classification-item breakdown-code="false" not-allocatable="false" level="8" additional-only="false" sort-key="A41C3/0078" definition-exists="false" ipc-concordant="A41C3/00" c-set-base-allowed="false" c-set-subsequent-allowed="true" date-revised="2013-01-01" status="published"><classification-symbol>A41C3/0078</classification-symbol><class-title date-revised="2013-01-01"><title-part><CPC-specific-text><text>with backless strap feature</text></CPC-specific-text></title-part></class-title></classification-item>
<classification-item breakdown-code="false" not-allocatable="false" level="8" additional-only="false" sort-key="A41C3/0085" definition-exists="false" ipc-concordant="A41C3/00" c-set-base-allowed="false" c-set-subsequent-allowed="true" date-revised="2013-01-01" status="published"><classification-symbol>A41C3/0085</classification-symbol><class-title date-revised="2013-01-01"><title-part><CPC-specific-text><text>with ventilation feature</text></CPC-specific-text></title-part></class-title></classification-item>
<classification-item breakdown-code="false" not-allocatable="false" level="8" additional-only="false" sort-key="A41C3/0092" definition-exists="false" ipc-concordant="A41C3/00" c-set-base-allowed="false" c-set-subsequent-allowed="true" date-revised="2013-01-01" status="published"><classification-symbol>A41C3/0092</classification-symbol><class-title date-revised="2013-01-01"><title-part><CPC-specific-text><text>with different cup sizes</text></CPC-specific-text></title-part></class-title></classification-item>
<classification-item breakdown-code="false" not-allocatable="false" level="8" additional-only="false" sort-key="A41C3/02" definition-exists="true" ipc-concordant="A41C3/02" c-set-base-allowed="false" c-set-subsequent-allowed="true" date-revised="2013-01-01" status="published"><classification-symbol>A41C3/02</classification-symbol><class-title date-revised="2013-01-01"><title-part><text>with front closures</text></title-part></class-title></classification-item>
<classification-item breakdown-code="false" not-allocatable="false" level="8" additional-only="false" sort-key="A41C3/04" definition-exists="true" ipc-concordant="A41C3/04" c-set-base-allowed="false" c-set-subsequent-allowed="true" date-revised="2018-01-01" status="published"><classification-symbol>A41C3/04</classification-symbol><class-title date-revised="2018-01-01"><title-part><text>for nursing mothers </text><CPC-specific-text><reference><text>nursing clothing in general <class-ref scheme="cpc">A41D1/215</class-ref></text></reference></CPC-specific-text></title-part></class-title></classification-item>
<classification-item breakdown-code="false" not-allocatable="false" level="8" additional-only="false" sort-key="A41C3/06" definition-exists="true" ipc-concordant="A41C3/06" c-set-base-allowed="false" c-set-subsequent-allowed="true" date-revised="2013-01-01" status="published"><classification-symbol>A41C3/06</classification-symbol><class-title date-revised="2013-01-01"><title-part><text>Strapless brassieres, </text><CPC-specific-text><text>i.e. without shoulder straps</text></CPC-specific-text></title-part></class-title>
<classification-item breakdown-code="false" not-allocatable="false" level="9" additional-only="false" sort-key="A41C3/065" definition-exists="true" ipc-concordant="A41C3/06" c-set-base-allowed="false" c-set-subsequent-allowed="true" date-revised="2013-01-01" status="published"><classification-symbol>A41C3/065</classification-symbol><class-title date-revised="2013-01-01"><title-part><CPC-specific-text><text>attached directly to the body, e.g. by means of adhesive</text></CPC-specific-text></title-part></class-title></classification-item></classification-item>
<classification-item breakdown-code="false" not-allocatable="false" level="8" additional-only="false" sort-key="A41C3/08" definition-exists="true" ipc-concordant="A41C3/08" c-set-base-allowed="false" c-set-subsequent-allowed="true" date-revised="2013-01-01" status="published"><classification-symbol>A41C3/08</classification-symbol><class-title date-revised="2013-01-01"><title-part><text>combined with other garments </text><reference><text>with corsets <class-ref scheme="cpc">A41C1/06</class-ref></text></reference></title-part></class-title></classification-item>
<classification-item breakdown-code="false" not-allocatable="false" level="8" additional-only="false" sort-key="A41C3/10" definition-exists="true" ipc-concordant="A41C3/10" c-set-base-allowed="false" c-set-subsequent-allowed="true" date-revised="2018-02-01" status="published"><classification-symbol>A41C3/10</classification-symbol><class-title date-revised="2018-02-01"><title-part><text>with stiffening or bust-forming inserts</text></title-part></class-title>
<classification-item breakdown-code="false" not-allocatable="false" level="9" additional-only="false" sort-key="A41C3/105" definition-exists="true" ipc-concordant="A41C3/10" c-set-base-allowed="false" c-set-subsequent-allowed="true" date-revised="2013-01-01" status="published"><classification-symbol>A41C3/105</classification-symbol><class-title date-revised="2013-01-01"><title-part><CPC-specific-text><text>with inflatable inserts</text></CPC-specific-text></title-part></class-title></classification-item></classification-item>
<classification-item breakdown-code="false" not-allocatable="false" level="8" additional-only="false" sort-key="A41C3/12" definition-exists="true" ipc-concordant="A41C3/12" c-set-base-allowed="false" c-set-subsequent-allowed="true" date-revised="2017-08-01" status="published"><classification-symbol>A41C3/12</classification-symbol><class-title date-revised="2017-08-01"><title-part><text>Component parts</text></title-part></class-title>
<classification-item breakdown-code="false" not-allocatable="false" level="9" additional-only="false" sort-key="A41C3/122" definition-exists="true" ipc-concordant="A41C3/12" c-set-base-allowed="false" c-set-subsequent-allowed="true" date-revised="2013-01-01" status="published"><classification-symbol>A41C3/122</classification-symbol><class-title date-revised="2013-01-01"><title-part><CPC-specific-text><text>Stay means </text><reference><text>stay means for corsets <class-ref scheme="cpc">A41C1/14</class-ref></text></reference></CPC-specific-text></title-part></class-title>
<classification-item breakdown-code="false" not-allocatable="false" level="10" additional-only="false" sort-key="A41C3/124" definition-exists="true" ipc-concordant="A41C3/12" c-set-base-allowed="false" c-set-subsequent-allowed="true" date-revised="2013-01-01" status="published"><classification-symbol>A41C3/124</classification-symbol><class-title date-revised="2013-01-01"><title-part><CPC-specific-text><text>with an articulated or bridge construction</text></CPC-specific-text></title-part></class-title></classification-item>
<classification-item breakdown-code="false" not-allocatable="false" level="10" additional-only="false" sort-key="A41C3/126" definition-exists="true" ipc-concordant="A41C3/12" c-set-base-allowed="false" c-set-subsequent-allowed="true" date-revised="2013-01-01" status="published"><classification-symbol>A41C3/126</classification-symbol><class-title date-revised="2013-01-01"><title-part><CPC-specific-text><text>with additional means provided at the ends, e.g. for protection</text></CPC-specific-text></title-part></class-title></classification-item>
<classification-item breakdown-code="false" not-allocatable="false" level="10" additional-only="false" sort-key="A41C3/128" definition-exists="true" ipc-concordant="A41C3/12" c-set-base-allowed="false" c-set-subsequent-allowed="true" date-revised="2013-01-01" status="published"><classification-symbol>A41C3/128</classification-symbol><class-title date-revised="2013-01-01"><title-part><CPC-specific-text><text>using specific materials</text></CPC-specific-text></title-part></class-title></classification-item></classification-item>
<classification-item breakdown-code="false" not-allocatable="false" level="9" additional-only="false" sort-key="A41C3/14" definition-exists="true" ipc-concordant="A41C3/14" c-set-base-allowed="false" c-set-subsequent-allowed="true" date-revised="2013-01-01" status="published"><classification-symbol>A41C3/14</classification-symbol><class-title date-revised="2013-01-01"><title-part><text>Stiffening or bust-forming inserts</text></title-part></class-title>
<classification-item breakdown-code="false" not-allocatable="false" level="10" additional-only="false" sort-key="A41C3/142" definition-exists="true" ipc-concordant="A41C3/14" c-set-base-allowed="false" c-set-subsequent-allowed="true" date-revised="2013-01-01" status="published"><classification-symbol>A41C3/142</classification-symbol><class-title date-revised="2013-01-01"><title-part><CPC-specific-text><text>Stiffening inserts</text></CPC-specific-text></title-part></class-title></classification-item>
<classification-item breakdown-code="false" not-allocatable="false" level="10" additional-only="false" sort-key="A41C3/144" definition-exists="true" ipc-concordant="A41C3/14" c-set-base-allowed="false" c-set-subsequent-allowed="true" date-revised="2013-01-01" status="published"><classification-symbol>A41C3/144</classification-symbol><class-title date-revised="2013-01-01"><title-part><CPC-specific-text><text>Pads</text></CPC-specific-text></title-part></class-title>
<classification-item breakdown-code="false" not-allocatable="false" level="11" additional-only="false" sort-key="A41C3/146" definition-exists="true" ipc-concordant="A41C3/14" c-set-base-allowed="false" c-set-subsequent-allowed="true" date-revised="2013-01-01" status="published"><classification-symbol>A41C3/146</classification-symbol><class-title date-revised="2013-01-01"><title-part><CPC-specific-text><text>containing liquid or gel filling</text></CPC-specific-text></title-part></class-title></classification-item></classification-item>
<classification-item breakdown-code="false" not-allocatable="false" level="10" additional-only="false" sort-key="A41C3/148" definition-exists="true" ipc-concordant="A41C3/14" c-set-base-allowed="false" c-set-subsequent-allowed="true" date-revised="2018-01-01" status="published"><classification-symbol>A41C3/148</classification-symbol><class-title date-revised="2018-01-01"><title-part><CPC-specific-text><text>Prosthetic brassieres </text><reference><text>non-implantable  mammary prostheses <class-ref scheme="cpc">A61F2/52</class-ref></text></reference></CPC-specific-text></title-part></class-title></classification-item></classification-item></classification-item></classification-item>
<classification-item breakdown-code="false" not-allocatable="false" level="7" additional-only="false" sort-key="A41C5/00" definition-exists="true" ipc-concordant="A41C5/00" c-set-base-allowed="false" c-set-subsequent-allowed="true" date-revised="2013-01-01" status="published"><classification-symbol>A41C5/00</classification-symbol><class-title date-revised="2013-01-01"><title-part><text>Machines, appliances, or methods for manufacturing corsets or brassieres</text></title-part></class-title>
<classification-item breakdown-code="false" not-allocatable="false" level="8" additional-only="false" sort-key="A41C5/005" definition-exists="true" ipc-concordant="A41C5/00" c-set-base-allowed="false" c-set-subsequent-allowed="true" date-revised="2013-01-01" status="published"><classification-symbol>A41C5/005</classification-symbol><class-title date-revised="2013-01-01"><title-part><CPC-specific-text><text>by moulding </text><reference><text>shaping of textile material made from plastics fibres by thermoforming <class-ref scheme="cpc">B29C51/004</class-ref></text></reference></CPC-specific-text></title-part></class-title></classification-item></classification-item></classification-item></classification-item></class-scheme>