<?xml version="1.0" encoding="UTF-8"?>
<class-scheme publication-date="2018-02-01" scheme-type="cpc" publication-type="official">
<classification-item breakdown-code="false" not-allocatable="true" level="5" additional-only="false" sort-key="B66F" definition-exists="true" date-revised="2018-01-01" status="published"><classification-symbol>B66F</classification-symbol><class-title date-revised="2013-01-01"><title-part><text>HOISTING, LIFTING, HAULING OR PUSHING, NOT OTHERWISE PROVIDED FOR, e.g. DEVICES WHICH APPLY A LIFTING OR PUSHING FORCE DIRECTLY TO THE SURFACE OF A LOAD </text><reference><CPC-specific-text><text>invalid lifting devices <class-ref scheme="cpc">A61G7/10</class-ref>; </text></CPC-specific-text><text> mounting artificial islands on piles or like supports <class-ref scheme="cpc">E02B17/00</class-ref> : scaffolding combined with lifting devices <class-ref scheme="cpc">E04G1/22</class-ref>; lifting devices for sliding forms <class-ref scheme="cpc">E04G11/24</class-ref>; lifting of buildings <class-ref scheme="cpc">E04G23/06</class-ref>; shores or struts <class-ref scheme="cpc">E04G25/00</class-ref>; lifts or other hoisting devices on ladders <class-ref scheme="cpc">E06C7/12</class-ref>; props for mining <class-ref scheme="cpc">E21D15/00</class-ref></text></reference></title-part></class-title><notes-and-warnings date-revised="2013-01-01"><note type="warning"><note-paragraph warning-type="ipc-not-used"><br/>The following IPC groups are not in the CPC scheme. The subject matter for these IPC groups is classified in the following CPC groups: <table><row><entry><class-ref scheme="ipc">B66F19/02</class-ref></entry><entry> covered by </entry><entry><class-ref scheme="cpc">B66F19/00</class-ref></entry></row></table></note-paragraph></note></notes-and-warnings>
<classification-item breakdown-code="false" not-allocatable="true" level="6" additional-only="false" sort-key="B66F1/00" date-revised="2013-01-01" status="published"><classification-symbol>B66F1/00</classification-symbol>
<classification-item breakdown-code="false" not-allocatable="false" level="7" additional-only="false" sort-key="B66F1/00" definition-exists="true" ipc-concordant="B66F1/00" c-set-base-allowed="false" c-set-subsequent-allowed="true" date-revised="2013-01-01" status="published"><classification-symbol>B66F1/00</classification-symbol><class-title date-revised="2013-01-01"><title-part><text>Devices, e.g. jacks, for lifting loads in predetermined steps</text></title-part></class-title>
<classification-item breakdown-code="false" not-allocatable="false" level="8" additional-only="false" sort-key="B66F1/02" definition-exists="true" ipc-concordant="B66F1/02" c-set-base-allowed="false" c-set-subsequent-allowed="true" date-revised="2013-01-01" status="published"><classification-symbol>B66F1/02</classification-symbol><class-title date-revised="2013-01-01"><title-part><text>with locking elements, e.g. washers, co-operating with posts</text></title-part></class-title>
<classification-item breakdown-code="false" not-allocatable="false" level="9" additional-only="false" sort-key="B66F1/025" definition-exists="true" ipc-concordant="B66F1/02" c-set-base-allowed="false" c-set-subsequent-allowed="true" date-revised="2013-01-01" status="published"><classification-symbol>B66F1/025</classification-symbol><class-title date-revised="2013-01-01"><title-part><CPC-specific-text><text>the devices being operated by fluid pressure </text><reference><text><class-ref scheme="cpc">B66F1/08</class-ref> takes precedence</text></reference></CPC-specific-text></title-part></class-title></classification-item>
<classification-item breakdown-code="false" not-allocatable="false" level="9" additional-only="false" sort-key="B66F1/04" definition-exists="true" ipc-concordant="B66F1/04" c-set-base-allowed="false" c-set-subsequent-allowed="true" date-revised="2013-01-01" status="published"><classification-symbol>B66F1/04</classification-symbol><class-title date-revised="2013-01-01"><title-part><text>the posts being toothed</text></title-part></class-title>
<classification-item breakdown-code="false" not-allocatable="false" level="10" additional-only="false" sort-key="B66F1/06" definition-exists="true" ipc-concordant="B66F1/06" c-set-base-allowed="false" c-set-subsequent-allowed="true" date-revised="2013-01-01" status="published"><classification-symbol>B66F1/06</classification-symbol><class-title date-revised="2013-01-01"><title-part><text>and the devices being actuated mechanically</text></title-part></class-title></classification-item>
<classification-item breakdown-code="false" not-allocatable="false" level="10" additional-only="false" sort-key="B66F1/08" definition-exists="true" ipc-concordant="B66F1/08" c-set-base-allowed="false" c-set-subsequent-allowed="true" date-revised="2013-01-01" status="published"><classification-symbol>B66F1/08</classification-symbol><class-title date-revised="2013-01-01"><title-part><text>and the devices being operated by fluid pressure</text></title-part></class-title></classification-item></classification-item></classification-item></classification-item>
<classification-item breakdown-code="false" not-allocatable="false" level="7" additional-only="false" sort-key="B66F3/00" definition-exists="true" ipc-concordant="B66F3/00" c-set-base-allowed="false" c-set-subsequent-allowed="true" date-revised="2013-01-01" status="published"><classification-symbol>B66F3/00</classification-symbol><class-title date-revised="2013-01-01"><title-part><text>Devices, e.g. jacks, adapted for uninterrupted lifting of loads </text><reference><text>mobile jacks of the garage type <class-ref scheme="cpc">B66F5/00</class-ref></text></reference></title-part></class-title>
<classification-item breakdown-code="false" not-allocatable="false" level="8" additional-only="false" sort-key="B66F3/005" definition-exists="true" ipc-concordant="B66F3/00" c-set-base-allowed="false" c-set-subsequent-allowed="true" date-revised="2013-01-01" status="published"><classification-symbol>B66F3/005</classification-symbol><class-title date-revised="2013-01-01"><title-part><CPC-specific-text><text>with rocking arm or sector</text></CPC-specific-text></title-part></class-title></classification-item>
<classification-item breakdown-code="false" not-allocatable="false" level="8" additional-only="false" sort-key="B66F3/02" definition-exists="true" ipc-concordant="B66F3/02" c-set-base-allowed="false" c-set-subsequent-allowed="true" date-revised="2013-01-01" status="published"><classification-symbol>B66F3/02</classification-symbol><class-title date-revised="2013-01-01"><title-part><text>with racks actuated by pinions</text></title-part></class-title>
<classification-item breakdown-code="false" not-allocatable="false" level="9" additional-only="false" sort-key="B66F3/04" definition-exists="true" ipc-concordant="B66F3/04" c-set-base-allowed="false" c-set-subsequent-allowed="true" date-revised="2013-01-01" status="published"><classification-symbol>B66F3/04</classification-symbol><class-title date-revised="2013-01-01"><title-part><text>with several racks</text></title-part></class-title></classification-item>
<classification-item breakdown-code="false" not-allocatable="false" level="9" additional-only="false" sort-key="B66F3/06" definition-exists="true" ipc-concordant="B66F3/06" c-set-base-allowed="false" c-set-subsequent-allowed="true" date-revised="2013-01-01" status="published"><classification-symbol>B66F3/06</classification-symbol><class-title date-revised="2013-01-01"><title-part><text>with racks comprising pivotable toothed sections or segments, e.g. arranged in pairs</text></title-part></class-title></classification-item></classification-item>
<classification-item breakdown-code="false" not-allocatable="false" level="8" additional-only="false" sort-key="B66F3/08" definition-exists="true" ipc-concordant="B66F3/08" c-set-base-allowed="false" c-set-subsequent-allowed="true" date-revised="2013-01-01" status="published"><classification-symbol>B66F3/08</classification-symbol><class-title date-revised="2013-01-01"><title-part><text>screw operated </text><reference><text><class-ref scheme="cpc">B66F3/44</class-ref> takes precedence; gearings <class-ref scheme="cpc">F16H</class-ref></text></reference></title-part></class-title>
<classification-item breakdown-code="false" not-allocatable="false" level="9" additional-only="false" sort-key="B66F3/10" definition-exists="true" ipc-concordant="B66F3/10" c-set-base-allowed="false" c-set-subsequent-allowed="true" date-revised="2013-01-01" status="published"><classification-symbol>B66F3/10</classification-symbol><class-title date-revised="2013-01-01"><title-part><text>with telescopic sleeves</text></title-part></class-title></classification-item>
<classification-item breakdown-code="false" not-allocatable="false" level="9" additional-only="false" sort-key="B66F3/12" definition-exists="true" ipc-concordant="B66F3/12" c-set-base-allowed="false" c-set-subsequent-allowed="true" date-revised="2013-01-01" status="published"><classification-symbol>B66F3/12</classification-symbol><class-title date-revised="2013-01-01"><title-part><text>comprising toggle levers </text><reference><text>lazy-tongs mechanisms <class-ref scheme="cpc">B66F3/22</class-ref></text></reference></title-part></class-title></classification-item>
<classification-item breakdown-code="false" not-allocatable="false" level="9" additional-only="false" sort-key="B66F3/14" definition-exists="true" ipc-concordant="B66F3/14" c-set-base-allowed="false" c-set-subsequent-allowed="true" date-revised="2013-01-01" status="published"><classification-symbol>B66F3/14</classification-symbol><class-title date-revised="2013-01-01"><title-part><text>actuated through pawl-and-ratchet mechanisms</text></title-part></class-title></classification-item>
<classification-item breakdown-code="false" not-allocatable="false" level="9" additional-only="false" sort-key="B66F3/16" definition-exists="true" ipc-concordant="B66F3/16" c-set-base-allowed="false" c-set-subsequent-allowed="true" date-revised="2013-01-01" status="published"><classification-symbol>B66F3/16</classification-symbol><class-title date-revised="2013-01-01"><title-part><text>actuated through bevel-wheel gearings</text></title-part></class-title></classification-item>
<classification-item breakdown-code="false" not-allocatable="false" level="9" additional-only="false" sort-key="B66F3/18" definition-exists="true" ipc-concordant="B66F3/18" c-set-base-allowed="false" c-set-subsequent-allowed="true" date-revised="2013-01-01" status="published"><classification-symbol>B66F3/18</classification-symbol><class-title date-revised="2013-01-01"><title-part><text>actuated through worm gearings</text></title-part></class-title></classification-item>
<classification-item breakdown-code="false" not-allocatable="false" level="9" additional-only="false" sort-key="B66F3/20" definition-exists="true" ipc-concordant="B66F3/20" c-set-base-allowed="false" c-set-subsequent-allowed="true" date-revised="2013-01-01" status="published"><classification-symbol>B66F3/20</classification-symbol><class-title date-revised="2013-01-01"><title-part><text>actuated through multiple or change-speed gearings</text></title-part></class-title></classification-item></classification-item>
<classification-item breakdown-code="false" not-allocatable="false" level="8" additional-only="false" sort-key="B66F3/22" definition-exists="true" ipc-concordant="B66F3/22" c-set-base-allowed="false" c-set-subsequent-allowed="true" date-revised="2013-01-01" status="published"><classification-symbol>B66F3/22</classification-symbol><class-title date-revised="2013-01-01"><title-part><text>Lazy-tongs mechanisms </text><CPC-specific-text><reference><text><class-ref scheme="cpc">B66F11/042</class-ref> takes precedence</text></reference></CPC-specific-text></title-part></class-title></classification-item>
<classification-item breakdown-code="false" not-allocatable="false" level="8" additional-only="false" sort-key="B66F3/24" definition-exists="true" ipc-concordant="B66F3/24" c-set-base-allowed="false" c-set-subsequent-allowed="true" date-revised="2013-01-01" status="published"><classification-symbol>B66F3/24</classification-symbol><class-title date-revised="2013-01-01"><title-part><text>fluid-pressure operated </text><reference><text>water-pressure machines <class-ref scheme="cpc">F03B</class-ref>; hydraulic gearings <class-ref scheme="cpc">F16H</class-ref>; cylinders, pistons <class-ref scheme="cpc">F16J</class-ref>; fluid-pressure servomotors <class-ref scheme="cpc">F15B</class-ref></text></reference></title-part></class-title>
<classification-item breakdown-code="false" not-allocatable="false" level="9" additional-only="false" sort-key="B66F3/242" definition-exists="true" ipc-concordant="B66F3/24" c-set-base-allowed="false" c-set-subsequent-allowed="true" date-revised="2013-01-01" status="published"><classification-symbol>B66F3/242</classification-symbol><class-title date-revised="2013-01-01"><title-part><CPC-specific-text><text>suspended jacks</text></CPC-specific-text></title-part></class-title></classification-item>
<classification-item breakdown-code="false" not-allocatable="false" level="9" additional-only="false" sort-key="B66F3/245" definition-exists="true" ipc-concordant="B66F3/24" c-set-base-allowed="false" c-set-subsequent-allowed="true" date-revised="2013-01-01" status="published"><classification-symbol>B66F3/245</classification-symbol><class-title date-revised="2013-01-01"><title-part><CPC-specific-text><text>comprising toggle levers </text><reference><text>lazy-tongs mechanisms <class-ref scheme="cpc">B66F3/22</class-ref></text></reference></CPC-specific-text></title-part></class-title></classification-item>
<classification-item breakdown-code="false" not-allocatable="false" level="9" additional-only="false" sort-key="B66F3/247" definition-exists="true" ipc-concordant="B66F3/24" c-set-base-allowed="false" c-set-subsequent-allowed="true" date-revised="2013-01-01" status="published"><classification-symbol>B66F3/247</classification-symbol><class-title date-revised="2013-01-01"><title-part><CPC-specific-text><text>pneumatically actuated </text><reference><text><class-ref scheme="cpc">B66F3/35</class-ref> takes precedence</text></reference></CPC-specific-text></title-part></class-title></classification-item>
<classification-item breakdown-code="false" not-allocatable="false" level="9" additional-only="false" sort-key="B66F3/25" definition-exists="true" ipc-concordant="B66F3/25" c-set-base-allowed="false" c-set-subsequent-allowed="true" date-revised="2013-01-01" status="published"><classification-symbol>B66F3/25</classification-symbol><class-title date-revised="2013-01-01"><title-part><text>Constructional features</text></title-part></class-title>
<classification-item breakdown-code="false" not-allocatable="false" level="10" additional-only="false" sort-key="B66F3/26" definition-exists="true" ipc-concordant="B66F3/26" c-set-base-allowed="false" c-set-subsequent-allowed="true" date-revised="2013-01-01" status="published"><classification-symbol>B66F3/26</classification-symbol><class-title date-revised="2013-01-01"><title-part><text>Adaptations or arrangements of pistons</text></title-part></class-title>
<classification-item breakdown-code="false" not-allocatable="false" level="11" additional-only="false" sort-key="B66F3/28" definition-exists="true" ipc-concordant="B66F3/28" c-set-base-allowed="false" c-set-subsequent-allowed="true" date-revised="2013-01-01" status="published"><classification-symbol>B66F3/28</classification-symbol><class-title date-revised="2013-01-01"><title-part><text>telescopic</text></title-part></class-title></classification-item></classification-item>
<classification-item breakdown-code="false" not-allocatable="false" level="10" additional-only="false" sort-key="B66F3/30" definition-exists="true" ipc-concordant="B66F3/30" c-set-base-allowed="false" c-set-subsequent-allowed="true" date-revised="2017-08-01" status="published"><classification-symbol>B66F3/30</classification-symbol><class-title date-revised="2017-08-01"><title-part><text>with positive brakes or locks</text></title-part></class-title></classification-item>
<classification-item breakdown-code="false" not-allocatable="false" level="10" additional-only="false" sort-key="B66F3/32" definition-exists="true" ipc-concordant="B66F3/32" c-set-base-allowed="false" c-set-subsequent-allowed="true" date-revised="2013-01-01" status="published"><classification-symbol>B66F3/32</classification-symbol><class-title date-revised="2013-01-01"><title-part><text>with means for avoiding excessive shocks on completion of movements</text></title-part></class-title></classification-item>
<classification-item breakdown-code="false" not-allocatable="false" level="10" additional-only="false" sort-key="B66F3/35" definition-exists="true" ipc-concordant="B66F3/35" c-set-base-allowed="false" c-set-subsequent-allowed="true" date-revised="2013-01-01" status="published"><classification-symbol>B66F3/35</classification-symbol><class-title date-revised="2013-01-01"><title-part><text>Inflatable flexible elements, e.g. bellows </text><reference><text>inflatable load-engaging elements <class-ref scheme="cpc">B66F3/40</class-ref>; connection of valves to inflatable elastic bodies <class-ref scheme="cpc">B60C29/00</class-ref></text></reference></title-part></class-title></classification-item>
<classification-item breakdown-code="false" not-allocatable="false" level="10" additional-only="false" sort-key="B66F3/36" definition-exists="true" ipc-concordant="B66F3/36" c-set-base-allowed="false" c-set-subsequent-allowed="true" date-revised="2013-01-01" status="published"><classification-symbol>B66F3/36</classification-symbol><class-title date-revised="2013-01-01"><title-part><text>Load-engaging elements</text></title-part></class-title>
<classification-item breakdown-code="false" not-allocatable="false" level="11" additional-only="false" sort-key="B66F3/38" definition-exists="true" ipc-concordant="B66F3/38" c-set-base-allowed="false" c-set-subsequent-allowed="true" date-revised="2013-01-01" status="published"><classification-symbol>B66F3/38</classification-symbol><class-title date-revised="2013-01-01"><title-part><text>adjustable relative to piston</text></title-part></class-title></classification-item>
<classification-item breakdown-code="false" not-allocatable="false" level="11" additional-only="false" sort-key="B66F3/40" definition-exists="true" ipc-concordant="B66F3/40" c-set-base-allowed="false" c-set-subsequent-allowed="true" date-revised="2013-01-01" status="published"><classification-symbol>B66F3/40</classification-symbol><class-title date-revised="2013-01-01"><title-part><text>inflatable </text><reference><text>connection of valves to inflatable elastic bodies <class-ref scheme="cpc">B60C29/00</class-ref></text></reference></title-part></class-title></classification-item></classification-item>
<classification-item breakdown-code="false" not-allocatable="false" level="10" additional-only="false" sort-key="B66F3/42" definition-exists="true" ipc-concordant="B66F3/42" c-set-base-allowed="false" c-set-subsequent-allowed="true" date-revised="2013-01-01" status="published"><classification-symbol>B66F3/42</classification-symbol><class-title date-revised="2013-01-01"><title-part><text>with self-contained pumps, e.g. actuated by hand</text></title-part></class-title></classification-item></classification-item>
<classification-item breakdown-code="false" not-allocatable="false" level="9" additional-only="false" sort-key="B66F3/43" definition-exists="true" ipc-concordant="B66F3/43" c-set-base-allowed="false" c-set-subsequent-allowed="true" date-revised="2013-01-01" status="published"><classification-symbol>B66F3/43</classification-symbol><class-title date-revised="2013-01-01"><title-part><text>Pyrotechnical jacks</text></title-part></class-title></classification-item></classification-item>
<classification-item breakdown-code="false" not-allocatable="false" level="8" additional-only="false" sort-key="B66F3/44" definition-exists="true" ipc-concordant="B66F3/44" c-set-base-allowed="false" c-set-subsequent-allowed="true" date-revised="2013-01-01" status="published"><classification-symbol>B66F3/44</classification-symbol><class-title date-revised="2013-01-01"><title-part><text>with self-contained electric driving motors</text></title-part></class-title></classification-item>
<classification-item breakdown-code="false" not-allocatable="false" level="8" additional-only="false" sort-key="B66F3/46" definition-exists="true" ipc-concordant="B66F3/46" c-set-base-allowed="false" c-set-subsequent-allowed="true" date-revised="2013-01-01" status="published"><classification-symbol>B66F3/46</classification-symbol><class-title date-revised="2013-01-01"><title-part><text>Combinations of several jacks with means for interrelating lifting or lowering movements</text></title-part></class-title></classification-item></classification-item>
<classification-item breakdown-code="false" not-allocatable="false" level="7" additional-only="false" sort-key="B66F5/00" definition-exists="true" ipc-concordant="B66F5/00" c-set-base-allowed="false" c-set-subsequent-allowed="true" date-revised="2013-01-01" status="published"><classification-symbol>B66F5/00</classification-symbol><class-title date-revised="2013-01-01"><title-part><text>Mobile jacks of the garage type mounted on wheels or rollers</text></title-part></class-title>
<classification-item breakdown-code="false" not-allocatable="false" level="8" additional-only="false" sort-key="B66F5/02" definition-exists="true" ipc-concordant="B66F5/02" c-set-base-allowed="false" c-set-subsequent-allowed="true" date-revised="2013-01-01" status="published"><classification-symbol>B66F5/02</classification-symbol><class-title date-revised="2013-01-01"><title-part><text>with mechanical lifting gear</text></title-part></class-title>
<classification-item breakdown-code="false" not-allocatable="false" level="9" additional-only="false" sort-key="B66F5/025" definition-exists="true" ipc-concordant="B66F5/02" c-set-base-allowed="false" c-set-subsequent-allowed="true" date-revised="2013-01-01" status="published"><classification-symbol>B66F5/025</classification-symbol><class-title date-revised="2013-01-01"><title-part><CPC-specific-text><text>screw-actuated</text></CPC-specific-text></title-part></class-title></classification-item></classification-item>
<classification-item breakdown-code="false" not-allocatable="false" level="8" additional-only="false" sort-key="B66F5/04" definition-exists="true" ipc-concordant="B66F5/04" c-set-base-allowed="false" c-set-subsequent-allowed="true" date-revised="2013-01-01" status="published"><classification-symbol>B66F5/04</classification-symbol><class-title date-revised="2013-01-01"><title-part><text>with fluid-pressure-operated lifting gear</text></title-part></class-title></classification-item></classification-item>
<classification-item breakdown-code="false" not-allocatable="false" level="7" additional-only="false" sort-key="B66F7/00" definition-exists="true" ipc-concordant="B66F7/00" c-set-base-allowed="false" c-set-subsequent-allowed="true" date-revised="2013-01-01" status="published"><classification-symbol>B66F7/00</classification-symbol><class-title date-revised="2013-01-01"><title-part><text>Lifting frames, e.g. for lifting vehicles</text></title-part><title-part><text>Platform lifts </text><reference><CPC-specific-text><text><class-ref scheme="cpc">B66F11/04</class-ref> takes precedence </text></CPC-specific-text><text> ; for lift-truck platform <class-ref scheme="cpc">B66F9/06</class-ref></text></reference></title-part></class-title>
<classification-item breakdown-code="false" not-allocatable="false" level="8" additional-only="false" sort-key="B66F7/02" definition-exists="true" ipc-concordant="B66F7/02" c-set-base-allowed="false" c-set-subsequent-allowed="true" date-revised="2013-01-01" status="published"><classification-symbol>B66F7/02</classification-symbol><class-title date-revised="2013-01-01"><title-part><text>with platforms suspended from ropes, cables, or chains </text><CPC-specific-text><text>or screws and movable along pillars</text></CPC-specific-text></title-part></class-title>
<classification-item breakdown-code="false" not-allocatable="false" level="9" additional-only="false" sort-key="B66F7/025" definition-exists="true" ipc-concordant="B66F7/02" c-set-base-allowed="false" c-set-subsequent-allowed="true" date-revised="2013-01-01" status="published"><classification-symbol>B66F7/025</classification-symbol><class-title date-revised="2013-01-01"><title-part><CPC-specific-text><text>screw operated</text></CPC-specific-text></title-part></class-title></classification-item>
<classification-item breakdown-code="false" not-allocatable="false" level="9" additional-only="false" sort-key="B66F7/04" definition-exists="true" ipc-concordant="B66F7/04" c-set-base-allowed="false" c-set-subsequent-allowed="true" date-revised="2013-01-01" status="published"><classification-symbol>B66F7/04</classification-symbol><class-title date-revised="2013-01-01"><title-part><text>hydraulically or pneumatically operated</text></title-part></class-title></classification-item></classification-item>
<classification-item breakdown-code="false" not-allocatable="false" level="8" additional-only="false" sort-key="B66F7/06" definition-exists="true" ipc-concordant="B66F7/06" c-set-base-allowed="false" c-set-subsequent-allowed="true" date-revised="2013-01-01" status="published"><classification-symbol>B66F7/06</classification-symbol><class-title date-revised="2013-01-01"><title-part><text>with platforms supported by levers for vertical movement</text></title-part></class-title>
<classification-item breakdown-code="false" not-allocatable="false" level="9" additional-only="false" sort-key="B66F7/0608" definition-exists="true" ipc-concordant="B66F7/06" c-set-base-allowed="false" c-set-subsequent-allowed="true" date-revised="2013-01-01" status="published"><classification-symbol>B66F7/0608</classification-symbol><class-title date-revised="2013-01-01"><title-part><CPC-specific-text><text>driven by screw or spindle</text></CPC-specific-text></title-part></class-title></classification-item>
<classification-item breakdown-code="false" not-allocatable="false" level="9" additional-only="false" sort-key="B66F7/0616" definition-exists="true" ipc-concordant="B66F7/06" c-set-base-allowed="false" c-set-subsequent-allowed="true" date-revised="2013-01-01" status="published"><classification-symbol>B66F7/0616</classification-symbol><class-title date-revised="2013-01-01"><title-part><CPC-specific-text><text>Suspended platforms, i.e. the load platform hangs from the base</text></CPC-specific-text></title-part></class-title></classification-item>
<classification-item breakdown-code="false" not-allocatable="false" level="9" additional-only="false" sort-key="B66F7/0625" definition-exists="true" ipc-concordant="B66F7/06" c-set-base-allowed="false" c-set-subsequent-allowed="true" date-revised="2013-01-01" status="published"><classification-symbol>B66F7/0625</classification-symbol><class-title date-revised="2013-01-01"><title-part><CPC-specific-text><text>with wheels for moving around the floor</text></CPC-specific-text></title-part></class-title></classification-item>
<classification-item breakdown-code="false" not-allocatable="false" level="9" additional-only="false" sort-key="B66F7/0633" definition-exists="true" ipc-concordant="B66F7/06" c-set-base-allowed="false" c-set-subsequent-allowed="true" date-revised="2013-01-01" status="published"><classification-symbol>B66F7/0633</classification-symbol><class-title date-revised="2013-01-01"><title-part><CPC-specific-text><text>Mechanical arrangements not covered by the following subgroups</text></CPC-specific-text></title-part></class-title></classification-item>
<classification-item breakdown-code="false" not-allocatable="false" level="9" additional-only="false" sort-key="B66F7/0641" definition-exists="true" ipc-concordant="B66F7/06" c-set-base-allowed="false" c-set-subsequent-allowed="true" date-revised="2013-01-01" status="published"><classification-symbol>B66F7/0641</classification-symbol><class-title date-revised="2013-01-01"><title-part><CPC-specific-text><text>Single levers, e.g. parallel links</text></CPC-specific-text></title-part></class-title></classification-item>
<classification-item breakdown-code="false" not-allocatable="false" level="9" additional-only="false" sort-key="B66F7/065" definition-exists="true" ipc-concordant="B66F7/06" c-set-base-allowed="false" c-set-subsequent-allowed="true" date-revised="2013-01-01" status="published"><classification-symbol>B66F7/065</classification-symbol><class-title date-revised="2013-01-01"><title-part><CPC-specific-text><text>Scissor linkages, i.e. X-configuration</text></CPC-specific-text></title-part></class-title>
<classification-item breakdown-code="false" not-allocatable="false" level="10" additional-only="false" sort-key="B66F7/0658" definition-exists="true" ipc-concordant="B66F7/06" c-set-base-allowed="false" c-set-subsequent-allowed="true" date-revised="2013-01-01" status="published"><classification-symbol>B66F7/0658</classification-symbol><class-title date-revised="2013-01-01"><title-part><CPC-specific-text><text>Multiple scissor linkages horizontally arranged</text></CPC-specific-text></title-part></class-title></classification-item>
<classification-item breakdown-code="false" not-allocatable="false" level="10" additional-only="false" sort-key="B66F7/0666" definition-exists="true" ipc-concordant="B66F7/06" c-set-base-allowed="false" c-set-subsequent-allowed="true" date-revised="2013-01-01" status="published"><classification-symbol>B66F7/0666</classification-symbol><class-title date-revised="2013-01-01"><title-part><CPC-specific-text><text>Multiple scissor linkages vertically arranged</text></CPC-specific-text></title-part></class-title>
<classification-item breakdown-code="false" not-allocatable="false" level="11" additional-only="false" sort-key="B66F7/0675" definition-exists="true" ipc-concordant="B66F7/06" c-set-base-allowed="false" c-set-subsequent-allowed="true" date-revised="2013-01-01" status="published"><classification-symbol>B66F7/0675</classification-symbol><class-title date-revised="2013-01-01"><title-part><CPC-specific-text><text>Auxiliary scissors, e.g. above main scissors</text></CPC-specific-text></title-part></class-title></classification-item></classification-item>
<classification-item breakdown-code="false" not-allocatable="false" level="10" additional-only="false" sort-key="B66F7/0683" definition-exists="true" ipc-concordant="B66F7/06" c-set-base-allowed="false" c-set-subsequent-allowed="true" date-revised="2013-01-01" status="published"><classification-symbol>B66F7/0683</classification-symbol><class-title date-revised="2013-01-01"><title-part><CPC-specific-text><text>Scissor linkage plus tilting action</text></CPC-specific-text></title-part></class-title></classification-item></classification-item>
<classification-item breakdown-code="false" not-allocatable="false" level="9" additional-only="false" sort-key="B66F7/0691" definition-exists="true" ipc-concordant="B66F7/06" c-set-base-allowed="false" c-set-subsequent-allowed="true" date-revised="2013-01-01" status="published"><classification-symbol>B66F7/0691</classification-symbol><class-title date-revised="2013-01-01"><title-part><CPC-specific-text><text>Asymmetric linkages, i.e. Y-configuration</text></CPC-specific-text></title-part></class-title></classification-item>
<classification-item breakdown-code="false" not-allocatable="false" level="9" additional-only="false" sort-key="B66F7/08" definition-exists="true" ipc-concordant="B66F7/08" c-set-base-allowed="false" c-set-subsequent-allowed="true" date-revised="2013-01-01" status="published"><classification-symbol>B66F7/08</classification-symbol><class-title date-revised="2013-01-01"><title-part><text>hydraulically or pneumatically operated</text></title-part></class-title>
<classification-item breakdown-code="false" not-allocatable="false" level="10" additional-only="false" sort-key="B66F7/085" definition-exists="true" ipc-concordant="B66F7/08" c-set-base-allowed="false" c-set-subsequent-allowed="true" date-revised="2013-01-01" status="published"><classification-symbol>B66F7/085</classification-symbol><class-title date-revised="2013-01-01"><title-part><CPC-specific-text><text>pneumatically operated</text></CPC-specific-text></title-part></class-title></classification-item></classification-item></classification-item>
<classification-item breakdown-code="false" not-allocatable="false" level="8" additional-only="false" sort-key="B66F7/10" definition-exists="true" ipc-concordant="B66F7/10" c-set-base-allowed="false" c-set-subsequent-allowed="true" date-revised="2013-01-01" status="published"><classification-symbol>B66F7/10</classification-symbol><class-title date-revised="2013-01-01"><title-part><text>with platforms supported directly by jacks</text></title-part></class-title>
<classification-item breakdown-code="false" not-allocatable="false" level="9" additional-only="false" sort-key="B66F7/12" definition-exists="true" ipc-concordant="B66F7/12" c-set-base-allowed="false" c-set-subsequent-allowed="true" date-revised="2013-01-01" status="published"><classification-symbol>B66F7/12</classification-symbol><class-title date-revised="2013-01-01"><title-part><text>by mechanical jacks</text></title-part></class-title>
<classification-item breakdown-code="false" not-allocatable="false" level="10" additional-only="false" sort-key="B66F7/14" definition-exists="true" ipc-concordant="B66F7/14" c-set-base-allowed="false" c-set-subsequent-allowed="true" date-revised="2013-01-01" status="published"><classification-symbol>B66F7/14</classification-symbol><class-title date-revised="2013-01-01"><title-part><text>screw operated</text></title-part></class-title></classification-item></classification-item>
<classification-item breakdown-code="false" not-allocatable="false" level="9" additional-only="false" sort-key="B66F7/16" definition-exists="true" ipc-concordant="B66F7/16" c-set-base-allowed="false" c-set-subsequent-allowed="true" date-revised="2013-01-01" status="published"><classification-symbol>B66F7/16</classification-symbol><class-title date-revised="2013-01-01"><title-part><text>by one or more hydraulic or pneumatic jacks</text></title-part></class-title>
<classification-item breakdown-code="false" not-allocatable="false" level="10" additional-only="false" sort-key="B66F7/18" definition-exists="true" ipc-concordant="B66F7/18" c-set-base-allowed="false" c-set-subsequent-allowed="true" date-revised="2013-01-01" status="published"><classification-symbol>B66F7/18</classification-symbol><class-title date-revised="2013-01-01"><title-part><text>by a single central jack</text></title-part></class-title></classification-item>
<classification-item breakdown-code="false" not-allocatable="false" level="10" additional-only="false" sort-key="B66F7/20" definition-exists="true" ipc-concordant="B66F7/20" c-set-base-allowed="false" c-set-subsequent-allowed="true" date-revised="2013-01-01" status="published"><classification-symbol>B66F7/20</classification-symbol><class-title date-revised="2013-01-01"><title-part><text>by several jacks with means for maintaining the platforms horizontal during movement</text></title-part></class-title></classification-item></classification-item></classification-item>
<classification-item breakdown-code="false" not-allocatable="false" level="8" additional-only="false" sort-key="B66F7/22" definition-exists="true" ipc-concordant="B66F7/22" c-set-base-allowed="false" c-set-subsequent-allowed="true" date-revised="2013-01-01" status="published"><classification-symbol>B66F7/22</classification-symbol><class-title date-revised="2013-01-01"><title-part><text>with tiltable platforms </text><reference><text>tilting vehicles for unloading <class-ref scheme="cpc">B65G67/34</class-ref></text></reference></title-part></class-title></classification-item>
<classification-item breakdown-code="false" not-allocatable="false" level="8" additional-only="false" sort-key="B66F7/24" definition-exists="true" ipc-concordant="B66F7/24" c-set-base-allowed="false" c-set-subsequent-allowed="true" date-revised="2013-01-01" status="published"><classification-symbol>B66F7/24</classification-symbol><class-title date-revised="2013-01-01"><title-part><text>for raising or lowering vehicles by their own power</text></title-part></class-title>
<classification-item breakdown-code="false" not-allocatable="false" level="9" additional-only="false" sort-key="B66F7/243" definition-exists="true" ipc-concordant="B66F7/24" c-set-base-allowed="false" c-set-subsequent-allowed="true" date-revised="2013-01-01" status="published"><classification-symbol>B66F7/243</classification-symbol><class-title date-revised="2013-01-01"><title-part><CPC-specific-text><text>Ramps</text></CPC-specific-text></title-part></class-title></classification-item>
<classification-item breakdown-code="false" not-allocatable="false" level="9" additional-only="false" sort-key="B66F7/246" definition-exists="true" ipc-concordant="B66F7/24" c-set-base-allowed="false" c-set-subsequent-allowed="true" date-revised="2013-01-01" status="published"><classification-symbol>B66F7/246</classification-symbol><class-title date-revised="2013-01-01"><title-part><CPC-specific-text><text>Wheel supporting trolleys</text></CPC-specific-text></title-part></class-title></classification-item></classification-item>
<classification-item breakdown-code="false" not-allocatable="false" level="8" additional-only="false" sort-key="B66F7/26" definition-exists="true" ipc-concordant="B66F7/26" c-set-base-allowed="false" c-set-subsequent-allowed="true" date-revised="2013-01-01" status="published"><classification-symbol>B66F7/26</classification-symbol><class-title date-revised="2013-01-01"><title-part><text>for selective lifting of parts of vehicles </text><reference><text>mobile garage jacks <class-ref scheme="cpc">B66F5/00</class-ref></text></reference></title-part></class-title></classification-item>
<classification-item breakdown-code="false" not-allocatable="false" level="8" additional-only="false" sort-key="B66F7/28" definition-exists="true" ipc-concordant="B66F7/28" c-set-base-allowed="false" c-set-subsequent-allowed="true" date-revised="2013-01-01" status="published"><classification-symbol>B66F7/28</classification-symbol><class-title date-revised="2013-01-01"><title-part><text>Constructional details, e.g. end stops, pivoting supporting members, sliding runners adjustable to load dimensions</text></title-part></class-title></classification-item></classification-item>
<classification-item breakdown-code="false" not-allocatable="false" level="7" additional-only="false" sort-key="B66F9/00" definition-exists="true" ipc-concordant="B66F9/00" c-set-base-allowed="false" c-set-subsequent-allowed="true" date-revised="2013-01-01" status="published"><classification-symbol>B66F9/00</classification-symbol><class-title date-revised="2013-01-01"><title-part><text>Devices for lifting or lowering bulky or heavy goods for loading or unloading purposes </text><reference><text>mobile or transportable lifts in, or associated with, buildings and specially adapted to be shifted from one part of a building or other structure to another part or to another building or structure <class-ref scheme="cpc">B66B9/16</class-ref>; cranes <class-ref scheme="cpc">B66C</class-ref></text></reference></title-part></class-title>
<classification-item breakdown-code="false" not-allocatable="false" level="8" additional-only="false" sort-key="B66F9/02" definition-exists="true" ipc-concordant="B66F9/02" c-set-base-allowed="false" c-set-subsequent-allowed="true" date-revised="2013-01-01" status="published"><classification-symbol>B66F9/02</classification-symbol><class-title date-revised="2013-01-01"><title-part><text>Stationary loaders or unloaders, e.g. for sacks</text></title-part></class-title>
<classification-item breakdown-code="false" not-allocatable="false" level="9" additional-only="false" sort-key="B66F9/04" definition-exists="true" ipc-concordant="B66F9/04" c-set-base-allowed="false" c-set-subsequent-allowed="true" date-revised="2013-01-01" status="published"><classification-symbol>B66F9/04</classification-symbol><class-title date-revised="2013-01-01"><title-part><text>hydraulically actuated or controlled</text></title-part></class-title></classification-item></classification-item>
<classification-item breakdown-code="false" not-allocatable="false" level="8" additional-only="false" sort-key="B66F9/06" definition-exists="true" ipc-concordant="B66F9/06" c-set-base-allowed="false" c-set-subsequent-allowed="true" date-revised="2016-05-01" status="published"><classification-symbol>B66F9/06</classification-symbol><class-title date-revised="2016-05-01"><title-part><text>movable, with their loads, on wheels or the like, e.g. fork-lift trucks </text><reference><text>vehicle aspects <class-ref scheme="cpc">B60</class-ref>&#160;-&#160;<class-ref scheme="cpc">B62</class-ref>; vehicles predominantly for transporting loads and modified to facilitate loading or unloading <class-ref scheme="cpc">B60P1/00</class-ref>; low-lift hand trucks for transporting goods <class-ref scheme="cpc">B62B3/06</class-ref></text></reference></title-part></class-title>
<classification-item breakdown-code="false" not-allocatable="false" level="9" additional-only="false" sort-key="B66F9/061" definition-exists="true" ipc-concordant="B66F9/06" c-set-base-allowed="false" c-set-subsequent-allowed="true" date-revised="2013-01-01" status="published"><classification-symbol>B66F9/061</classification-symbol><class-title date-revised="2013-01-01"><title-part><CPC-specific-text><text>characterised by having a lifting jib</text></CPC-specific-text></title-part></class-title></classification-item>
<classification-item breakdown-code="false" not-allocatable="false" level="9" additional-only="false" sort-key="B66F9/063" definition-exists="true" ipc-concordant="B66F9/06" c-set-base-allowed="false" c-set-subsequent-allowed="true" date-revised="2013-01-01" status="published"><classification-symbol>B66F9/063</classification-symbol><class-title date-revised="2013-01-01"><title-part><CPC-specific-text><text>Automatically guided</text></CPC-specific-text></title-part></class-title></classification-item>
<classification-item breakdown-code="false" not-allocatable="false" level="9" additional-only="false" sort-key="B66F9/065" definition-exists="true" ipc-concordant="B66F9/065" c-set-base-allowed="false" c-set-subsequent-allowed="true" date-revised="2013-01-01" status="published"><classification-symbol>B66F9/065</classification-symbol><class-title date-revised="2013-01-01"><title-part><text>non-masted </text><reference><text>mobile jacks of the garage type mounted on wheels or rollers <class-ref scheme="cpc">B66F5/00</class-ref></text></reference></title-part></class-title>
<classification-item breakdown-code="false" not-allocatable="false" level="10" additional-only="false" sort-key="B66F9/0655" definition-exists="true" ipc-concordant="B66F9/065" c-set-base-allowed="false" c-set-subsequent-allowed="true" date-revised="2013-01-01" status="published"><classification-symbol>B66F9/0655</classification-symbol><class-title date-revised="2013-01-01"><title-part><CPC-specific-text><text>with a telescopic boom</text></CPC-specific-text></title-part></class-title></classification-item></classification-item>
<classification-item breakdown-code="false" not-allocatable="false" level="9" additional-only="false" sort-key="B66F9/07" definition-exists="true" ipc-concordant="B66F9/07" c-set-base-allowed="false" c-set-subsequent-allowed="true" date-revised="2013-01-01" status="published"><classification-symbol>B66F9/07</classification-symbol><class-title date-revised="2013-01-01"><title-part><text>Floor-to-roof stacking devices, e.g. &quot;stacker cranes&quot;, &quot;retrievers&quot;</text></title-part></class-title>
<classification-item breakdown-code="false" not-allocatable="false" level="10" additional-only="false" sort-key="B66F9/072" definition-exists="true" ipc-concordant="B66F9/07" c-set-base-allowed="false" c-set-subsequent-allowed="true" date-revised="2013-01-01" status="published"><classification-symbol>B66F9/072</classification-symbol><class-title date-revised="2013-01-01"><title-part><CPC-specific-text><text>Travelling gear therefor</text></CPC-specific-text></title-part></class-title></classification-item></classification-item>
<classification-item breakdown-code="false" not-allocatable="false" level="9" additional-only="false" sort-key="B66F9/075" definition-exists="true" ipc-concordant="B66F9/075" c-set-base-allowed="false" c-set-subsequent-allowed="true" date-revised="2013-01-01" status="published"><classification-symbol>B66F9/075</classification-symbol><class-title date-revised="2013-01-01"><title-part><text>Constructional features or details</text></title-part></class-title>
<classification-item breakdown-code="false" not-allocatable="false" level="10" additional-only="false" sort-key="B66F9/07504" definition-exists="true" ipc-concordant="B66F9/075" c-set-base-allowed="false" c-set-subsequent-allowed="true" date-revised="2013-01-01" status="published"><classification-symbol>B66F9/07504</classification-symbol><class-title date-revised="2013-01-01"><title-part><CPC-specific-text><text>Accessories, e.g. for towing, charging, locking</text></CPC-specific-text></title-part></class-title></classification-item>
<classification-item breakdown-code="false" not-allocatable="false" level="10" additional-only="false" sort-key="B66F9/07509" definition-exists="true" ipc-concordant="B66F9/075" c-set-base-allowed="false" c-set-subsequent-allowed="true" date-revised="2013-01-01" status="published"><classification-symbol>B66F9/07509</classification-symbol><class-title date-revised="2013-01-01"><title-part><CPC-specific-text><text>Braking</text></CPC-specific-text></title-part></class-title></classification-item>
<classification-item breakdown-code="false" not-allocatable="false" level="10" additional-only="false" sort-key="B66F9/07513" definition-exists="true" ipc-concordant="B66F9/075" c-set-base-allowed="false" c-set-subsequent-allowed="true" date-revised="2013-01-01" status="published"><classification-symbol>B66F9/07513</classification-symbol><class-title date-revised="2013-01-01"><title-part><CPC-specific-text><text>Details concerning the chassis</text></CPC-specific-text></title-part></class-title>
<classification-item breakdown-code="false" not-allocatable="false" level="11" additional-only="false" sort-key="B66F9/07518" definition-exists="true" ipc-concordant="B66F9/075" c-set-base-allowed="false" c-set-subsequent-allowed="true" date-revised="2013-01-01" status="published"><classification-symbol>B66F9/07518</classification-symbol><class-title date-revised="2013-01-01"><title-part><CPC-specific-text><text>Fuel or oil tank arrangements</text></CPC-specific-text></title-part></class-title></classification-item>
<classification-item breakdown-code="false" not-allocatable="false" level="11" additional-only="false" sort-key="B66F9/07522" definition-exists="true" ipc-concordant="B66F9/075" c-set-base-allowed="false" c-set-subsequent-allowed="true" date-revised="2013-01-01" status="published"><classification-symbol>B66F9/07522</classification-symbol><class-title date-revised="2013-01-01"><title-part><CPC-specific-text><text>Variable length or width chassis</text></CPC-specific-text></title-part></class-title></classification-item>
<classification-item breakdown-code="false" not-allocatable="false" level="11" additional-only="false" sort-key="B66F9/07527" definition-exists="true" ipc-concordant="B66F9/075" c-set-base-allowed="false" c-set-subsequent-allowed="true" date-revised="2016-08-01" status="published"><classification-symbol>B66F9/07527</classification-symbol><class-title date-revised="2016-08-01"><title-part><CPC-specific-text><text>Covers for, e.g. engines or batteries</text></CPC-specific-text></title-part></class-title></classification-item>
<classification-item breakdown-code="false" not-allocatable="false" level="11" additional-only="false" sort-key="B66F9/07531" definition-exists="true" ipc-concordant="B66F9/075" c-set-base-allowed="false" c-set-subsequent-allowed="true" date-revised="2013-01-01" status="published"><classification-symbol>B66F9/07531</classification-symbol><class-title date-revised="2013-01-01"><title-part><CPC-specific-text><text>Battery compartments</text></CPC-specific-text></title-part></class-title>
<classification-item breakdown-code="false" not-allocatable="false" level="12" additional-only="false" sort-key="B66F9/07536" definition-exists="true" ipc-concordant="B66F9/075" c-set-base-allowed="false" c-set-subsequent-allowed="true" date-revised="2013-01-01" status="published"><classification-symbol>B66F9/07536</classification-symbol><class-title date-revised="2013-01-01"><title-part><CPC-specific-text><text>Battery stoppers, i.e. means to hold battery in position</text></CPC-specific-text></title-part></class-title></classification-item></classification-item>
<classification-item breakdown-code="false" not-allocatable="false" level="11" additional-only="false" sort-key="B66F9/0754" definition-exists="true" ipc-concordant="B66F9/075" c-set-base-allowed="false" c-set-subsequent-allowed="true" date-revised="2013-01-01" status="published"><classification-symbol>B66F9/0754</classification-symbol><class-title date-revised="2013-01-01"><title-part><CPC-specific-text><text>Battery removal arrangements</text></CPC-specific-text></title-part></class-title></classification-item></classification-item>
<classification-item breakdown-code="false" not-allocatable="false" level="10" additional-only="false" sort-key="B66F9/07545" definition-exists="true" ipc-concordant="B66F9/075" c-set-base-allowed="false" c-set-subsequent-allowed="true" date-revised="2013-01-01" status="published"><classification-symbol>B66F9/07545</classification-symbol><class-title date-revised="2013-01-01"><title-part><CPC-specific-text><text>Overhead guards</text></CPC-specific-text></title-part></class-title></classification-item>
<classification-item breakdown-code="false" not-allocatable="false" level="10" additional-only="false" sort-key="B66F9/0755" definition-exists="true" ipc-concordant="B66F9/075" c-set-base-allowed="false" c-set-subsequent-allowed="true" date-revised="2013-01-01" status="published"><classification-symbol>B66F9/0755</classification-symbol><class-title date-revised="2013-01-01"><title-part><CPC-specific-text><text>Position control; Position detectors</text></CPC-specific-text></title-part></class-title></classification-item>
<classification-item breakdown-code="false" not-allocatable="false" level="10" additional-only="false" sort-key="B66F9/07554" definition-exists="true" ipc-concordant="B66F9/075" c-set-base-allowed="false" c-set-subsequent-allowed="true" date-revised="2013-01-01" status="published"><classification-symbol>B66F9/07554</classification-symbol><class-title date-revised="2013-01-01"><title-part><CPC-specific-text><text>Counterweights</text></CPC-specific-text></title-part></class-title></classification-item>
<classification-item breakdown-code="false" not-allocatable="false" level="10" additional-only="false" sort-key="B66F9/07559" definition-exists="true" ipc-concordant="B66F9/075" c-set-base-allowed="false" c-set-subsequent-allowed="true" date-revised="2013-01-01" status="published"><classification-symbol>B66F9/07559</classification-symbol><class-title date-revised="2013-01-01"><title-part><CPC-specific-text><text>Stabilizing means</text></CPC-specific-text></title-part></class-title></classification-item>
<classification-item breakdown-code="false" not-allocatable="false" level="10" additional-only="false" sort-key="B66F9/07563" definition-exists="true" ipc-concordant="B66F9/075" c-set-base-allowed="false" c-set-subsequent-allowed="true" date-revised="2013-01-01" status="published"><classification-symbol>B66F9/07563</classification-symbol><class-title date-revised="2013-01-01"><title-part><CPC-specific-text><text>Fork-lift trucks adapted to be carried by transport vehicles</text></CPC-specific-text></title-part></class-title></classification-item>
<classification-item breakdown-code="false" not-allocatable="false" level="10" additional-only="false" sort-key="B66F9/07568" definition-exists="true" ipc-concordant="B66F9/075" c-set-base-allowed="false" c-set-subsequent-allowed="true" date-revised="2013-01-01" status="published"><classification-symbol>B66F9/07568</classification-symbol><class-title date-revised="2013-01-01"><title-part><CPC-specific-text><text>Steering arrangements</text></CPC-specific-text></title-part></class-title></classification-item>
<classification-item breakdown-code="false" not-allocatable="false" level="10" additional-only="false" sort-key="B66F9/07572" definition-exists="true" ipc-concordant="B66F9/075" c-set-base-allowed="false" c-set-subsequent-allowed="true" date-revised="2013-01-01" status="published"><classification-symbol>B66F9/07572</classification-symbol><class-title date-revised="2013-01-01"><title-part><CPC-specific-text><text>Propulsion arrangements</text></CPC-specific-text></title-part></class-title>
<classification-item breakdown-code="false" not-allocatable="false" level="11" additional-only="false" sort-key="B66F9/07577" definition-exists="true" ipc-concordant="B66F9/075" c-set-base-allowed="false" c-set-subsequent-allowed="true" date-revised="2013-01-01" status="published"><classification-symbol>B66F9/07577</classification-symbol><class-title date-revised="2013-01-01"><title-part><CPC-specific-text><text>not supported by wheels, e.g. tracks or air cushions</text></CPC-specific-text></title-part></class-title></classification-item></classification-item>
<classification-item breakdown-code="false" not-allocatable="false" level="10" additional-only="false" sort-key="B66F9/07581" definition-exists="true" ipc-concordant="B66F9/075" c-set-base-allowed="false" c-set-subsequent-allowed="true" date-revised="2013-01-01" status="published"><classification-symbol>B66F9/07581</classification-symbol><class-title date-revised="2013-01-01"><title-part><CPC-specific-text><text>Remote controls</text></CPC-specific-text></title-part></class-title></classification-item>
<classification-item breakdown-code="false" not-allocatable="false" level="10" additional-only="false" sort-key="B66F9/07586" definition-exists="true" ipc-concordant="B66F9/075" c-set-base-allowed="false" c-set-subsequent-allowed="true" date-revised="2013-01-01" status="published"><classification-symbol>B66F9/07586</classification-symbol><class-title date-revised="2013-01-01"><title-part><CPC-specific-text><text>Suspension or mounting of wheels on chassis</text></CPC-specific-text></title-part></class-title></classification-item>
<classification-item breakdown-code="false" not-allocatable="false" level="10" additional-only="false" sort-key="B66F9/0759" definition-exists="true" ipc-concordant="B66F9/075" c-set-base-allowed="false" c-set-subsequent-allowed="true" date-revised="2013-01-01" status="published"><classification-symbol>B66F9/0759</classification-symbol><class-title date-revised="2013-01-01"><title-part><CPC-specific-text><text>Details of operating station, e.g. seats, levers, operator platforms, cabin suspension</text></CPC-specific-text></title-part></class-title></classification-item>
<classification-item breakdown-code="false" not-allocatable="false" level="10" additional-only="false" sort-key="B66F9/07595" definition-exists="true" ipc-concordant="B66F9/075" c-set-base-allowed="false" c-set-subsequent-allowed="true" date-revised="2013-01-01" status="published"><classification-symbol>B66F9/07595</classification-symbol><class-title date-revised="2013-01-01"><title-part><CPC-specific-text><text>Cooling arrangements for device or operator</text></CPC-specific-text></title-part></class-title></classification-item>
<classification-item breakdown-code="false" not-allocatable="false" level="10" additional-only="false" sort-key="B66F9/08" definition-exists="true" ipc-concordant="B66F9/08" c-set-base-allowed="false" c-set-subsequent-allowed="true" date-revised="2013-01-01" status="published"><classification-symbol>B66F9/08</classification-symbol><class-title date-revised="2013-01-01"><title-part><text>Masts</text></title-part><title-part><text>Guides</text></title-part><title-part><text>Chains</text></title-part></class-title>
<classification-item breakdown-code="false" not-allocatable="false" level="11" additional-only="false" sort-key="B66F9/082" definition-exists="true" ipc-concordant="B66F9/08" c-set-base-allowed="false" c-set-subsequent-allowed="true" date-revised="2013-01-01" status="published"><classification-symbol>B66F9/082</classification-symbol><class-title date-revised="2013-01-01"><title-part><CPC-specific-text><text>inclinable</text></CPC-specific-text></title-part></class-title></classification-item>
<classification-item breakdown-code="false" not-allocatable="false" level="11" additional-only="false" sort-key="B66F9/085" definition-exists="true" ipc-concordant="B66F9/08" c-set-base-allowed="false" c-set-subsequent-allowed="true" date-revised="2013-01-01" status="published"><classification-symbol>B66F9/085</classification-symbol><class-title date-revised="2013-01-01"><title-part><CPC-specific-text><text>Multiple forks, i.e. more than one pair mounted on a single mast or with more than one mast</text></CPC-specific-text></title-part></class-title></classification-item>
<classification-item breakdown-code="false" not-allocatable="false" level="11" additional-only="false" sort-key="B66F9/087" definition-exists="true" ipc-concordant="B66F9/08" c-set-base-allowed="false" c-set-subsequent-allowed="true" date-revised="2013-01-01" status="published"><classification-symbol>B66F9/087</classification-symbol><class-title date-revised="2013-01-01"><title-part><CPC-specific-text><text>Monomasts</text></CPC-specific-text></title-part></class-title></classification-item>
<classification-item breakdown-code="false" not-allocatable="false" level="11" additional-only="false" sort-key="B66F9/10" definition-exists="true" ipc-concordant="B66F9/10" c-set-base-allowed="false" c-set-subsequent-allowed="true" date-revised="2013-01-01" status="published"><classification-symbol>B66F9/10</classification-symbol><class-title date-revised="2013-01-01"><title-part><text>movable in a horizontal direction relative to truck</text></title-part></class-title>
<classification-item breakdown-code="false" not-allocatable="false" level="12" additional-only="false" sort-key="B66F9/105" definition-exists="true" ipc-concordant="B66F9/10" c-set-base-allowed="false" c-set-subsequent-allowed="true" date-revised="2013-01-01" status="published"><classification-symbol>B66F9/105</classification-symbol><class-title date-revised="2013-01-01"><title-part><CPC-specific-text><text>Articulated, i.e. front chassis with wheels and mast rotatable relative to rear chassis with wheels</text></CPC-specific-text></title-part></class-title></classification-item></classification-item></classification-item>
<classification-item breakdown-code="false" not-allocatable="false" level="10" additional-only="false" sort-key="B66F9/12" definition-exists="true" ipc-concordant="B66F9/12" c-set-base-allowed="false" c-set-subsequent-allowed="true" date-revised="2013-01-01" status="published"><classification-symbol>B66F9/12</classification-symbol><class-title date-revised="2013-01-01"><title-part><text>Platforms</text></title-part><title-part><text>Forks</text></title-part><title-part><text>Other load supporting or gripping members</text></title-part></class-title>
<classification-item breakdown-code="false" not-allocatable="false" level="11" additional-only="false" sort-key="B66F9/122" definition-exists="true" ipc-concordant="B66F9/12" c-set-base-allowed="false" c-set-subsequent-allowed="true" date-revised="2013-01-01" status="published"><classification-symbol>B66F9/122</classification-symbol><class-title date-revised="2013-01-01"><title-part><CPC-specific-text><text>longitudinally movable</text></CPC-specific-text></title-part></class-title></classification-item>
<classification-item breakdown-code="false" not-allocatable="false" level="11" additional-only="false" sort-key="B66F9/125" definition-exists="true" ipc-concordant="B66F9/12" c-set-base-allowed="false" c-set-subsequent-allowed="true" date-revised="2013-01-01" status="published"><classification-symbol>B66F9/125</classification-symbol><class-title date-revised="2013-01-01"><title-part><CPC-specific-text><text>rotatable about a longitudinal axis</text></CPC-specific-text></title-part></class-title></classification-item>
<classification-item breakdown-code="false" not-allocatable="false" level="11" additional-only="false" sort-key="B66F9/127" definition-exists="true" ipc-concordant="B66F9/12" c-set-base-allowed="false" c-set-subsequent-allowed="true" date-revised="2013-01-01" status="published"><classification-symbol>B66F9/127</classification-symbol><class-title date-revised="2013-01-01"><title-part><CPC-specific-text><text>Working platforms</text></CPC-specific-text></title-part></class-title></classification-item>
<classification-item breakdown-code="false" not-allocatable="false" level="11" additional-only="false" sort-key="B66F9/14" definition-exists="true" ipc-concordant="B66F9/14" c-set-base-allowed="false" c-set-subsequent-allowed="true" date-revised="2013-01-01" status="published"><classification-symbol>B66F9/14</classification-symbol><class-title date-revised="2013-01-01"><title-part><text>laterally movable, e.g. swingable, for slewing or transverse movements</text></title-part></class-title>
<classification-item breakdown-code="false" not-allocatable="false" level="12" additional-only="false" sort-key="B66F9/141" definition-exists="true" ipc-concordant="B66F9/14" c-set-base-allowed="false" c-set-subsequent-allowed="true" date-revised="2013-01-01" status="published"><classification-symbol>B66F9/141</classification-symbol><class-title date-revised="2013-01-01"><title-part><CPC-specific-text><text>with shuttle-type movement</text></CPC-specific-text></title-part></class-title></classification-item>
<classification-item breakdown-code="false" not-allocatable="false" level="12" additional-only="false" sort-key="B66F9/142" definition-exists="true" ipc-concordant="B66F9/14" c-set-base-allowed="false" c-set-subsequent-allowed="true" date-revised="2013-01-01" status="published"><classification-symbol>B66F9/142</classification-symbol><class-title date-revised="2013-01-01"><title-part><CPC-specific-text><text>Movements of forks either individually or relative to each other</text></CPC-specific-text></title-part></class-title>
<classification-item breakdown-code="false" not-allocatable="false" level="13" additional-only="false" sort-key="B66F9/143" definition-exists="true" ipc-concordant="B66F9/14" c-set-base-allowed="false" c-set-subsequent-allowed="true" date-revised="2013-01-01" status="published"><classification-symbol>B66F9/143</classification-symbol><class-title date-revised="2013-01-01"><title-part><CPC-specific-text><text>Movements of forks relative to each other - symmetric</text></CPC-specific-text></title-part></class-title></classification-item>
<classification-item breakdown-code="false" not-allocatable="false" level="13" additional-only="false" sort-key="B66F9/144" definition-exists="true" ipc-concordant="B66F9/14" c-set-base-allowed="false" c-set-subsequent-allowed="true" date-revised="2013-01-01" status="published"><classification-symbol>B66F9/144</classification-symbol><class-title date-revised="2013-01-01"><title-part><CPC-specific-text><text>Movements of forks relative to each other - independent</text></CPC-specific-text></title-part></class-title></classification-item>
<classification-item breakdown-code="false" not-allocatable="false" level="13" additional-only="false" sort-key="B66F9/145" definition-exists="true" ipc-concordant="B66F9/14" c-set-base-allowed="false" c-set-subsequent-allowed="true" date-revised="2013-01-01" status="published"><classification-symbol>B66F9/145</classification-symbol><class-title date-revised="2013-01-01"><title-part><CPC-specific-text><text>Rotation of fork around vertical axis</text></CPC-specific-text></title-part></class-title></classification-item></classification-item>
<classification-item breakdown-code="false" not-allocatable="false" level="12" additional-only="false" sort-key="B66F9/146" definition-exists="true" ipc-concordant="B66F9/14" c-set-base-allowed="false" c-set-subsequent-allowed="true" date-revised="2013-01-01" status="published"><classification-symbol>B66F9/146</classification-symbol><class-title date-revised="2013-01-01"><title-part><CPC-specific-text><text>Side shift, i.e. both forks move together sideways relative to fork support</text></CPC-specific-text></title-part></class-title></classification-item>
<classification-item breakdown-code="false" not-allocatable="false" level="12" additional-only="false" sort-key="B66F9/147" definition-exists="true" ipc-concordant="B66F9/14" c-set-base-allowed="false" c-set-subsequent-allowed="true" date-revised="2013-01-01" status="published"><classification-symbol>B66F9/147</classification-symbol><class-title date-revised="2013-01-01"><title-part><CPC-specific-text><text>Whole unit including fork support moves relative to mast</text></CPC-specific-text></title-part></class-title>
<classification-item breakdown-code="false" not-allocatable="false" level="13" additional-only="false" sort-key="B66F9/148" definition-exists="true" ipc-concordant="B66F9/14" c-set-base-allowed="false" c-set-subsequent-allowed="true" date-revised="2013-01-01" status="published"><classification-symbol>B66F9/148</classification-symbol><class-title date-revised="2013-01-01"><title-part><CPC-specific-text><text>Whole unit including fork support moves sideways</text></CPC-specific-text></title-part></class-title></classification-item>
<classification-item breakdown-code="false" not-allocatable="false" level="13" additional-only="false" sort-key="B66F9/149" definition-exists="true" ipc-concordant="B66F9/14" c-set-base-allowed="false" c-set-subsequent-allowed="true" date-revised="2013-01-01" status="published"><classification-symbol>B66F9/149</classification-symbol><class-title date-revised="2013-01-01"><title-part><CPC-specific-text><text>Whole unit including fork support rotates</text></CPC-specific-text></title-part></class-title></classification-item></classification-item></classification-item>
<classification-item breakdown-code="false" not-allocatable="false" level="11" additional-only="false" sort-key="B66F9/16" definition-exists="true" ipc-concordant="B66F9/16" c-set-base-allowed="false" c-set-subsequent-allowed="true" date-revised="2013-01-01" status="published"><classification-symbol>B66F9/16</classification-symbol><class-title date-revised="2013-01-01"><title-part><text>inclinable relative to mast</text></title-part></class-title>
<classification-item breakdown-code="false" not-allocatable="false" level="12" additional-only="false" sort-key="B66F9/165" definition-exists="true" ipc-concordant="B66F9/16" c-set-base-allowed="false" c-set-subsequent-allowed="true" date-revised="2013-01-01" status="published"><classification-symbol>B66F9/165</classification-symbol><class-title date-revised="2013-01-01"><title-part><CPC-specific-text><text>Foldable forks, i.e. where only the horizontal section moves</text></CPC-specific-text></title-part></class-title></classification-item></classification-item>
<classification-item breakdown-code="false" not-allocatable="false" level="11" additional-only="false" sort-key="B66F9/18" definition-exists="true" ipc-concordant="B66F9/18" c-set-base-allowed="false" c-set-subsequent-allowed="true" date-revised="2013-01-01" status="published"><classification-symbol>B66F9/18</classification-symbol><class-title date-revised="2013-01-01"><title-part><text>Load gripping or retaining means</text></title-part></class-title>
<classification-item breakdown-code="false" not-allocatable="false" level="12" additional-only="false" sort-key="B66F9/181" definition-exists="true" ipc-concordant="B66F9/18" c-set-base-allowed="false" c-set-subsequent-allowed="true" date-revised="2013-01-01" status="published"><classification-symbol>B66F9/181</classification-symbol><class-title date-revised="2013-01-01"><title-part><CPC-specific-text><text>by suction means</text></CPC-specific-text></title-part></class-title></classification-item>
<classification-item breakdown-code="false" not-allocatable="false" level="12" additional-only="false" sort-key="B66F9/182" definition-exists="true" ipc-concordant="B66F9/18" c-set-base-allowed="false" c-set-subsequent-allowed="true" date-revised="2013-01-01" status="published"><classification-symbol>B66F9/182</classification-symbol><class-title date-revised="2013-01-01"><title-part><CPC-specific-text><text>by magnetic means</text></CPC-specific-text></title-part></class-title></classification-item>
<classification-item breakdown-code="false" not-allocatable="false" level="12" additional-only="false" sort-key="B66F9/183" definition-exists="true" ipc-concordant="B66F9/18" c-set-base-allowed="false" c-set-subsequent-allowed="true" date-revised="2013-01-01" status="published"><classification-symbol>B66F9/183</classification-symbol><class-title date-revised="2013-01-01"><title-part><CPC-specific-text><text>Coplanar side clamps</text></CPC-specific-text></title-part></class-title></classification-item>
<classification-item breakdown-code="false" not-allocatable="false" level="12" additional-only="false" sort-key="B66F9/184" definition-exists="true" ipc-concordant="B66F9/18" c-set-base-allowed="false" c-set-subsequent-allowed="true" date-revised="2013-01-01" status="published"><classification-symbol>B66F9/184</classification-symbol><class-title date-revised="2013-01-01"><title-part><CPC-specific-text><text>Roll clamps</text></CPC-specific-text></title-part></class-title></classification-item>
<classification-item breakdown-code="false" not-allocatable="false" level="12" additional-only="false" sort-key="B66F9/185" definition-exists="true" ipc-concordant="B66F9/18" c-set-base-allowed="false" c-set-subsequent-allowed="true" date-revised="2013-01-01" status="published"><classification-symbol>B66F9/185</classification-symbol><class-title date-revised="2013-01-01"><title-part><CPC-specific-text><text>by internally expanding grippers</text></CPC-specific-text></title-part></class-title></classification-item>
<classification-item breakdown-code="false" not-allocatable="false" level="12" additional-only="false" sort-key="B66F9/186" definition-exists="true" ipc-concordant="B66F9/18" c-set-base-allowed="false" c-set-subsequent-allowed="true" date-revised="2013-01-01" status="published"><classification-symbol>B66F9/186</classification-symbol><class-title date-revised="2013-01-01"><title-part><CPC-specific-text><text>Container lifting frames</text></CPC-specific-text></title-part></class-title></classification-item>
<classification-item breakdown-code="false" not-allocatable="false" level="12" additional-only="false" sort-key="B66F9/187" definition-exists="true" ipc-concordant="B66F9/18" c-set-base-allowed="false" c-set-subsequent-allowed="true" date-revised="2013-01-01" status="published"><classification-symbol>B66F9/187</classification-symbol><class-title date-revised="2013-01-01"><title-part><CPC-specific-text><text>Drum lifting devices</text></CPC-specific-text></title-part></class-title></classification-item>
<classification-item breakdown-code="false" not-allocatable="false" level="12" additional-only="false" sort-key="B66F9/188" definition-exists="true" ipc-concordant="B66F9/18" c-set-base-allowed="false" c-set-subsequent-allowed="true" date-revised="2013-01-01" status="published"><classification-symbol>B66F9/188</classification-symbol><class-title date-revised="2013-01-01"><title-part><CPC-specific-text><text>Stacked-bricks lifting devices</text></CPC-specific-text></title-part></class-title></classification-item></classification-item>
<classification-item breakdown-code="false" not-allocatable="false" level="11" additional-only="false" sort-key="B66F9/19" definition-exists="true" ipc-concordant="B66F9/19" c-set-base-allowed="false" c-set-subsequent-allowed="true" date-revised="2013-01-01" status="published"><classification-symbol>B66F9/19</classification-symbol><class-title date-revised="2013-01-01"><title-part><text>Additional means for facilitating unloading</text></title-part></class-title>
<classification-item breakdown-code="false" not-allocatable="false" level="12" additional-only="false" sort-key="B66F9/195" definition-exists="true" ipc-concordant="B66F9/19" c-set-base-allowed="false" c-set-subsequent-allowed="true" date-revised="2013-01-01" status="published"><classification-symbol>B66F9/195</classification-symbol><class-title date-revised="2013-01-01"><title-part><CPC-specific-text><text>for pushing the load</text></CPC-specific-text></title-part></class-title></classification-item></classification-item></classification-item>
<classification-item breakdown-code="false" not-allocatable="false" level="10" additional-only="false" sort-key="B66F9/20" definition-exists="true" ipc-concordant="B66F9/20" c-set-base-allowed="false" c-set-subsequent-allowed="true" date-revised="2013-01-01" status="published"><classification-symbol>B66F9/20</classification-symbol><class-title date-revised="2013-01-01"><title-part><text>Means for actuating or controlling masts, platforms, or forks </text><reference><text>power take-off from vehicle transmissions, combined with vehicle propulsion systems <class-ref scheme="cpc">B60K</class-ref></text></reference></title-part></class-title>
<classification-item breakdown-code="false" not-allocatable="false" level="11" additional-only="false" sort-key="B66F9/205" definition-exists="true" ipc-concordant="B66F9/20" c-set-base-allowed="false" c-set-subsequent-allowed="true" date-revised="2013-01-01" status="published"><classification-symbol>B66F9/205</classification-symbol><class-title date-revised="2013-01-01"><title-part><CPC-specific-text><text>Arrangements for transmitting pneumatic, hydraulic or electric power to movable parts or devices </text><reference><text>for cranes <class-ref scheme="cpc">B66C13/12</class-ref></text></reference></CPC-specific-text></title-part></class-title></classification-item>
<classification-item breakdown-code="false" not-allocatable="false" level="11" additional-only="false" sort-key="B66F9/22" definition-exists="true" ipc-concordant="B66F9/22" c-set-base-allowed="false" c-set-subsequent-allowed="true" date-revised="2013-01-01" status="published"><classification-symbol>B66F9/22</classification-symbol><class-title date-revised="2013-01-01"><title-part><text>Hydraulic devices or systems</text></title-part></class-title></classification-item>
<classification-item breakdown-code="false" not-allocatable="false" level="11" additional-only="false" sort-key="B66F9/24" definition-exists="true" ipc-concordant="B66F9/24" c-set-base-allowed="false" c-set-subsequent-allowed="true" date-revised="2013-01-01" status="published"><classification-symbol>B66F9/24</classification-symbol><class-title date-revised="2013-01-01"><title-part><text>Electrical devices or systems</text></title-part></class-title></classification-item></classification-item></classification-item></classification-item></classification-item>
<classification-item breakdown-code="false" not-allocatable="false" level="7" additional-only="false" sort-key="B66F11/00" definition-exists="true" ipc-concordant="B66F11/00" c-set-base-allowed="false" c-set-subsequent-allowed="true" date-revised="2013-01-01" status="published"><classification-symbol>B66F11/00</classification-symbol><class-title date-revised="2013-01-01"><title-part><text>Lifting devices specially adapted for particular uses not otherwise provided for </text><reference><text>ground-engaging vehicle fittings for supporting, lifting or manoeuvring the vehicle <class-ref scheme="cpc">B60S9/00</class-ref></text></reference></title-part></class-title>
<classification-item breakdown-code="false" not-allocatable="false" level="8" additional-only="false" sort-key="B66F11/04" definition-exists="true" ipc-concordant="B66F11/04" c-set-base-allowed="false" c-set-subsequent-allowed="true" date-revised="2013-01-01" status="published"><classification-symbol>B66F11/04</classification-symbol><class-title date-revised="2013-01-01"><title-part><text>for movable platforms or cabins, e.g. on vehicles, permitting workmen to place themselves in any desired position for carrying out required operations </text><reference><CPC-specific-text><text>Working platforms on fork-lift trucks <class-ref scheme="cpc">B66F9/127</class-ref>; </text></CPC-specific-text><text> vehicle aspects of service vehicles <class-ref scheme="cpc">B60P3/14</class-ref>; platforms for cleaning windows <class-ref scheme="cpc">A47L3/02</class-ref>; devices for rescuing persons from buildings <class-ref scheme="cpc">A62B1/02</class-ref>; liftable or lowerable platforms for use on ladders <class-ref scheme="cpc">E06C7/16</class-ref>; maintenance travellers for bridges <class-ref scheme="cpc">E01D19/10</class-ref>; scaffolds on an extensible sub-structure <class-ref scheme="cpc">E04G1/22</class-ref></text></reference></title-part></class-title>
<classification-item breakdown-code="false" not-allocatable="false" level="9" additional-only="false" sort-key="B66F11/042" definition-exists="true" ipc-concordant="B66F11/04" c-set-base-allowed="false" c-set-subsequent-allowed="true" date-revised="2013-01-01" status="published"><classification-symbol>B66F11/042</classification-symbol><class-title date-revised="2013-01-01"><title-part><CPC-specific-text><text>actuated by lazy-tongs mechanisms or articulated levers</text></CPC-specific-text></title-part></class-title></classification-item>
<classification-item breakdown-code="false" not-allocatable="false" level="9" additional-only="false" sort-key="B66F11/044" definition-exists="true" ipc-concordant="B66F11/04" c-set-base-allowed="false" c-set-subsequent-allowed="true" date-revised="2013-01-01" status="published"><classification-symbol>B66F11/044</classification-symbol><class-title date-revised="2013-01-01"><title-part><CPC-specific-text><text>Working platforms suspended from booms</text></CPC-specific-text></title-part></class-title>
<classification-item breakdown-code="false" not-allocatable="false" level="10" additional-only="false" sort-key="B66F11/046" definition-exists="true" ipc-concordant="B66F11/04" c-set-base-allowed="false" c-set-subsequent-allowed="true" date-revised="2013-01-01" status="published"><classification-symbol>B66F11/046</classification-symbol><class-title date-revised="2013-01-01"><title-part><CPC-specific-text><text>of the telescoping type</text></CPC-specific-text></title-part></class-title></classification-item></classification-item>
<classification-item breakdown-code="false" not-allocatable="false" level="9" additional-only="false" sort-key="B66F11/048" definition-exists="true" ipc-concordant="B66F11/04" c-set-base-allowed="false" c-set-subsequent-allowed="true" date-revised="2013-01-01" status="published"><classification-symbol>B66F11/048</classification-symbol><class-title date-revised="2013-01-01"><title-part><CPC-specific-text><text>Mobile camera platform</text></CPC-specific-text></title-part></class-title></classification-item></classification-item></classification-item>
<classification-item breakdown-code="false" not-allocatable="false" level="7" additional-only="false" sort-key="B66F13/00" definition-exists="true" ipc-concordant="B66F13/00" c-set-base-allowed="false" c-set-subsequent-allowed="true" date-revised="2013-01-01" status="published"><classification-symbol>B66F13/00</classification-symbol><class-title date-revised="2013-01-01"><title-part><text>Common constructional features or accessories</text></title-part></class-title>
<classification-item breakdown-code="false" not-allocatable="false" level="8" additional-only="false" sort-key="B66F13/005" definition-exists="true" ipc-concordant="B66F13/00" c-set-base-allowed="false" c-set-subsequent-allowed="true" date-revised="2013-01-01" status="published"><classification-symbol>B66F13/005</classification-symbol><class-title date-revised="2013-01-01"><title-part><CPC-specific-text><text>Thrust chain devices</text></CPC-specific-text></title-part></class-title></classification-item></classification-item>
<classification-item breakdown-code="false" not-allocatable="false" level="7" additional-only="false" sort-key="B66F15/00" definition-exists="true" ipc-concordant="B66F15/00" c-set-base-allowed="false" c-set-subsequent-allowed="true" date-revised="2013-01-01" status="published"><classification-symbol>B66F15/00</classification-symbol><class-title date-revised="2013-01-01"><title-part><text>Crowbars or levers</text></title-part></class-title></classification-item>
<classification-item breakdown-code="false" not-allocatable="false" level="7" additional-only="false" sort-key="B66F17/00" definition-exists="true" ipc-concordant="B66F17/00" c-set-base-allowed="false" c-set-subsequent-allowed="true" date-revised="2013-01-01" status="published"><classification-symbol>B66F17/00</classification-symbol><class-title date-revised="2013-01-01"><title-part><text>Safety devices, e.g. for limiting or indicating lifting force</text></title-part></class-title>
<classification-item breakdown-code="false" not-allocatable="false" level="8" additional-only="false" sort-key="B66F17/003" definition-exists="true" ipc-concordant="B66F17/00" c-set-base-allowed="false" c-set-subsequent-allowed="true" date-revised="2013-01-01" status="published"><classification-symbol>B66F17/003</classification-symbol><class-title date-revised="2013-01-01"><title-part><CPC-specific-text><text>for fork-lift trucks</text></CPC-specific-text></title-part></class-title></classification-item>
<classification-item breakdown-code="false" not-allocatable="false" level="8" additional-only="false" sort-key="B66F17/006" definition-exists="true" ipc-concordant="B66F17/00" c-set-base-allowed="false" c-set-subsequent-allowed="true" date-revised="2013-01-01" status="published"><classification-symbol>B66F17/006</classification-symbol><class-title date-revised="2013-01-01"><title-part><CPC-specific-text><text>for working platforms</text></CPC-specific-text></title-part></class-title></classification-item></classification-item>
<classification-item breakdown-code="false" not-allocatable="false" level="7" additional-only="false" sort-key="B66F19/00" definition-exists="true" ipc-concordant="B66F19/00" c-set-base-allowed="false" c-set-subsequent-allowed="true" date-revised="2013-01-01" status="published"><classification-symbol>B66F19/00</classification-symbol><class-title date-revised="2013-01-01"><title-part><text>Hoisting, lifting, hauling or pushing, not otherwise provided for</text></title-part></class-title>
<classification-item breakdown-code="false" not-allocatable="false" level="8" additional-only="false" sort-key="B66F19/005" definition-exists="true" ipc-concordant="B66F19/00" c-set-base-allowed="false" c-set-subsequent-allowed="true" date-revised="2013-01-01" status="published"><classification-symbol>B66F19/005</classification-symbol><class-title date-revised="2013-01-01"><title-part><CPC-specific-text><text>Lifting devices for manhole covers</text></CPC-specific-text></title-part></class-title></classification-item></classification-item></classification-item>
<classification-item breakdown-code="false" not-allocatable="true" level="6" additional-only="true" sort-key="B66F700/00" date-revised="2013-01-01" status="published"><classification-symbol>B66F2700/00</classification-symbol>
<classification-item breakdown-code="true" not-allocatable="false" level="7" additional-only="true" sort-key="B66F700/00" definition-exists="false" ipc-concordant="CPCONLY" c-set-base-allowed="false" c-set-subsequent-allowed="true" date-revised="2013-01-01" status="published"><classification-symbol>B66F2700/00</classification-symbol><class-title date-revised="2013-01-01"><title-part><text>Lifting apparatus</text></title-part></class-title>
<classification-item breakdown-code="true" not-allocatable="false" level="8" additional-only="true" sort-key="B66F700/02" definition-exists="false" ipc-concordant="CPCONLY" c-set-base-allowed="false" c-set-subsequent-allowed="true" date-revised="2013-01-01" status="published"><classification-symbol>B66F2700/02</classification-symbol><class-title date-revised="2013-01-01"><title-part><text>Lifting devices with a toothed post and pawl latch or with a post and locking elements</text></title-part></class-title>
<classification-item breakdown-code="true" not-allocatable="false" level="9" additional-only="true" sort-key="B66F700/025" definition-exists="false" ipc-concordant="CPCONLY" c-set-base-allowed="false" c-set-subsequent-allowed="true" date-revised="2013-01-01" status="published"><classification-symbol>B66F2700/025</classification-symbol><class-title date-revised="2013-01-01"><title-part><text>with a post and locking elements</text></title-part></class-title></classification-item></classification-item>
<classification-item breakdown-code="true" not-allocatable="false" level="8" additional-only="true" sort-key="B66F700/03" definition-exists="false" ipc-concordant="CPCONLY" c-set-base-allowed="false" c-set-subsequent-allowed="true" date-revised="2013-01-01" status="published"><classification-symbol>B66F2700/03</classification-symbol><class-title date-revised="2013-01-01"><title-part><text>Lifting jacks with pinion and rack</text></title-part></class-title></classification-item>
<classification-item breakdown-code="true" not-allocatable="false" level="8" additional-only="true" sort-key="B66F700/04" definition-exists="false" ipc-concordant="CPCONLY" c-set-base-allowed="false" c-set-subsequent-allowed="true" date-revised="2013-01-01" status="published"><classification-symbol>B66F2700/04</classification-symbol><class-title date-revised="2013-01-01"><title-part><text>Jacks with screw and nut</text></title-part></class-title></classification-item>
<classification-item breakdown-code="true" not-allocatable="false" level="8" additional-only="true" sort-key="B66F700/05" definition-exists="false" ipc-concordant="CPCONLY" c-set-base-allowed="false" c-set-subsequent-allowed="true" date-revised="2013-01-01" status="published"><classification-symbol>B66F2700/05</classification-symbol><class-title date-revised="2013-01-01"><title-part><text>Hydraulic jacks</text></title-part></class-title>
<classification-item breakdown-code="true" not-allocatable="false" level="9" additional-only="true" sort-key="B66F700/052" definition-exists="false" ipc-concordant="CPCONLY" c-set-base-allowed="false" c-set-subsequent-allowed="true" date-revised="2013-01-01" status="published"><classification-symbol>B66F2700/052</classification-symbol><class-title date-revised="2013-01-01"><title-part><text>Support- or transmission members</text></title-part></class-title></classification-item>
<classification-item breakdown-code="true" not-allocatable="false" level="9" additional-only="true" sort-key="B66F700/055" definition-exists="false" ipc-concordant="CPCONLY" c-set-base-allowed="false" c-set-subsequent-allowed="true" date-revised="2013-01-01" status="published"><classification-symbol>B66F2700/055</classification-symbol><class-title date-revised="2013-01-01"><title-part><text>Jacks with a single cylinder</text></title-part></class-title>
<classification-item breakdown-code="true" not-allocatable="false" level="10" additional-only="true" sort-key="B66F700/057" definition-exists="false" ipc-concordant="CPCONLY" c-set-base-allowed="false" c-set-subsequent-allowed="true" date-revised="2013-01-01" status="published"><classification-symbol>B66F2700/057</classification-symbol><class-title date-revised="2013-01-01"><title-part><text>Pistons, e.g. telescopic</text></title-part><title-part><text>Cylinders or sealing joints</text></title-part><title-part><text>Hydraulic travel-limiting devices or shock damping</text></title-part></class-title></classification-item></classification-item></classification-item>
<classification-item breakdown-code="true" not-allocatable="false" level="8" additional-only="true" sort-key="B66F700/07" definition-exists="false" ipc-concordant="CPCONLY" c-set-base-allowed="false" c-set-subsequent-allowed="true" date-revised="2013-01-01" status="published"><classification-symbol>B66F2700/07</classification-symbol><class-title date-revised="2013-01-01"><title-part><text>Lifting devices actuated by the driving force of water</text></title-part></class-title></classification-item>
<classification-item breakdown-code="true" not-allocatable="false" level="8" additional-only="true" sort-key="B66F700/09" definition-exists="false" ipc-concordant="CPCONLY" c-set-base-allowed="false" c-set-subsequent-allowed="true" date-revised="2013-01-01" status="published"><classification-symbol>B66F2700/09</classification-symbol><class-title date-revised="2013-01-01"><title-part><text>Other lifting devices</text></title-part></class-title></classification-item>
<classification-item breakdown-code="true" not-allocatable="false" level="8" additional-only="true" sort-key="B66F700/12" definition-exists="false" ipc-concordant="CPCONLY" c-set-base-allowed="false" c-set-subsequent-allowed="true" date-revised="2013-01-01" status="published"><classification-symbol>B66F2700/12</classification-symbol><class-title date-revised="2013-01-01"><title-part><text>Lifting platforms for vehicles or motorcycles or similar lifting apparatus</text></title-part></class-title>
<classification-item breakdown-code="true" not-allocatable="false" level="9" additional-only="true" sort-key="B66F700/123" definition-exists="false" ipc-concordant="CPCONLY" c-set-base-allowed="false" c-set-subsequent-allowed="true" date-revised="2013-01-01" status="published"><classification-symbol>B66F2700/123</classification-symbol><class-title date-revised="2013-01-01"><title-part><text>Details concerning the support members or devices not related to the lifting itself</text></title-part></class-title></classification-item>
<classification-item breakdown-code="true" not-allocatable="false" level="9" additional-only="true" sort-key="B66F700/126" definition-exists="false" ipc-concordant="CPCONLY" c-set-base-allowed="false" c-set-subsequent-allowed="true" date-revised="2013-01-01" status="published"><classification-symbol>B66F2700/126</classification-symbol><class-title date-revised="2013-01-01"><title-part><text>Arrangements in which the platform is fixed to the upper end of a single or plural jacks</text></title-part></class-title></classification-item></classification-item></classification-item></classification-item></classification-item></class-scheme>