<?xml version="1.0" encoding="UTF-8"?>
<class-scheme publication-date="2018-02-01" scheme-type="cpc" publication-type="official">
<classification-item breakdown-code="false" not-allocatable="true" level="5" additional-only="false" sort-key="B62M" definition-exists="true" date-revised="2013-01-01" status="published"><classification-symbol>B62M</classification-symbol><class-title date-revised="2013-01-01"><title-part><text>RIDER PROPULSION OF WHEELED VEHICLES OR SLEDGES</text></title-part><title-part><text>POWERED PROPULSION OF SLEDGES OR </text><CPC-specific-text><text>SINGLE-TRACK</text></CPC-specific-text><text> CYCLES</text></title-part><title-part><text>TRANSMISSIONS SPECIALLY ADAPTED FOR SUCH VEHICLES </text><reference><text>arrangements or mounting of transmissions in vehicles in general <class-ref scheme="cpc">B60K</class-ref>; transmission elements <u>per se</u> <class-ref scheme="cpc">F16</class-ref></text></reference></title-part></class-title><notes-and-warnings date-revised="2013-01-01"><note type="note"><note-paragraph>In this subclass, the term &quot;transmission&quot; means all parts between the prime mover or the part to which a rider immediately applies propulsive effort, e.g. pedal cranks, and a driven ground wheel.</note-paragraph></note></notes-and-warnings>
<classification-item breakdown-code="false" not-allocatable="true" level="6" additional-only="false" sort-key="B62M1/00" date-revised="2013-01-01" status="published"><classification-symbol>B62M1/00</classification-symbol><class-title date-revised="2013-01-01"><title-part><text>Rider propulsion of wheeled vehicles </text><reference><text>propulsion by ground-engaging rods <class-ref scheme="cpc">B62M29/02</class-ref></text></reference></title-part></class-title>
<classification-item breakdown-code="false" not-allocatable="false" level="7" additional-only="false" sort-key="B62M1/00" definition-exists="true" ipc-concordant="B62M1/00" c-set-base-allowed="false" c-set-subsequent-allowed="true" date-revised="2013-01-01" status="published"><classification-symbol>B62M1/00</classification-symbol><class-title date-revised="2013-01-01"><title-part><text>Rider propulsion of wheeled vehicles </text><reference><text>rider propulsion with additional source of power <class-ref scheme="cpc">B62M6/00</class-ref>; propulsion by ground-engaging rods <class-ref scheme="cpc">B62M29/02</class-ref></text></reference></title-part></class-title><notes-and-warnings date-revised="2013-01-01"><note type="note"><note-paragraph>Groups <class-ref scheme="cpc">B62M1/12</class-ref>-<class-ref scheme="cpc">B62M1/34</class-ref> correspond to IPC2013.01</note-paragraph></note></notes-and-warnings>
<classification-item breakdown-code="false" not-allocatable="false" level="8" additional-only="false" sort-key="B62M1/10" definition-exists="false" ipc-concordant="B62M1/10" c-set-base-allowed="false" c-set-subsequent-allowed="true" date-revised="2013-01-01" status="published"><classification-symbol>B62M1/10</classification-symbol><class-title date-revised="2013-01-01"><title-part><text>involving devices which enable the mechanical storing and releasing of energy occasionally, e.g. arrangement of flywheels</text></title-part></class-title>
<classification-item breakdown-code="false" not-allocatable="false" level="9" additional-only="false" sort-key="B62M1/105" definition-exists="false" ipc-concordant="B62M1/10" c-set-base-allowed="false" c-set-subsequent-allowed="true" date-revised="2013-01-01" status="published"><classification-symbol>B62M1/105</classification-symbol><class-title date-revised="2013-01-01"><title-part><CPC-specific-text><text>using elastic elements</text></CPC-specific-text></title-part></class-title></classification-item></classification-item>
<classification-item breakdown-code="false" not-allocatable="false" level="8" additional-only="false" sort-key="B62M1/12" definition-exists="false" ipc-concordant="B62M1/12" c-set-base-allowed="false" c-set-subsequent-allowed="true" date-revised="2013-01-01" status="published"><classification-symbol>B62M1/12</classification-symbol><class-title date-revised="2013-01-01"><title-part><text>operated by both hand and foot power</text></title-part></class-title></classification-item>
<classification-item breakdown-code="false" not-allocatable="false" level="8" additional-only="false" sort-key="B62M1/14" definition-exists="false" ipc-concordant="B62M1/14" c-set-base-allowed="false" c-set-subsequent-allowed="true" date-revised="2013-01-01" status="published"><classification-symbol>B62M1/14</classification-symbol><class-title date-revised="2013-01-01"><title-part><text>operated exclusively by hand power</text></title-part></class-title>
<classification-item breakdown-code="false" not-allocatable="false" level="9" additional-only="false" sort-key="B62M1/16" definition-exists="false" ipc-concordant="B62M1/16" c-set-base-allowed="false" c-set-subsequent-allowed="true" date-revised="2017-08-01" status="published"><classification-symbol>B62M1/16</classification-symbol><class-title date-revised="2017-08-01"><title-part><text>by means of a to-and-fro movable handlebar</text></title-part></class-title></classification-item></classification-item>
<classification-item breakdown-code="false" not-allocatable="false" level="8" additional-only="false" sort-key="B62M1/18" definition-exists="false" ipc-concordant="B62M1/18" c-set-base-allowed="false" c-set-subsequent-allowed="true" date-revised="2013-01-01" status="published"><classification-symbol>B62M1/18</classification-symbol><class-title date-revised="2013-01-01"><title-part><text>by movement of rider&apos;s saddle</text></title-part></class-title>
<classification-item breakdown-code="false" not-allocatable="false" level="9" additional-only="false" sort-key="B62M1/20" definition-exists="false" ipc-concordant="B62M1/20" c-set-base-allowed="false" c-set-subsequent-allowed="true" date-revised="2013-01-01" status="published"><classification-symbol>B62M1/20</classification-symbol><class-title date-revised="2013-01-01"><title-part><text>with additional rider propulsion means</text></title-part></class-title></classification-item></classification-item>
<classification-item breakdown-code="false" not-allocatable="false" level="8" additional-only="false" sort-key="B62M1/24" definition-exists="true" ipc-concordant="B62M1/24" c-set-base-allowed="false" c-set-subsequent-allowed="true" date-revised="2013-01-01" status="published"><classification-symbol>B62M1/24</classification-symbol><class-title date-revised="2013-01-01"><title-part><text>with reciprocating levers, e.g. foot levers </text><reference><text>levers with can be immobilised as foot rests <class-ref scheme="cpc">B62M5/00</class-ref></text></reference></title-part></class-title>
<classification-item breakdown-code="false" not-allocatable="false" level="9" additional-only="false" sort-key="B62M1/26" definition-exists="true" ipc-concordant="B62M1/26" c-set-base-allowed="false" c-set-subsequent-allowed="true" date-revised="2013-01-01" status="published"><classification-symbol>B62M1/26</classification-symbol><class-title date-revised="2013-01-01"><title-part><text>characterised by rotary cranks combined with reciprocating levers</text></title-part></class-title></classification-item>
<classification-item breakdown-code="false" not-allocatable="false" level="9" additional-only="false" sort-key="B62M1/28" definition-exists="true" ipc-concordant="B62M1/28" c-set-base-allowed="false" c-set-subsequent-allowed="true" date-revised="2013-01-01" status="published"><classification-symbol>B62M1/28</classification-symbol><class-title date-revised="2013-01-01"><title-part><text>characterised by the use of flexible drive members, e.g. chains</text></title-part></class-title></classification-item>
<classification-item breakdown-code="false" not-allocatable="false" level="9" additional-only="false" sort-key="B62M1/30" definition-exists="true" ipc-concordant="B62M1/30" c-set-base-allowed="false" c-set-subsequent-allowed="true" date-revised="2013-01-01" status="published"><classification-symbol>B62M1/30</classification-symbol><class-title date-revised="2013-01-01"><title-part><text>characterised by the use of intermediate gears</text></title-part></class-title></classification-item>
<classification-item breakdown-code="false" not-allocatable="false" level="9" additional-only="false" sort-key="B62M1/32" definition-exists="true" ipc-concordant="B62M1/32" c-set-base-allowed="false" c-set-subsequent-allowed="true" date-revised="2013-01-01" status="published"><classification-symbol>B62M1/32</classification-symbol><class-title date-revised="2013-01-01"><title-part><text>characterised by directly driving the wheel axle, e.g. by using a ratchet wheel</text></title-part></class-title></classification-item></classification-item>
<classification-item breakdown-code="false" not-allocatable="false" level="8" additional-only="false" sort-key="B62M1/34" definition-exists="true" ipc-concordant="B62M1/34" c-set-base-allowed="false" c-set-subsequent-allowed="true" date-revised="2013-01-01" status="published"><classification-symbol>B62M1/34</classification-symbol><class-title date-revised="2013-01-01"><title-part><text>by walking on an endless belt</text></title-part></class-title></classification-item>
<classification-item breakdown-code="false" not-allocatable="false" level="8" additional-only="false" sort-key="B62M1/36" definition-exists="true" ipc-concordant="B62M1/36" c-set-base-allowed="false" c-set-subsequent-allowed="true" date-revised="2013-01-01" status="published"><classification-symbol>B62M1/36</classification-symbol><class-title date-revised="2013-01-01"><title-part><text>with rotary cranks, e.g. with pedal cranks </text><reference><text><class-ref scheme="cpc">B62M1/34</class-ref> takes precedence; combined with reciprocating levers <class-ref scheme="cpc">B62M1/26</class-ref>; cranks which can be immobilised as foot rests <class-ref scheme="cpc">B62M5/00</class-ref></text></reference></title-part></class-title>
<classification-item breakdown-code="false" not-allocatable="false" level="9" additional-only="false" sort-key="B62M1/38" definition-exists="true" ipc-concordant="B62M1/38" c-set-base-allowed="false" c-set-subsequent-allowed="true" date-revised="2013-01-01" status="published"><classification-symbol>B62M1/38</classification-symbol><class-title date-revised="2013-01-01"><title-part><text>for directly driving the wheel axle</text></title-part></class-title></classification-item></classification-item></classification-item>
<classification-item breakdown-code="false" not-allocatable="false" level="7" additional-only="false" sort-key="B62M3/00" definition-exists="true" ipc-concordant="B62M3/00" c-set-base-allowed="false" c-set-subsequent-allowed="true" date-revised="2013-01-01" status="published"><classification-symbol>B62M3/00</classification-symbol><class-title date-revised="2013-01-01"><title-part><text>Construction of cranks operated by hand or foot</text></title-part></class-title>
<classification-item breakdown-code="false" not-allocatable="false" level="8" additional-only="false" sort-key="B62M3/003" definition-exists="false" ipc-concordant="B62M3/00" c-set-base-allowed="false" c-set-subsequent-allowed="true" date-revised="2013-01-01" status="published"><classification-symbol>B62M3/003</classification-symbol><class-title date-revised="2013-01-01"><title-part><CPC-specific-text><text>Combination of crank axles and bearings housed in the bottom bracket </text><reference><text>bottom bracket frame details <class-ref scheme="cpc">B62K19/34</class-ref></text></reference></CPC-specific-text></title-part></class-title></classification-item>
<classification-item breakdown-code="true" not-allocatable="false" level="8" additional-only="true" sort-key="B62M3/006" definition-exists="false" ipc-concordant="B62M3/00" c-set-base-allowed="false" c-set-subsequent-allowed="true" date-revised="2013-01-01" status="published"><classification-symbol>B62M2003/006</classification-symbol><class-title date-revised="2013-01-01"><title-part><CPC-specific-text><text>Crank arrangements to overcome dead points</text></CPC-specific-text></title-part></class-title></classification-item>
<classification-item breakdown-code="false" not-allocatable="false" level="8" additional-only="false" sort-key="B62M3/02" definition-exists="false" ipc-concordant="B62M3/02" c-set-base-allowed="false" c-set-subsequent-allowed="true" date-revised="2013-01-01" status="published"><classification-symbol>B62M3/02</classification-symbol><class-title date-revised="2013-01-01"><title-part><text>of adjustable length</text></title-part></class-title>
<classification-item breakdown-code="false" not-allocatable="false" level="9" additional-only="false" sort-key="B62M3/04" definition-exists="false" ipc-concordant="B62M3/04" c-set-base-allowed="false" c-set-subsequent-allowed="true" date-revised="2013-01-01" status="published"><classification-symbol>B62M3/04</classification-symbol><class-title date-revised="2013-01-01"><title-part><text>automatically adjusting</text></title-part></class-title></classification-item></classification-item>
<classification-item breakdown-code="false" not-allocatable="false" level="8" additional-only="false" sort-key="B62M3/06" definition-exists="false" ipc-concordant="B62M3/06" c-set-base-allowed="false" c-set-subsequent-allowed="true" date-revised="2013-01-01" status="published"><classification-symbol>B62M3/06</classification-symbol><class-title date-revised="2013-01-01"><title-part><text>with elliptical or other non-circular rotary movement</text></title-part></class-title></classification-item>
<classification-item breakdown-code="false" not-allocatable="false" level="8" additional-only="false" sort-key="B62M3/08" definition-exists="false" ipc-concordant="B62M3/08" c-set-base-allowed="false" c-set-subsequent-allowed="true" date-revised="2013-01-01" status="published"><classification-symbol>B62M3/08</classification-symbol><class-title date-revised="2013-01-01"><title-part><text>Pedals</text></title-part></class-title>
<classification-item breakdown-code="false" not-allocatable="false" level="9" additional-only="false" sort-key="B62M3/083" definition-exists="false" ipc-concordant="B62M3/08" c-set-base-allowed="false" c-set-subsequent-allowed="true" date-revised="2013-01-01" status="published"><classification-symbol>B62M3/083</classification-symbol><class-title date-revised="2013-01-01"><title-part><CPC-specific-text><text>Toe clip</text></CPC-specific-text></title-part></class-title></classification-item>
<classification-item breakdown-code="false" not-allocatable="false" level="9" additional-only="false" sort-key="B62M3/086" definition-exists="false" ipc-concordant="B62M3/08" c-set-base-allowed="false" c-set-subsequent-allowed="true" date-revised="2013-01-01" status="published"><classification-symbol>B62M3/086</classification-symbol><class-title date-revised="2013-01-01"><title-part><CPC-specific-text><text>Attachments between shoe and pedal other than toe clips, e.g. cleats </text><reference><text>shoes for cyclists <class-ref scheme="cpc">A43B5/14</class-ref></text></reference></CPC-specific-text></title-part></class-title></classification-item>
<classification-item breakdown-code="false" not-allocatable="false" level="9" additional-only="false" sort-key="B62M3/10" definition-exists="false" ipc-concordant="B62M3/10" c-set-base-allowed="false" c-set-subsequent-allowed="true" date-revised="2013-01-01" status="published"><classification-symbol>B62M3/10</classification-symbol><class-title date-revised="2013-01-01"><title-part><text>All-metal pedals</text></title-part></class-title></classification-item>
<classification-item breakdown-code="false" not-allocatable="false" level="9" additional-only="false" sort-key="B62M3/12" definition-exists="false" ipc-concordant="B62M3/12" c-set-base-allowed="false" c-set-subsequent-allowed="true" date-revised="2013-01-01" status="published"><classification-symbol>B62M3/12</classification-symbol><class-title date-revised="2013-01-01"><title-part><text>with reflectors</text></title-part></class-title></classification-item></classification-item>
<classification-item breakdown-code="false" not-allocatable="false" level="8" additional-only="false" sort-key="B62M3/14" definition-exists="false" ipc-concordant="B62M3/14" c-set-base-allowed="false" c-set-subsequent-allowed="true" date-revised="2013-01-01" status="published"><classification-symbol>B62M3/14</classification-symbol><class-title date-revised="2013-01-01"><title-part><text>Hand-grips for hand-operated cranks</text></title-part></class-title></classification-item>
<classification-item breakdown-code="false" not-allocatable="false" level="8" additional-only="false" sort-key="B62M3/16" definition-exists="false" ipc-concordant="B62M3/16" c-set-base-allowed="false" c-set-subsequent-allowed="true" date-revised="2013-01-01" status="published"><classification-symbol>B62M3/16</classification-symbol><class-title date-revised="2013-01-01"><title-part><text>Accessories</text></title-part></class-title></classification-item></classification-item>
<classification-item breakdown-code="false" not-allocatable="false" level="7" additional-only="false" sort-key="B62M5/00" definition-exists="true" ipc-concordant="B62M5/00" c-set-base-allowed="false" c-set-subsequent-allowed="true" date-revised="2013-01-01" status="published"><classification-symbol>B62M5/00</classification-symbol><class-title date-revised="2013-01-01"><title-part><text>Foot-driven levers as pedal cranks which can be immobilised as foot-rests </text><reference><text>immobilising against theft <class-ref scheme="cpc">B62H5/10</class-ref></text></reference></title-part></class-title></classification-item>
<classification-item breakdown-code="false" not-allocatable="false" level="7" additional-only="false" sort-key="B62M6/00" definition-exists="true" ipc-concordant="B62M6/00" c-set-base-allowed="false" c-set-subsequent-allowed="true" date-revised="2013-01-01" status="published"><classification-symbol>B62M6/00</classification-symbol><class-title date-revised="2013-01-01"><title-part><text>Rider propulsion of wheeled vehicles with additional source of power, e.g. combustion engine or electric motor</text></title-part></class-title><notes-and-warnings date-revised="2013-01-01"><note type="note"><note-paragraph>In this main group, at each hierarchical level, in the absence of an indication to the contrary, classification is made in the first appropriate place </note-paragraph></note></notes-and-warnings>
<classification-item breakdown-code="false" not-allocatable="false" level="8" additional-only="false" sort-key="B62M6/10" definition-exists="true" ipc-concordant="B62M6/10" c-set-base-allowed="false" c-set-subsequent-allowed="true" date-revised="2013-01-01" status="published"><classification-symbol>B62M6/10</classification-symbol><class-title date-revised="2013-01-01"><title-part><text>Rider propelled cycles with auxiliary combustion engine</text></title-part></class-title>
<classification-item breakdown-code="false" not-allocatable="false" level="9" additional-only="false" sort-key="B62M6/15" definition-exists="true" ipc-concordant="B62M6/15" c-set-base-allowed="false" c-set-subsequent-allowed="true" date-revised="2013-01-01" status="published"><classification-symbol>B62M6/15</classification-symbol><class-title date-revised="2013-01-01"><title-part><text>Control or actuating devices therefor</text></title-part></class-title></classification-item>
<classification-item breakdown-code="false" not-allocatable="false" level="9" additional-only="false" sort-key="B62M6/20" definition-exists="true" ipc-concordant="B62M6/20" c-set-base-allowed="false" c-set-subsequent-allowed="true" date-revised="2013-01-01" status="published"><classification-symbol>B62M6/20</classification-symbol><class-title date-revised="2013-01-01"><title-part><text>power-driven at crank shaft parts</text></title-part></class-title></classification-item>
<classification-item breakdown-code="false" not-allocatable="false" level="9" additional-only="false" sort-key="B62M6/25" definition-exists="true" ipc-concordant="B62M6/25" c-set-base-allowed="false" c-set-subsequent-allowed="true" date-revised="2013-01-01" status="published"><classification-symbol>B62M6/25</classification-symbol><class-title date-revised="2013-01-01"><title-part><text>power-driven at axle parts</text></title-part></class-title></classification-item>
<classification-item breakdown-code="false" not-allocatable="false" level="9" additional-only="false" sort-key="B62M6/30" definition-exists="true" ipc-concordant="B62M6/30" c-set-base-allowed="false" c-set-subsequent-allowed="true" date-revised="2013-01-01" status="published"><classification-symbol>B62M6/30</classification-symbol><class-title date-revised="2013-01-01"><title-part><text>power-driven at single endless flexible member, e.g. chain, between cycle crankshaft and wheel axle, the engine engaging the endless flexible member</text></title-part></class-title></classification-item>
<classification-item breakdown-code="false" not-allocatable="false" level="9" additional-only="false" sort-key="B62M6/35" definition-exists="true" ipc-concordant="B62M6/35" c-set-base-allowed="false" c-set-subsequent-allowed="true" date-revised="2013-01-01" status="published"><classification-symbol>B62M6/35</classification-symbol><class-title date-revised="2013-01-01"><title-part><text>power-driven by friction rollers or gears engaging the ground wheel</text></title-part></class-title></classification-item></classification-item>
<classification-item breakdown-code="false" not-allocatable="false" level="8" additional-only="false" sort-key="B62M6/40" definition-exists="true" ipc-concordant="B62M6/40" c-set-base-allowed="false" c-set-subsequent-allowed="true" date-revised="2013-01-01" status="published"><classification-symbol>B62M6/40</classification-symbol><class-title date-revised="2013-01-01"><title-part><text>Rider propelled cycles with auxiliary electric motor</text></title-part></class-title>
<classification-item breakdown-code="false" not-allocatable="false" level="9" additional-only="false" sort-key="B62M6/45" definition-exists="true" ipc-concordant="B62M6/45" c-set-base-allowed="false" c-set-subsequent-allowed="true" date-revised="2013-01-01" status="published"><classification-symbol>B62M6/45</classification-symbol><class-title date-revised="2013-01-01"><title-part><text>Control or actuating devices therefor</text></title-part></class-title>
<classification-item breakdown-code="false" not-allocatable="false" level="10" additional-only="false" sort-key="B62M6/50" definition-exists="true" ipc-concordant="B62M6/50" c-set-base-allowed="false" c-set-subsequent-allowed="true" date-revised="2013-01-01" status="published"><classification-symbol>B62M6/50</classification-symbol><class-title date-revised="2013-01-01"><title-part><text>characterised by detectors or sensors, or arrangement thereof</text></title-part></class-title></classification-item></classification-item>
<classification-item breakdown-code="false" not-allocatable="false" level="9" additional-only="false" sort-key="B62M6/55" definition-exists="true" ipc-concordant="B62M6/55" c-set-base-allowed="false" c-set-subsequent-allowed="true" date-revised="2013-01-01" status="published"><classification-symbol>B62M6/55</classification-symbol><class-title date-revised="2013-01-01"><title-part><text>power-driven at crank shafts parts</text></title-part></class-title></classification-item>
<classification-item breakdown-code="false" not-allocatable="false" level="9" additional-only="false" sort-key="B62M6/60" definition-exists="true" ipc-concordant="B62M6/60" c-set-base-allowed="false" c-set-subsequent-allowed="true" date-revised="2013-01-01" status="published"><classification-symbol>B62M6/60</classification-symbol><class-title date-revised="2013-01-01"><title-part><text>power-driven at axle parts</text></title-part></class-title>
<classification-item breakdown-code="false" not-allocatable="false" level="10" additional-only="false" sort-key="B62M6/65" definition-exists="true" ipc-concordant="B62M6/65" c-set-base-allowed="false" c-set-subsequent-allowed="true" date-revised="2013-01-01" status="published"><classification-symbol>B62M6/65</classification-symbol><class-title date-revised="2013-01-01"><title-part><text>with axle and driving shaft arranged coaxially</text></title-part></class-title></classification-item></classification-item>
<classification-item breakdown-code="false" not-allocatable="false" level="9" additional-only="false" sort-key="B62M6/70" definition-exists="true" ipc-concordant="B62M6/70" c-set-base-allowed="false" c-set-subsequent-allowed="true" date-revised="2013-01-01" status="published"><classification-symbol>B62M6/70</classification-symbol><class-title date-revised="2013-01-01"><title-part><text>power-driven at single endless flexible member, e.g. chain, between cycle crankshaft and wheel axle, the motor engaging the endless flexible member</text></title-part></class-title></classification-item>
<classification-item breakdown-code="false" not-allocatable="false" level="9" additional-only="false" sort-key="B62M6/75" definition-exists="true" ipc-concordant="B62M6/75" c-set-base-allowed="false" c-set-subsequent-allowed="true" date-revised="2013-01-01" status="published"><classification-symbol>B62M6/75</classification-symbol><class-title date-revised="2013-01-01"><title-part><text>power-driven by friction rollers or gears engaging the ground wheel</text></title-part></class-title></classification-item></classification-item>
<classification-item breakdown-code="false" not-allocatable="false" level="8" additional-only="false" sort-key="B62M6/80" definition-exists="true" ipc-concordant="B62M6/80" c-set-base-allowed="false" c-set-subsequent-allowed="true" date-revised="2013-01-01" status="published"><classification-symbol>B62M6/80</classification-symbol><class-title date-revised="2013-01-01"><title-part><text>Accessories, e.g. power sources</text></title-part><title-part><text>Arrangements thereof</text></title-part></class-title>
<classification-item breakdown-code="false" not-allocatable="false" level="9" additional-only="false" sort-key="B62M6/85" definition-exists="true" ipc-concordant="B62M6/85" c-set-base-allowed="false" c-set-subsequent-allowed="true" date-revised="2013-01-01" status="published"><classification-symbol>B62M6/85</classification-symbol><class-title date-revised="2013-01-01"><title-part><text>Solar cells</text></title-part></class-title></classification-item>
<classification-item breakdown-code="false" not-allocatable="false" level="9" additional-only="false" sort-key="B62M6/90" definition-exists="true" ipc-concordant="B62M6/90" c-set-base-allowed="false" c-set-subsequent-allowed="true" date-revised="2013-01-01" status="published"><classification-symbol>B62M6/90</classification-symbol><class-title date-revised="2013-01-01"><title-part><text>Batteries</text></title-part></class-title></classification-item></classification-item></classification-item>
<classification-item breakdown-code="false" not-allocatable="false" level="7" additional-only="false" sort-key="B62M7/00" definition-exists="true" ipc-concordant="B62M7/00" c-set-base-allowed="false" c-set-subsequent-allowed="true" date-revised="2013-01-01" status="published"><classification-symbol>B62M7/00</classification-symbol><class-title date-revised="2013-01-01"><title-part><text>Motorcycles characterised by position of motor or engine </text><reference><text>rider propulsion with addition source of power, e.g. auxiliary combustion engine or electric motor <class-ref scheme="cpc">B62M6/00</class-ref>; frames characterised by position of engine <class-ref scheme="cpc">B62K11/00</class-ref></text></reference></title-part></class-title>
<classification-item breakdown-code="true" not-allocatable="false" level="8" additional-only="true" sort-key="B62M7/005" definition-exists="false" ipc-concordant="B62M7/00" c-set-base-allowed="false" c-set-subsequent-allowed="true" date-revised="2013-01-01" status="published"><classification-symbol>B62M2007/005</classification-symbol><class-title date-revised="2013-01-01"><title-part><CPC-specific-text><text>the cycle being equipped with a pneumatic motor</text></CPC-specific-text></title-part></class-title></classification-item>
<classification-item breakdown-code="false" not-allocatable="false" level="8" additional-only="false" sort-key="B62M7/02" definition-exists="false" ipc-concordant="B62M7/02" c-set-base-allowed="false" c-set-subsequent-allowed="true" date-revised="2013-01-01" status="published"><classification-symbol>B62M7/02</classification-symbol><class-title date-revised="2013-01-01"><title-part><text>with engine between front and rear wheels</text></title-part></class-title>
<classification-item breakdown-code="false" not-allocatable="false" level="9" additional-only="false" sort-key="B62M7/04" definition-exists="false" ipc-concordant="B62M7/04" c-set-base-allowed="false" c-set-subsequent-allowed="true" date-revised="2013-01-01" status="published"><classification-symbol>B62M7/04</classification-symbol><class-title date-revised="2013-01-01"><title-part><text>below the frame</text></title-part></class-title></classification-item>
<classification-item breakdown-code="false" not-allocatable="false" level="9" additional-only="false" sort-key="B62M7/06" definition-exists="false" ipc-concordant="B62M7/06" c-set-base-allowed="false" c-set-subsequent-allowed="true" date-revised="2013-01-01" status="published"><classification-symbol>B62M7/06</classification-symbol><class-title date-revised="2013-01-01"><title-part><text>directly under the saddle or seat</text></title-part></class-title></classification-item></classification-item>
<classification-item breakdown-code="false" not-allocatable="false" level="8" additional-only="false" sort-key="B62M7/08" definition-exists="false" ipc-concordant="B62M7/08" c-set-base-allowed="false" c-set-subsequent-allowed="true" date-revised="2013-01-01" status="published"><classification-symbol>B62M7/08</classification-symbol><class-title date-revised="2013-01-01"><title-part><text>with the engine over the rear wheel</text></title-part></class-title></classification-item>
<classification-item breakdown-code="false" not-allocatable="false" level="8" additional-only="false" sort-key="B62M7/10" definition-exists="false" ipc-concordant="B62M7/10" c-set-base-allowed="false" c-set-subsequent-allowed="true" date-revised="2013-01-01" status="published"><classification-symbol>B62M7/10</classification-symbol><class-title date-revised="2013-01-01"><title-part><text>with the engine over the front wheel</text></title-part></class-title></classification-item>
<classification-item breakdown-code="false" not-allocatable="false" level="8" additional-only="false" sort-key="B62M7/12" definition-exists="false" ipc-concordant="B62M7/12" c-set-base-allowed="false" c-set-subsequent-allowed="true" date-revised="2013-01-01" status="published"><classification-symbol>B62M7/12</classification-symbol><class-title date-revised="2013-01-01"><title-part><text>with the engine beside or within the driven wheel</text></title-part></class-title></classification-item>
<classification-item breakdown-code="false" not-allocatable="false" level="8" additional-only="false" sort-key="B62M7/14" definition-exists="false" ipc-concordant="B62M7/14" c-set-base-allowed="false" c-set-subsequent-allowed="true" date-revised="2013-01-01" status="published"><classification-symbol>B62M7/14</classification-symbol><class-title date-revised="2013-01-01"><title-part><text>with the engine on an auxiliary wheeled unit, e.g. trailer, sidecar </text><reference><text>trailers <class-ref scheme="cpc">B60P</class-ref>, <class-ref scheme="cpc">B62D</class-ref>; sidecars <class-ref scheme="cpc">B62K27/00</class-ref></text></reference></title-part></class-title>
<classification-item breakdown-code="false" not-allocatable="false" level="9" additional-only="false" sort-key="B62M7/16" definition-exists="false" ipc-concordant="B62M7/14" c-set-base-allowed="false" c-set-subsequent-allowed="true" date-revised="2015-10-01" status="published"><classification-symbol>B62M7/16</classification-symbol><class-title date-revised="2015-10-01"><title-part><CPC-specific-text><text>with wheel of unit driven by the engine</text></CPC-specific-text></title-part></class-title></classification-item></classification-item></classification-item></classification-item>
<classification-item breakdown-code="false" not-allocatable="true" level="6" additional-only="false" sort-key="B62M9/00" date-revised="2013-01-01" status="published"><classification-symbol>B62M9/00</classification-symbol><class-title date-revised="2013-01-01"><title-part><text>Tranmissions </text><CPC-specific-text><reference><text>freewheels or freewheels clutches specially adapted for cycles <class-ref scheme="cpc">F16D41/24</class-ref></text></reference></CPC-specific-text></title-part></class-title>
<classification-item breakdown-code="false" not-allocatable="false" level="7" additional-only="false" sort-key="B62M9/00" definition-exists="true" ipc-concordant="B62M9/00" c-set-base-allowed="false" c-set-subsequent-allowed="true" date-revised="2013-01-01" status="published"><classification-symbol>B62M9/00</classification-symbol><class-title date-revised="2013-01-01"><title-part><text>Transmissions characterised by use of an endless chain, belt, or the like </text><reference><text>cycle chain guards <class-ref scheme="cpc">B62J13/00</class-ref></text></reference></title-part></class-title><notes-and-warnings date-revised="2013-01-01"><note type="note"><note-paragraph>In this main group, at each hierarchical level, in the absence of an indication to the contrary, classification is made in the first appropriate place. </note-paragraph></note></notes-and-warnings>
<classification-item breakdown-code="true" not-allocatable="false" level="8" additional-only="true" sort-key="B62M9/002" definition-exists="false" ipc-concordant="B62M9/00" c-set-base-allowed="false" c-set-subsequent-allowed="true" date-revised="2013-01-01" status="published"><classification-symbol>B62M2009/002</classification-symbol><class-title date-revised="2013-01-01"><title-part><CPC-specific-text><text>Non-circular chain rings or sprockets</text></CPC-specific-text></title-part></class-title></classification-item>
<classification-item breakdown-code="true" not-allocatable="false" level="8" additional-only="true" sort-key="B62M9/005" definition-exists="false" ipc-concordant="B62M9/00" c-set-base-allowed="false" c-set-subsequent-allowed="true" date-revised="2013-01-01" status="published"><classification-symbol>B62M2009/005</classification-symbol><class-title date-revised="2013-01-01"><title-part><CPC-specific-text><text>Details of transmission chains specially adapted for bicycles</text></CPC-specific-text></title-part></class-title></classification-item>
<classification-item breakdown-code="true" not-allocatable="false" level="8" additional-only="true" sort-key="B62M9/007" definition-exists="false" ipc-concordant="B62M9/00" c-set-base-allowed="false" c-set-subsequent-allowed="true" date-revised="2013-01-01" status="published"><classification-symbol>B62M2009/007</classification-symbol><class-title date-revised="2013-01-01"><title-part><CPC-specific-text><text>Guides to prevent chain from slipping off the sprocket</text></CPC-specific-text></title-part></class-title></classification-item>
<classification-item breakdown-code="false" not-allocatable="false" level="8" additional-only="false" sort-key="B62M9/02" definition-exists="false" ipc-concordant="B62M9/02" c-set-base-allowed="false" c-set-subsequent-allowed="true" date-revised="2013-01-01" status="published"><classification-symbol>B62M9/02</classification-symbol><class-title date-revised="2013-01-01"><title-part><text>of unchangeable ratio</text></title-part></class-title></classification-item>
<classification-item breakdown-code="false" not-allocatable="false" level="8" additional-only="false" sort-key="B62M9/04" definition-exists="false" ipc-concordant="B62M9/04" c-set-base-allowed="false" c-set-subsequent-allowed="true" date-revised="2013-01-01" status="published"><classification-symbol>B62M9/04</classification-symbol><class-title date-revised="2013-01-01"><title-part><text>of changeable ratio</text></title-part></class-title>
<classification-item breakdown-code="false" not-allocatable="false" level="9" additional-only="false" sort-key="B62M9/06" definition-exists="false" ipc-concordant="B62M9/06" c-set-base-allowed="false" c-set-subsequent-allowed="true" date-revised="2013-01-01" status="published"><classification-symbol>B62M9/06</classification-symbol><class-title date-revised="2013-01-01"><title-part><text>using a single chain, belt, or the like</text></title-part></class-title>
<classification-item breakdown-code="false" not-allocatable="false" level="10" additional-only="false" sort-key="B62M9/08" definition-exists="false" ipc-concordant="B62M9/08" c-set-base-allowed="false" c-set-subsequent-allowed="true" date-revised="2013-01-01" status="published"><classification-symbol>B62M9/08</classification-symbol><class-title date-revised="2013-01-01"><title-part><text>involving eccentrically- mounted or elliptically-shaped driving or driven wheel</text></title-part><title-part><text>with expansible driving or driven wheel</text></title-part></class-title>
<classification-item breakdown-code="false" not-allocatable="false" level="11" additional-only="false" sort-key="B62M9/085" definition-exists="false" ipc-concordant="B62M9/08" c-set-base-allowed="false" c-set-subsequent-allowed="true" date-revised="2013-01-01" status="published"><classification-symbol>B62M9/085</classification-symbol><class-title date-revised="2013-01-01"><title-part><CPC-specific-text><text>involving eccentrically mounted driving or driven wheel</text></CPC-specific-text></title-part></class-title></classification-item></classification-item>
<classification-item breakdown-code="false" not-allocatable="false" level="10" additional-only="false" sort-key="B62M9/10" definition-exists="false" ipc-concordant="B62M9/10" c-set-base-allowed="false" c-set-subsequent-allowed="true" date-revised="2013-01-01" status="published"><classification-symbol>B62M9/10</classification-symbol><class-title date-revised="2013-01-01"><title-part><text>involving different-sized wheels, </text><CPC-specific-text><text>e.g. rear sprocket chain wheels</text></CPC-specific-text><text> selectively engaged by the chain, belt, or the like </text><CPC-specific-text><reference><text>bicycle hubs rotatably arranged on axle <class-ref scheme="cpc">B60B27/023</class-ref></text></reference></CPC-specific-text></title-part></class-title>
<classification-item breakdown-code="false" not-allocatable="false" level="11" additional-only="false" sort-key="B62M9/105" definition-exists="false" ipc-concordant="B62M9/10" c-set-base-allowed="false" c-set-subsequent-allowed="true" date-revised="2013-01-01" status="published"><classification-symbol>B62M9/105</classification-symbol><class-title date-revised="2013-01-01"><title-part><CPC-specific-text><text>involving front sprocket chain-wheels engaged by the chain, belt or the like</text></CPC-specific-text></title-part></class-title></classification-item>
<classification-item breakdown-code="false" not-allocatable="false" level="11" additional-only="false" sort-key="B62M9/12" definition-exists="true" ipc-concordant="B62M9/12" c-set-base-allowed="false" c-set-subsequent-allowed="true" date-revised="2017-08-01" status="published"><classification-symbol>B62M9/12</classification-symbol><class-title date-revised="2017-08-01"><title-part><text>the chain, belt, or the like being laterally shiftable </text><CPC-specific-text><text>, e.g. using a rear derailleur</text></CPC-specific-text></title-part></class-title>
<classification-item breakdown-code="false" not-allocatable="false" level="12" additional-only="false" sort-key="B62M9/121" definition-exists="true" ipc-concordant="B62M9/121" c-set-base-allowed="false" c-set-subsequent-allowed="true" date-revised="2013-01-01" status="published"><classification-symbol>B62M9/121</classification-symbol><class-title date-revised="2013-01-01"><title-part><text>Rear derailleurs</text></title-part></class-title>
<classification-item breakdown-code="false" not-allocatable="false" level="13" additional-only="false" sort-key="B62M9/122" definition-exists="true" ipc-concordant="B62M9/122" c-set-base-allowed="false" c-set-subsequent-allowed="true" date-revised="2013-01-01" status="published"><classification-symbol>B62M9/122</classification-symbol><class-title date-revised="2013-01-01"><title-part><text>electrically or fluid actuated</text></title-part><title-part><text>Controls thereof</text></title-part></class-title></classification-item>
<classification-item breakdown-code="false" not-allocatable="false" level="13" additional-only="false" sort-key="B62M9/123" definition-exists="true" ipc-concordant="B62M9/123" c-set-base-allowed="false" c-set-subsequent-allowed="true" date-revised="2013-01-01" status="published"><classification-symbol>B62M9/123</classification-symbol><class-title date-revised="2013-01-01"><title-part><text>changing gears automatically</text></title-part></class-title></classification-item>
<classification-item breakdown-code="false" not-allocatable="false" level="13" additional-only="false" sort-key="B62M9/124" definition-exists="true" ipc-concordant="B62M9/124" c-set-base-allowed="false" c-set-subsequent-allowed="true" date-revised="2013-01-01" status="published"><classification-symbol>B62M9/124</classification-symbol><class-title date-revised="2013-01-01"><title-part><text>Mechanisms for shifting laterally</text></title-part></class-title>
<classification-item breakdown-code="true" not-allocatable="false" level="14" additional-only="true" sort-key="B62M9/12406" definition-exists="false" ipc-concordant="B62M9/124" c-set-base-allowed="false" c-set-subsequent-allowed="true" date-revised="2013-01-01" status="published"><classification-symbol>B62M2009/12406</classification-symbol><class-title date-revised="2013-01-01"><title-part><CPC-specific-text><text>Rear derailleur comprising a rigid pivoting arm</text></CPC-specific-text></title-part></class-title></classification-item>
<classification-item breakdown-code="true" not-allocatable="false" level="14" additional-only="true" sort-key="B62M9/12413" definition-exists="false" ipc-concordant="B62M9/124" c-set-base-allowed="false" c-set-subsequent-allowed="true" date-revised="2013-01-01" status="published"><classification-symbol>B62M2009/12413</classification-symbol><class-title date-revised="2013-01-01"><title-part><CPC-specific-text><text>Rear derailleur comprising telescoping mechanisms</text></CPC-specific-text></title-part></class-title></classification-item>
<classification-item breakdown-code="false" not-allocatable="false" level="14" additional-only="false" sort-key="B62M9/1242" definition-exists="true" ipc-concordant="B62M9/1242" c-set-base-allowed="false" c-set-subsequent-allowed="true" date-revised="2013-01-01" status="published"><classification-symbol>B62M9/1242</classification-symbol><class-title date-revised="2013-01-01"><title-part><text>characterised by the linkage mechanisms</text></title-part></class-title></classification-item>
<classification-item breakdown-code="false" not-allocatable="false" level="14" additional-only="false" sort-key="B62M9/1244" definition-exists="true" ipc-concordant="B62M9/1244" c-set-base-allowed="false" c-set-subsequent-allowed="true" date-revised="2013-01-01" status="published"><classification-symbol>B62M9/1244</classification-symbol><class-title date-revised="2013-01-01"><title-part><text>limiting or positioning the movement</text></title-part></class-title>
<classification-item breakdown-code="false" not-allocatable="false" level="15" additional-only="false" sort-key="B62M9/1246" definition-exists="true" ipc-concordant="B62M9/1246" c-set-base-allowed="false" c-set-subsequent-allowed="true" date-revised="2013-01-01" status="published"><classification-symbol>B62M9/1246</classification-symbol><class-title date-revised="2013-01-01"><title-part><text>using cams or plates</text></title-part></class-title></classification-item></classification-item>
<classification-item breakdown-code="false" not-allocatable="false" level="14" additional-only="false" sort-key="B62M9/1248" definition-exists="true" ipc-concordant="B62M9/1248" c-set-base-allowed="false" c-set-subsequent-allowed="true" date-revised="2013-01-01" status="published"><classification-symbol>B62M9/1248</classification-symbol><class-title date-revised="2013-01-01"><title-part><text>characterised by the use of biasing means, e.g. springs</text></title-part><title-part><text>Arrangements thereof</text></title-part></class-title></classification-item></classification-item>
<classification-item breakdown-code="false" not-allocatable="false" level="13" additional-only="false" sort-key="B62M9/125" definition-exists="true" ipc-concordant="B62M9/125" c-set-base-allowed="false" c-set-subsequent-allowed="true" date-revised="2013-01-01" status="published"><classification-symbol>B62M9/125</classification-symbol><class-title date-revised="2013-01-01"><title-part><text>Mounting the derailleur on the frame</text></title-part></class-title></classification-item>
<classification-item breakdown-code="false" not-allocatable="false" level="13" additional-only="false" sort-key="B62M9/126" definition-exists="true" ipc-concordant="B62M9/126" c-set-base-allowed="false" c-set-subsequent-allowed="true" date-revised="2013-01-01" status="published"><classification-symbol>B62M9/126</classification-symbol><class-title date-revised="2013-01-01"><title-part><text>Chain guides</text></title-part><title-part><text>Mounting thereof</text></title-part></class-title></classification-item>
<classification-item breakdown-code="false" not-allocatable="false" level="13" additional-only="false" sort-key="B62M9/127" definition-exists="true" ipc-concordant="B62M9/127" c-set-base-allowed="false" c-set-subsequent-allowed="true" date-revised="2013-01-01" status="published"><classification-symbol>B62M9/127</classification-symbol><class-title date-revised="2013-01-01"><title-part><text>Mounting or guiding of cables</text></title-part></class-title></classification-item>
<classification-item breakdown-code="false" not-allocatable="false" level="13" additional-only="false" sort-key="B62M9/128" definition-exists="true" ipc-concordant="B62M9/128" c-set-base-allowed="false" c-set-subsequent-allowed="true" date-revised="2013-01-01" status="published"><classification-symbol>B62M9/128</classification-symbol><class-title date-revised="2013-01-01"><title-part><text>Accessories, e.g. protectors</text></title-part></class-title></classification-item></classification-item>
<classification-item breakdown-code="false" not-allocatable="false" level="12" additional-only="false" sort-key="B62M9/131" definition-exists="true" ipc-concordant="B62M9/131" c-set-base-allowed="false" c-set-subsequent-allowed="true" date-revised="2013-01-01" status="published"><classification-symbol>B62M9/131</classification-symbol><class-title date-revised="2013-01-01"><title-part><text>Front derailleurs</text></title-part></class-title>
<classification-item breakdown-code="false" not-allocatable="false" level="13" additional-only="false" sort-key="B62M9/132" definition-exists="true" ipc-concordant="B62M9/132" c-set-base-allowed="false" c-set-subsequent-allowed="true" date-revised="2013-01-01" status="published"><classification-symbol>B62M9/132</classification-symbol><class-title date-revised="2013-01-01"><title-part><text>electrically or fluid actuated</text></title-part><title-part><text>Controls thereof</text></title-part></class-title></classification-item>
<classification-item breakdown-code="false" not-allocatable="false" level="13" additional-only="false" sort-key="B62M9/133" definition-exists="true" ipc-concordant="B62M9/133" c-set-base-allowed="false" c-set-subsequent-allowed="true" date-revised="2013-01-01" status="published"><classification-symbol>B62M9/133</classification-symbol><class-title date-revised="2013-01-01"><title-part><text>changing gears automatically</text></title-part></class-title></classification-item>
<classification-item breakdown-code="false" not-allocatable="false" level="13" additional-only="false" sort-key="B62M9/134" definition-exists="true" ipc-concordant="B62M9/134" c-set-base-allowed="false" c-set-subsequent-allowed="true" date-revised="2013-01-01" status="published"><classification-symbol>B62M9/134</classification-symbol><class-title date-revised="2013-01-01"><title-part><text>Mechanisms for shifting laterally</text></title-part></class-title>
<classification-item breakdown-code="false" not-allocatable="false" level="14" additional-only="false" sort-key="B62M9/1342" definition-exists="true" ipc-concordant="B62M9/1342" c-set-base-allowed="false" c-set-subsequent-allowed="true" date-revised="2013-01-01" status="published"><classification-symbol>B62M9/1342</classification-symbol><class-title date-revised="2013-01-01"><title-part><text>characterised by the linkage mechanisms</text></title-part></class-title></classification-item>
<classification-item breakdown-code="false" not-allocatable="false" level="14" additional-only="false" sort-key="B62M9/1344" definition-exists="true" ipc-concordant="B62M9/1344" c-set-base-allowed="false" c-set-subsequent-allowed="true" date-revised="2013-01-01" status="published"><classification-symbol>B62M9/1344</classification-symbol><class-title date-revised="2013-01-01"><title-part><text>limiting or positioning the movement</text></title-part></class-title>
<classification-item breakdown-code="false" not-allocatable="false" level="15" additional-only="false" sort-key="B62M9/1346" definition-exists="true" ipc-concordant="B62M9/1346" c-set-base-allowed="false" c-set-subsequent-allowed="true" date-revised="2013-01-01" status="published"><classification-symbol>B62M9/1346</classification-symbol><class-title date-revised="2013-01-01"><title-part><text>using cams or plates</text></title-part></class-title></classification-item>
<classification-item breakdown-code="false" not-allocatable="false" level="15" additional-only="false" sort-key="B62M9/1348" definition-exists="true" ipc-concordant="B62M9/1348" c-set-base-allowed="false" c-set-subsequent-allowed="true" date-revised="2013-01-01" status="published"><classification-symbol>B62M9/1348</classification-symbol><class-title date-revised="2013-01-01"><title-part><text>characterised by the use of biasing means, e.g. springs</text></title-part><title-part><text>Arrangements thereof</text></title-part></class-title></classification-item></classification-item></classification-item>
<classification-item breakdown-code="false" not-allocatable="false" level="13" additional-only="false" sort-key="B62M9/135" definition-exists="true" ipc-concordant="B62M9/135" c-set-base-allowed="false" c-set-subsequent-allowed="true" date-revised="2013-01-01" status="published"><classification-symbol>B62M9/135</classification-symbol><class-title date-revised="2013-01-01"><title-part><text>Mounting the derailleur on the frame</text></title-part></class-title></classification-item>
<classification-item breakdown-code="false" not-allocatable="false" level="13" additional-only="false" sort-key="B62M9/136" definition-exists="true" ipc-concordant="B62M9/136" c-set-base-allowed="false" c-set-subsequent-allowed="true" date-revised="2013-01-01" status="published"><classification-symbol>B62M9/136</classification-symbol><class-title date-revised="2013-01-01"><title-part><text>Chain guides</text></title-part><title-part><text>Mounting thereof</text></title-part></class-title></classification-item>
<classification-item breakdown-code="false" not-allocatable="false" level="13" additional-only="false" sort-key="B62M9/137" definition-exists="true" ipc-concordant="B62M9/137" c-set-base-allowed="false" c-set-subsequent-allowed="true" date-revised="2013-01-01" status="published"><classification-symbol>B62M9/137</classification-symbol><class-title date-revised="2013-01-01"><title-part><text>Mounting or guiding of cables</text></title-part></class-title></classification-item>
<classification-item breakdown-code="false" not-allocatable="false" level="13" additional-only="false" sort-key="B62M9/138" definition-exists="true" ipc-concordant="B62M9/138" c-set-base-allowed="false" c-set-subsequent-allowed="true" date-revised="2013-01-01" status="published"><classification-symbol>B62M9/138</classification-symbol><class-title date-revised="2013-01-01"><title-part><text>Accessories, e.g. protectors</text></title-part></class-title></classification-item></classification-item></classification-item>
<classification-item breakdown-code="false" not-allocatable="false" level="11" additional-only="false" sort-key="B62M9/14" definition-exists="false" ipc-concordant="B62M9/14" c-set-base-allowed="false" c-set-subsequent-allowed="true" date-revised="2013-01-01" status="published"><classification-symbol>B62M9/14</classification-symbol><class-title date-revised="2013-01-01"><title-part><text>the wheels being laterally shiftable</text></title-part></class-title></classification-item></classification-item></classification-item></classification-item>
<classification-item breakdown-code="false" not-allocatable="false" level="8" additional-only="false" sort-key="B62M9/16" definition-exists="false" ipc-concordant="B62M9/16" c-set-base-allowed="false" c-set-subsequent-allowed="true" date-revised="2013-01-01" status="published"><classification-symbol>B62M9/16</classification-symbol><class-title date-revised="2013-01-01"><title-part><text>Tensioning or adjusting equipment for chains, belts or the like</text></title-part></class-title></classification-item></classification-item>
<classification-item breakdown-code="false" not-allocatable="false" level="7" additional-only="false" sort-key="B62M11/00" definition-exists="true" ipc-concordant="B62M11/00" c-set-base-allowed="false" c-set-subsequent-allowed="true" date-revised="2017-08-01" status="published"><classification-symbol>B62M11/00</classification-symbol><class-title date-revised="2017-08-01"><title-part><text>Transmissions characterised by the use of interengaging toothed wheels or frictionally-engaging wheels </text><reference><text>with roller engaging the periphery of ground wheel <class-ref scheme="cpc">B62M13/00</class-ref></text></reference></title-part></class-title>
<classification-item breakdown-code="false" not-allocatable="false" level="8" additional-only="false" sort-key="B62M11/02" definition-exists="false" ipc-concordant="B62M11/02" c-set-base-allowed="false" c-set-subsequent-allowed="true" date-revised="2013-01-01" status="published"><classification-symbol>B62M11/02</classification-symbol><class-title date-revised="2013-01-01"><title-part><text>of unchangeable ratio</text></title-part></class-title></classification-item>
<classification-item breakdown-code="false" not-allocatable="false" level="8" additional-only="false" sort-key="B62M11/04" definition-exists="false" ipc-concordant="B62M11/04" c-set-base-allowed="false" c-set-subsequent-allowed="true" date-revised="2013-01-01" status="published"><classification-symbol>B62M11/04</classification-symbol><class-title date-revised="2013-01-01"><title-part><text>of changeable ratio</text></title-part></class-title>
<classification-item breakdown-code="false" not-allocatable="false" level="9" additional-only="false" sort-key="B62M11/06" definition-exists="false" ipc-concordant="B62M11/06" c-set-base-allowed="false" c-set-subsequent-allowed="true" date-revised="2013-01-01" status="published"><classification-symbol>B62M11/06</classification-symbol><class-title date-revised="2013-01-01"><title-part><text>with spur gear wheels </text><reference><text><class-ref scheme="cpc">B62M11/14</class-ref> takes precedence</text></reference></title-part></class-title>
<classification-item breakdown-code="false" not-allocatable="false" level="10" additional-only="false" sort-key="B62M11/08" definition-exists="false" ipc-concordant="B62M11/06" c-set-base-allowed="false" c-set-subsequent-allowed="true" date-revised="2015-10-01" status="published"><classification-symbol>B62M11/08</classification-symbol><class-title date-revised="2015-10-01"><title-part><CPC-specific-text><text>with a radially-shiftable intermediate gear wheel</text></CPC-specific-text></title-part></class-title></classification-item></classification-item>
<classification-item breakdown-code="false" not-allocatable="false" level="9" additional-only="false" sort-key="B62M11/10" definition-exists="false" ipc-concordant="B62M11/10" c-set-base-allowed="false" c-set-subsequent-allowed="true" date-revised="2013-01-01" status="published"><classification-symbol>B62M11/10</classification-symbol><class-title date-revised="2013-01-01"><title-part><text>with bevel gear wheels </text><reference><text><class-ref scheme="cpc">B62M11/14</class-ref> takes precedence</text></reference></title-part></class-title></classification-item>
<classification-item breakdown-code="false" not-allocatable="false" level="9" additional-only="false" sort-key="B62M11/12" definition-exists="false" ipc-concordant="B62M11/12" c-set-base-allowed="false" c-set-subsequent-allowed="true" date-revised="2013-01-01" status="published"><classification-symbol>B62M11/12</classification-symbol><class-title date-revised="2013-01-01"><title-part><text>with frictionally-engaging wheels </text><reference><text><class-ref scheme="cpc">B62M11/14</class-ref> takes precedence</text></reference></title-part></class-title></classification-item>
<classification-item breakdown-code="false" not-allocatable="false" level="9" additional-only="false" sort-key="B62M11/14" definition-exists="false" ipc-concordant="B62M11/14" c-set-base-allowed="false" c-set-subsequent-allowed="true" date-revised="2013-01-01" status="published"><classification-symbol>B62M11/14</classification-symbol><class-title date-revised="2013-01-01"><title-part><text>with planetary gears</text></title-part></class-title>
<classification-item breakdown-code="false" not-allocatable="false" level="10" additional-only="false" sort-key="B62M11/145" definition-exists="false" ipc-concordant="B62M11/14" c-set-base-allowed="false" c-set-subsequent-allowed="true" date-revised="2013-01-01" status="published"><classification-symbol>B62M11/145</classification-symbol><class-title date-revised="2013-01-01"><title-part><CPC-specific-text><text>built in, or adjacent to, the bottom bracket</text></CPC-specific-text></title-part></class-title></classification-item>
<classification-item breakdown-code="false" not-allocatable="false" level="10" additional-only="false" sort-key="B62M11/16" definition-exists="false" ipc-concordant="B62M11/16" c-set-base-allowed="false" c-set-subsequent-allowed="true" date-revised="2013-01-01" status="published"><classification-symbol>B62M11/16</classification-symbol><class-title date-revised="2013-01-01"><title-part><text>built in, or adjacent to, the ground-wheel hub</text></title-part></class-title></classification-item>
<classification-item breakdown-code="false" not-allocatable="false" level="10" additional-only="false" sort-key="B62M11/18" definition-exists="false" ipc-concordant="B62M11/18" c-set-base-allowed="false" c-set-subsequent-allowed="true" date-revised="2013-01-01" status="published"><classification-symbol>B62M11/18</classification-symbol><class-title date-revised="2013-01-01"><title-part><text>with a plurality of planetary gear units</text></title-part></class-title></classification-item></classification-item></classification-item></classification-item>
<classification-item breakdown-code="false" not-allocatable="false" level="7" additional-only="false" sort-key="B62M13/00" definition-exists="true" ipc-concordant="B62M13/00" c-set-base-allowed="false" c-set-subsequent-allowed="true" date-revised="2013-01-01" status="published"><classification-symbol>B62M13/00</classification-symbol><class-title date-revised="2013-01-01"><title-part><text>Transmissions characterised by use of friction rollers engaging the periphery of the ground wheel </text><reference><text>for rider propelled cycles with additional source of power <class-ref scheme="cpc">B62M6/35</class-ref>, <class-ref scheme="cpc">B62M6/75</class-ref></text></reference></title-part></class-title>
<classification-item breakdown-code="false" not-allocatable="false" level="8" additional-only="false" sort-key="B62M13/02" definition-exists="false" ipc-concordant="B62M13/02" c-set-base-allowed="false" c-set-subsequent-allowed="true" date-revised="2013-01-01" status="published"><classification-symbol>B62M13/02</classification-symbol><class-title date-revised="2013-01-01"><title-part><text>with changeable ratio, e.g. with roller of varying diameter</text></title-part></class-title></classification-item>
<classification-item breakdown-code="false" not-allocatable="false" level="8" additional-only="false" sort-key="B62M13/04" definition-exists="false" ipc-concordant="B62M13/04" c-set-base-allowed="false" c-set-subsequent-allowed="true" date-revised="2013-01-01" status="published"><classification-symbol>B62M13/04</classification-symbol><class-title date-revised="2013-01-01"><title-part><text>with means for moving roller into driving contact with ground wheel</text></title-part></class-title></classification-item></classification-item>
<classification-item breakdown-code="false" not-allocatable="false" level="7" additional-only="false" sort-key="B62M15/00" definition-exists="true" ipc-concordant="B62M15/00" c-set-base-allowed="false" c-set-subsequent-allowed="true" date-revised="2013-01-01" status="published"><classification-symbol>B62M15/00</classification-symbol><class-title date-revised="2013-01-01"><title-part><text>Transmissions characterised by use of crank shafts and coupling rods</text></title-part></class-title></classification-item>
<classification-item breakdown-code="false" not-allocatable="false" level="7" additional-only="false" sort-key="B62M17/00" definition-exists="true" ipc-concordant="B62M17/00" c-set-base-allowed="false" c-set-subsequent-allowed="true" date-revised="2013-01-01" status="published"><classification-symbol>B62M17/00</classification-symbol><class-title date-revised="2013-01-01"><title-part><text>Transmissions characterised by use of rotary shaft, e.g. cardan shaft</text></title-part></class-title></classification-item>
<classification-item breakdown-code="false" not-allocatable="false" level="7" additional-only="false" sort-key="B62M19/00" definition-exists="true" ipc-concordant="B62M19/00" c-set-base-allowed="false" c-set-subsequent-allowed="true" date-revised="2013-01-01" status="published"><classification-symbol>B62M19/00</classification-symbol><class-title date-revised="2013-01-01"><title-part><text>Transmissions characterised by use of non-mechanical gearing, e.g. fluid gearing</text></title-part></class-title></classification-item>
<classification-item breakdown-code="false" not-allocatable="false" level="7" additional-only="false" sort-key="B62M21/00" definition-exists="true" ipc-concordant="B62M21/00" c-set-base-allowed="false" c-set-subsequent-allowed="true" date-revised="2013-01-01" status="published"><classification-symbol>B62M21/00</classification-symbol><class-title date-revised="2013-01-01"><title-part><text>Transmissions characterised by use of resilient elements therein</text></title-part></class-title></classification-item>
<classification-item breakdown-code="false" not-allocatable="false" level="7" additional-only="false" sort-key="B62M23/00" definition-exists="true" ipc-concordant="B62M23/00" c-set-base-allowed="false" c-set-subsequent-allowed="true" date-revised="2013-01-01" status="published"><classification-symbol>B62M23/00</classification-symbol><class-title date-revised="2013-01-01"><title-part><text>Transmissions characterised by use of other elements</text></title-part><title-part><text>Other transmissions</text></title-part></class-title>
<classification-item breakdown-code="false" not-allocatable="false" level="8" additional-only="false" sort-key="B62M23/02" definition-exists="true" ipc-concordant="B62M23/02" c-set-base-allowed="false" c-set-subsequent-allowed="true" date-revised="2013-01-01" status="published"><classification-symbol>B62M23/02</classification-symbol><class-title date-revised="2013-01-01"><title-part><text>characterised by the use of two or more dissimilar sources of power, e.g. transmissions for hybrid motorcycles </text><reference><text>transmissions for wheeled vehicles using rider propulsion with additional source of power <class-ref scheme="cpc">B62M6/00</class-ref></text></reference></title-part></class-title></classification-item></classification-item>
<classification-item breakdown-code="false" not-allocatable="false" level="7" additional-only="false" sort-key="B62M25/00" definition-exists="true" ipc-concordant="B62M25/00" c-set-base-allowed="false" c-set-subsequent-allowed="true" date-revised="2013-01-01" status="published"><classification-symbol>B62M25/00</classification-symbol><class-title date-revised="2013-01-01"><title-part><text>Actuators for gearing speed-change mechanisms specially adapted for cycles </text><reference><text>rider operated controls for cycles in general <class-ref scheme="cpc">B62K23/00</class-ref>; gearing speed change mechanisms <class-ref scheme="cpc">F16H</class-ref></text></reference></title-part></class-title>
<classification-item breakdown-code="true" not-allocatable="false" level="8" additional-only="true" sort-key="B62M25/003" definition-exists="false" ipc-concordant="B62M25/00" c-set-base-allowed="false" c-set-subsequent-allowed="true" date-revised="2013-01-01" status="published"><classification-symbol>B62M2025/003</classification-symbol><class-title date-revised="2013-01-01"><title-part><CPC-specific-text><text>with gear indicating means, e.g. a display</text></CPC-specific-text></title-part></class-title></classification-item>
<classification-item breakdown-code="true" not-allocatable="false" level="8" additional-only="true" sort-key="B62M25/006" definition-exists="false" ipc-concordant="B62M25/00" c-set-base-allowed="false" c-set-subsequent-allowed="true" date-revised="2013-01-01" status="published"><classification-symbol>B62M2025/006</classification-symbol><class-title date-revised="2013-01-01"><title-part><CPC-specific-text><text>with auxiliary shift assisting means</text></CPC-specific-text></title-part></class-title></classification-item>
<classification-item breakdown-code="false" not-allocatable="false" level="8" additional-only="false" sort-key="B62M25/02" definition-exists="false" ipc-concordant="B62M25/02" c-set-base-allowed="false" c-set-subsequent-allowed="true" date-revised="2013-01-01" status="published"><classification-symbol>B62M25/02</classification-symbol><class-title date-revised="2013-01-01"><title-part><text>with mechanical transmitting systems, e.g. cables, levers</text></title-part></class-title>
<classification-item breakdown-code="false" not-allocatable="false" level="9" additional-only="false" sort-key="B62M25/04" definition-exists="false" ipc-concordant="B62M25/04" c-set-base-allowed="false" c-set-subsequent-allowed="true" date-revised="2013-01-01" status="published"><classification-symbol>B62M25/04</classification-symbol><class-title date-revised="2013-01-01"><title-part><text>hand actuated</text></title-part></class-title>
<classification-item breakdown-code="false" not-allocatable="false" level="10" additional-only="false" sort-key="B62M25/045" definition-exists="false" ipc-concordant="B62M25/04" c-set-base-allowed="false" c-set-subsequent-allowed="true" date-revised="2013-01-01" status="published"><classification-symbol>B62M25/045</classification-symbol><class-title date-revised="2013-01-01"><title-part><CPC-specific-text><text>having single actuating means operating both front and rear derailleur</text></CPC-specific-text></title-part></class-title></classification-item></classification-item>
<classification-item breakdown-code="false" not-allocatable="false" level="9" additional-only="false" sort-key="B62M25/06" definition-exists="false" ipc-concordant="B62M25/06" c-set-base-allowed="false" c-set-subsequent-allowed="true" date-revised="2013-01-01" status="published"><classification-symbol>B62M25/06</classification-symbol><class-title date-revised="2013-01-01"><title-part><text>foot actuated</text></title-part></class-title></classification-item></classification-item>
<classification-item breakdown-code="false" not-allocatable="false" level="8" additional-only="false" sort-key="B62M25/08" definition-exists="false" ipc-concordant="B62M25/08" c-set-base-allowed="false" c-set-subsequent-allowed="true" date-revised="2013-01-01" status="published"><classification-symbol>B62M25/08</classification-symbol><class-title date-revised="2013-01-01"><title-part><text>with electrical or fluid transmitting systems</text></title-part></class-title></classification-item></classification-item>
<classification-item breakdown-code="false" not-allocatable="false" level="7" additional-only="false" sort-key="B62M27/00" definition-exists="true" ipc-concordant="B62M27/00" c-set-base-allowed="false" c-set-subsequent-allowed="true" date-revised="2013-01-01" status="published"><classification-symbol>B62M27/00</classification-symbol><class-title date-revised="2013-01-01"><title-part><text>Propulsion devices for sledges or the like </text><reference><text>pushed or pulled by persons or animals <class-ref scheme="cpc">B62B</class-ref>, <class-ref scheme="cpc">B62C</class-ref>; wind propulsion <class-ref scheme="cpc">B62B15/00</class-ref></text></reference></title-part></class-title>
<classification-item breakdown-code="false" not-allocatable="false" level="8" additional-only="false" sort-key="B62M27/02" definition-exists="false" ipc-concordant="B62M27/02" c-set-base-allowed="false" c-set-subsequent-allowed="true" date-revised="2013-01-01" status="published"><classification-symbol>B62M27/02</classification-symbol><class-title date-revised="2013-01-01"><title-part><text>power driven</text></title-part></class-title>
<classification-item breakdown-code="true" not-allocatable="false" level="9" additional-only="true" sort-key="B62M27/021" definition-exists="false" ipc-concordant="B62M27/02" c-set-base-allowed="false" c-set-subsequent-allowed="true" date-revised="2013-01-01" status="published"><classification-symbol>B62M2027/021</classification-symbol><class-title date-revised="2013-01-01"><title-part><CPC-specific-text><text>Snow bikes resembling conventional motorcycles</text></CPC-specific-text></title-part></class-title></classification-item>
<classification-item breakdown-code="true" not-allocatable="false" level="9" additional-only="true" sort-key="B62M27/022" definition-exists="false" ipc-concordant="B62M27/02" c-set-base-allowed="false" c-set-subsequent-allowed="true" date-revised="2013-01-01" status="published"><classification-symbol>B62M2027/022</classification-symbol><class-title date-revised="2013-01-01"><title-part><CPC-specific-text><text>Snow drive conversions for cycles with wheels</text></CPC-specific-text></title-part></class-title></classification-item>
<classification-item breakdown-code="true" not-allocatable="false" level="9" additional-only="true" sort-key="B62M27/023" definition-exists="false" ipc-concordant="B62M27/02" c-set-base-allowed="false" c-set-subsequent-allowed="true" date-revised="2013-01-01" status="published"><classification-symbol>B62M2027/023</classification-symbol><class-title date-revised="2013-01-01"><title-part><CPC-specific-text><text>Snow mobiles characterised by engine mounting arrangements</text></CPC-specific-text></title-part></class-title></classification-item>
<classification-item breakdown-code="true" not-allocatable="false" level="9" additional-only="true" sort-key="B62M27/025" definition-exists="false" ipc-concordant="B62M27/02" c-set-base-allowed="false" c-set-subsequent-allowed="true" date-revised="2013-01-01" status="published"><classification-symbol>B62M2027/025</classification-symbol><class-title date-revised="2013-01-01"><title-part><CPC-specific-text><text>Snow mobiles characterised by the skis</text></CPC-specific-text></title-part></class-title></classification-item>
<classification-item breakdown-code="true" not-allocatable="false" level="9" additional-only="true" sort-key="B62M27/026" definition-exists="false" ipc-concordant="B62M27/02" c-set-base-allowed="false" c-set-subsequent-allowed="true" date-revised="2013-01-01" status="published"><classification-symbol>B62M2027/026</classification-symbol><class-title date-revised="2013-01-01"><title-part><CPC-specific-text><text>Snow mobiles characterised by the suspension means</text></CPC-specific-text></title-part></class-title></classification-item>
<classification-item breakdown-code="true" not-allocatable="false" level="9" additional-only="true" sort-key="B62M27/027" definition-exists="false" ipc-concordant="B62M27/02" c-set-base-allowed="false" c-set-subsequent-allowed="true" date-revised="2013-01-01" status="published"><classification-symbol>B62M2027/027</classification-symbol><class-title date-revised="2013-01-01"><title-part><CPC-specific-text><text>Snow mobiles characterised by the tracks</text></CPC-specific-text></title-part></class-title></classification-item>
<classification-item breakdown-code="true" not-allocatable="false" level="9" additional-only="true" sort-key="B62M27/028" definition-exists="false" ipc-concordant="B62M27/02" c-set-base-allowed="false" c-set-subsequent-allowed="true" date-revised="2013-01-01" status="published"><classification-symbol>B62M2027/028</classification-symbol><class-title date-revised="2013-01-01"><title-part><CPC-specific-text><text>Snow mobiles characterised by chassis or bodywork</text></CPC-specific-text></title-part></class-title></classification-item></classification-item></classification-item>
<classification-item breakdown-code="false" not-allocatable="false" level="7" additional-only="false" sort-key="B62M29/00" definition-exists="true" ipc-concordant="B62M29/00" c-set-base-allowed="false" c-set-subsequent-allowed="true" date-revised="2013-01-01" status="published"><classification-symbol>B62M29/00</classification-symbol><class-title date-revised="2013-01-01"><title-part><text>Ground engaging propulsion devices for cycles, sledges, or rider-propelled wheeled vehicles, not otherwise provided for </text><CPC-specific-text><reference><text>non-motorized scooters with skis or runners <class-ref scheme="cpc">B62K3/002</class-ref></text></reference></CPC-specific-text></title-part></class-title>
<classification-item breakdown-code="false" not-allocatable="false" level="8" additional-only="false" sort-key="B62M29/02" definition-exists="false" ipc-concordant="B62M29/02" c-set-base-allowed="false" c-set-subsequent-allowed="true" date-revised="2013-01-01" status="published"><classification-symbol>B62M29/02</classification-symbol><class-title date-revised="2013-01-01"><title-part><text>using ground-engaging rods</text></title-part></class-title></classification-item></classification-item></classification-item>
<classification-item breakdown-code="false" not-allocatable="true" level="6" additional-only="true" sort-key="B62M700/00" date-revised="2013-01-01" status="published"><classification-symbol>B62M2700/00</classification-symbol>
<classification-item breakdown-code="true" not-allocatable="false" level="7" additional-only="true" sort-key="B62M700/00" definition-exists="false" ipc-concordant="CPCONLY" c-set-base-allowed="false" c-set-subsequent-allowed="true" date-revised="2013-01-01" status="published"><classification-symbol>B62M2700/00</classification-symbol><class-title date-revised="2013-01-01"><title-part><text>Rider propulsion of bicycles or vehicles having transmission mainly of unchangeable ratio</text></title-part></class-title>
<classification-item breakdown-code="true" not-allocatable="false" level="8" additional-only="true" sort-key="B62M700/001" definition-exists="false" ipc-concordant="CPCONLY" c-set-base-allowed="false" c-set-subsequent-allowed="true" date-revised="2013-01-01" status="published"><classification-symbol>B62M2700/001</classification-symbol><class-title date-revised="2013-01-01"><title-part><text>Propulsion of bicycles and vehicles using planetary gears transmission</text></title-part></class-title></classification-item>
<classification-item breakdown-code="true" not-allocatable="false" level="8" additional-only="true" sort-key="B62M700/003" definition-exists="false" ipc-concordant="CPCONLY" c-set-base-allowed="false" c-set-subsequent-allowed="true" date-revised="2013-01-01" status="published"><classification-symbol>B62M2700/003</classification-symbol><class-title date-revised="2013-01-01"><title-part><text>Propulsion of bicycles and vehicles using toothed wheels transmission</text></title-part></class-title></classification-item>
<classification-item breakdown-code="true" not-allocatable="false" level="8" additional-only="true" sort-key="B62M700/005" definition-exists="false" ipc-concordant="CPCONLY" c-set-base-allowed="false" c-set-subsequent-allowed="true" date-revised="2013-01-01" status="published"><classification-symbol>B62M2700/005</classification-symbol><class-title date-revised="2013-01-01"><title-part><text>Propulsion of bicycles and vehicles using bevel/conical wheels transmission</text></title-part></class-title></classification-item>
<classification-item breakdown-code="true" not-allocatable="false" level="8" additional-only="true" sort-key="B62M700/006" definition-exists="false" ipc-concordant="CPCONLY" c-set-base-allowed="false" c-set-subsequent-allowed="true" date-revised="2013-01-01" status="published"><classification-symbol>B62M2700/006</classification-symbol><class-title date-revised="2013-01-01"><title-part><text>Propulsion of bicycles and vehicles using cranks having reciprocating levers</text></title-part></class-title></classification-item>
<classification-item breakdown-code="true" not-allocatable="false" level="8" additional-only="true" sort-key="B62M700/008" definition-exists="false" ipc-concordant="CPCONLY" c-set-base-allowed="false" c-set-subsequent-allowed="true" date-revised="2013-01-01" status="published"><classification-symbol>B62M2700/008</classification-symbol><class-title date-revised="2013-01-01"><title-part><text>Propulsion of bicycles and vehicles using other means</text></title-part></class-title></classification-item></classification-item>
<classification-item breakdown-code="true" not-allocatable="false" level="7" additional-only="true" sort-key="B62M701/00" definition-exists="false" ipc-concordant="CPCONLY" c-set-base-allowed="false" c-set-subsequent-allowed="true" date-revised="2013-01-01" status="published"><classification-symbol>B62M2701/00</classification-symbol><class-title date-revised="2013-01-01"><title-part><text>Transmissions for motorcycles or motorised bicycles characterised by position of engine or gear box</text></title-part></class-title>
<classification-item breakdown-code="true" not-allocatable="false" level="8" additional-only="true" sort-key="B62M701/0007" definition-exists="false" ipc-concordant="CPCONLY" c-set-base-allowed="false" c-set-subsequent-allowed="true" date-revised="2013-01-01" status="published"><classification-symbol>B62M2701/0007</classification-symbol><class-title date-revised="2013-01-01"><title-part><text>Construction details of gear box for motorcycles</text></title-part></class-title></classification-item>
<classification-item breakdown-code="true" not-allocatable="false" level="8" additional-only="true" sort-key="B62M701/0015" definition-exists="false" ipc-concordant="CPCONLY" c-set-base-allowed="false" c-set-subsequent-allowed="true" date-revised="2013-01-01" status="published"><classification-symbol>B62M2701/0015</classification-symbol><class-title date-revised="2013-01-01"><title-part><text>Transmissions and/or engine attachement to frame</text></title-part></class-title></classification-item>
<classification-item breakdown-code="true" not-allocatable="false" level="8" additional-only="true" sort-key="B62M701/0023" definition-exists="false" ipc-concordant="CPCONLY" c-set-base-allowed="false" c-set-subsequent-allowed="true" date-revised="2013-01-01" status="published"><classification-symbol>B62M2701/0023</classification-symbol><class-title date-revised="2013-01-01"><title-part><text>Transmissions using belt, chain and friction wheel</text></title-part></class-title>
<classification-item breakdown-code="true" not-allocatable="false" level="9" additional-only="true" sort-key="B62M701/003" definition-exists="false" ipc-concordant="CPCONLY" c-set-base-allowed="false" c-set-subsequent-allowed="true" date-revised="2013-01-01" status="published"><classification-symbol>B62M2701/003</classification-symbol><class-title date-revised="2013-01-01"><title-part><text>Motorcycles or bicycles with engine besides or within driven wheel</text></title-part></class-title></classification-item>
<classification-item breakdown-code="true" not-allocatable="false" level="9" additional-only="true" sort-key="B62M701/0038" definition-exists="false" ipc-concordant="CPCONLY" c-set-base-allowed="false" c-set-subsequent-allowed="true" date-revised="2013-01-01" status="published"><classification-symbol>B62M2701/0038</classification-symbol><class-title date-revised="2013-01-01"><title-part><text>Motorcycles or bicycles with engine over the front or rear wheel</text></title-part></class-title></classification-item></classification-item>
<classification-item breakdown-code="true" not-allocatable="false" level="8" additional-only="true" sort-key="B62M701/0046" definition-exists="false" ipc-concordant="CPCONLY" c-set-base-allowed="false" c-set-subsequent-allowed="true" date-revised="2013-01-01" status="published"><classification-symbol>B62M2701/0046</classification-symbol><class-title date-revised="2013-01-01"><title-part><text>Gear change control and other for motorcycles or bicycles</text></title-part></class-title>
<classification-item breakdown-code="true" not-allocatable="false" level="9" additional-only="true" sort-key="B62M701/0053" definition-exists="false" ipc-concordant="CPCONLY" c-set-base-allowed="false" c-set-subsequent-allowed="true" date-revised="2013-01-01" status="published"><classification-symbol>B62M2701/0053</classification-symbol><class-title date-revised="2013-01-01"><title-part><text>Control by means of a lever</text></title-part></class-title></classification-item>
<classification-item breakdown-code="true" not-allocatable="false" level="9" additional-only="true" sort-key="B62M701/0061" definition-exists="false" ipc-concordant="CPCONLY" c-set-base-allowed="false" c-set-subsequent-allowed="true" date-revised="2013-01-01" status="published"><classification-symbol>B62M2701/0061</classification-symbol><class-title date-revised="2013-01-01"><title-part><text>Control of pulleys in transmission</text></title-part></class-title></classification-item></classification-item>
<classification-item breakdown-code="true" not-allocatable="false" level="8" additional-only="true" sort-key="B62M701/0069" definition-exists="false" ipc-concordant="CPCONLY" c-set-base-allowed="false" c-set-subsequent-allowed="true" date-revised="2013-01-01" status="published"><classification-symbol>B62M2701/0069</classification-symbol><class-title date-revised="2013-01-01"><title-part><text>Engine control</text></title-part></class-title></classification-item>
<classification-item breakdown-code="true" not-allocatable="false" level="8" additional-only="true" sort-key="B62M701/0076" definition-exists="false" ipc-concordant="CPCONLY" c-set-base-allowed="false" c-set-subsequent-allowed="true" date-revised="2013-01-01" status="published"><classification-symbol>B62M2701/0076</classification-symbol><class-title date-revised="2013-01-01"><title-part><text>Chain and chainwheel</text></title-part></class-title></classification-item>
<classification-item breakdown-code="true" not-allocatable="false" level="8" additional-only="true" sort-key="B62M701/0084" definition-exists="false" ipc-concordant="CPCONLY" c-set-base-allowed="false" c-set-subsequent-allowed="true" date-revised="2013-01-01" status="published"><classification-symbol>B62M2701/0084</classification-symbol><class-title date-revised="2013-01-01"><title-part><text>Clutch control by driver</text></title-part></class-title></classification-item>
<classification-item breakdown-code="true" not-allocatable="false" level="8" additional-only="true" sort-key="B62M701/0092" definition-exists="false" ipc-concordant="CPCONLY" c-set-base-allowed="false" c-set-subsequent-allowed="true" date-revised="2013-01-01" status="published"><classification-symbol>B62M2701/0092</classification-symbol><class-title date-revised="2013-01-01"><title-part><text>Clutch arrangement in the transmission</text></title-part></class-title></classification-item></classification-item>
<classification-item breakdown-code="true" not-allocatable="false" level="7" additional-only="true" sort-key="B62M901/00" definition-exists="false" ipc-concordant="CPCONLY" c-set-base-allowed="false" c-set-subsequent-allowed="true" date-revised="2013-01-01" status="published"><classification-symbol>B62M2901/00</classification-symbol><class-title date-revised="2013-01-01"><title-part><text>Rear derailleur supported by the chain-stay or rear fork of the bicycle</text></title-part></class-title></classification-item></classification-item></classification-item></class-scheme>