<?xml version="1.0" encoding="UTF-8"?>
<class-scheme publication-date="2018-02-01" scheme-type="cpc" publication-type="official">
<classification-item breakdown-code="false" not-allocatable="true" level="5" additional-only="false" sort-key="C09G" definition-exists="true" date-revised="2013-01-01" status="published"><classification-symbol>C09G</classification-symbol><class-title date-revised="2013-01-01"><title-part><text>POLISHING COMPOSITIONS OTHER THAN FRENCH POLISH</text></title-part><title-part><text>SKI WAXES</text></title-part></class-title>
<classification-item breakdown-code="false" not-allocatable="true" level="6" additional-only="false" sort-key="C09G1/00" date-revised="2013-01-01" status="published"><classification-symbol>C09G1/00</classification-symbol>
<classification-item breakdown-code="false" not-allocatable="false" level="7" additional-only="false" sort-key="C09G1/00" definition-exists="true" ipc-concordant="C09G1/00" c-set-base-allowed="false" c-set-subsequent-allowed="true" date-revised="2013-01-01" status="published"><classification-symbol>C09G1/00</classification-symbol><class-title date-revised="2013-01-01"><title-part><text>Polishing compositions </text><reference><text>French polish <class-ref scheme="cpc">C09F11/00</class-ref>; detergents <class-ref scheme="cpc">C11D</class-ref></text></reference></title-part></class-title>
<classification-item breakdown-code="false" not-allocatable="false" level="8" additional-only="false" sort-key="C09G1/02" definition-exists="false" ipc-concordant="C09G1/02" c-set-base-allowed="false" c-set-subsequent-allowed="true" date-revised="2013-01-01" status="published"><classification-symbol>C09G1/02</classification-symbol><class-title date-revised="2013-01-01"><title-part><text>containing abrasives or grinding agents </text><CPC-specific-text><reference><text>abrasives as such <class-ref scheme="cpc">C09K3/14</class-ref>; polishing of semi-conductors <class-ref scheme="cpc">H01L</class-ref></text></reference></CPC-specific-text></title-part></class-title></classification-item>
<classification-item breakdown-code="false" not-allocatable="false" level="8" additional-only="false" sort-key="C09G1/04" definition-exists="false" ipc-concordant="C09G1/04" c-set-base-allowed="false" c-set-subsequent-allowed="true" date-revised="2013-01-01" status="published"><classification-symbol>C09G1/04</classification-symbol><class-title date-revised="2013-01-01"><title-part><text>Aqueous dispersions </text><reference><text><class-ref scheme="cpc">C09G1/02</class-ref> takes precedence</text></reference></title-part></class-title></classification-item>
<classification-item breakdown-code="false" not-allocatable="false" level="8" additional-only="false" sort-key="C09G1/06" definition-exists="false" ipc-concordant="C09G1/06" c-set-base-allowed="false" c-set-subsequent-allowed="true" date-revised="2013-01-01" status="published"><classification-symbol>C09G1/06</classification-symbol><class-title date-revised="2013-01-01"><title-part><text>Other polishing compositions</text></title-part></class-title>
<classification-item breakdown-code="false" not-allocatable="false" level="9" additional-only="false" sort-key="C09G1/08" definition-exists="false" ipc-concordant="C09G1/08" c-set-base-allowed="false" c-set-subsequent-allowed="true" date-revised="2013-01-01" status="published"><classification-symbol>C09G1/08</classification-symbol><class-title date-revised="2013-01-01"><title-part><text>based on wax</text></title-part></class-title>
<classification-item breakdown-code="false" not-allocatable="false" level="10" additional-only="false" sort-key="C09G1/10" definition-exists="false" ipc-concordant="C09G1/10" c-set-base-allowed="false" c-set-subsequent-allowed="true" date-revised="2013-01-01" status="published"><classification-symbol>C09G1/10</classification-symbol><class-title date-revised="2013-01-01"><title-part><text>based on mixtures of wax and natural or synthetic resin</text></title-part></class-title>
<classification-item breakdown-code="false" not-allocatable="false" level="11" additional-only="false" sort-key="C09G1/12" definition-exists="false" ipc-concordant="C09G1/12" c-set-base-allowed="false" c-set-subsequent-allowed="true" date-revised="2013-01-01" status="published"><classification-symbol>C09G1/12</classification-symbol><class-title date-revised="2013-01-01"><title-part><text>mixtures of wax and silicon-containing polycondensates</text></title-part></class-title></classification-item></classification-item></classification-item>
<classification-item breakdown-code="false" not-allocatable="false" level="9" additional-only="false" sort-key="C09G1/14" definition-exists="false" ipc-concordant="C09G1/14" c-set-base-allowed="false" c-set-subsequent-allowed="true" date-revised="2013-01-01" status="published"><classification-symbol>C09G1/14</classification-symbol><class-title date-revised="2013-01-01"><title-part><text>based on non-waxy substances</text></title-part></class-title>
<classification-item breakdown-code="false" not-allocatable="false" level="10" additional-only="false" sort-key="C09G1/16" definition-exists="false" ipc-concordant="C09G1/16" c-set-base-allowed="false" c-set-subsequent-allowed="true" date-revised="2013-01-01" status="published"><classification-symbol>C09G1/16</classification-symbol><class-title date-revised="2013-01-01"><title-part><text>on natural or synthetic resins</text></title-part></class-title></classification-item>
<classification-item breakdown-code="false" not-allocatable="false" level="10" additional-only="false" sort-key="C09G1/18" definition-exists="false" ipc-concordant="C09G1/18" c-set-base-allowed="false" c-set-subsequent-allowed="true" date-revised="2013-01-01" status="published"><classification-symbol>C09G1/18</classification-symbol><class-title date-revised="2013-01-01"><title-part><text>on other substances</text></title-part></class-title></classification-item></classification-item></classification-item></classification-item>
<classification-item breakdown-code="false" not-allocatable="false" level="7" additional-only="false" sort-key="C09G3/00" definition-exists="true" ipc-concordant="C09G3/00" c-set-base-allowed="false" c-set-subsequent-allowed="true" date-revised="2013-01-01" status="published"><classification-symbol>C09G3/00</classification-symbol><class-title date-revised="2013-01-01"><title-part><text>Ski waxes</text></title-part></class-title></classification-item></classification-item></classification-item></class-scheme>