<?xml version="1.0" encoding="UTF-8"?>
<class-scheme publication-date="2018-02-01" scheme-type="cpc" publication-type="official">
<classification-item breakdown-code="false" not-allocatable="true" level="5" additional-only="false" sort-key="C05F" definition-exists="true" date-revised="2018-01-01" status="published"><classification-symbol>C05F</classification-symbol><class-title date-revised="2013-01-01"><title-part><text>ORGANIC FERTILISERS NOT COVERED BY SUBCLASSES <class-ref scheme="cpc">C05B</class-ref>, <class-ref scheme="cpc">C05C</class-ref>, e.g. FERTILISERS FROM WASTE OR REFUSE </text><CPC-specific-text><reference><text>breeding of earthworms <class-ref scheme="cpc">A01K67/0332</class-ref></text></reference></CPC-specific-text></title-part></class-title><notes-and-warnings date-revised="2013-01-01"><note type="note"><note-paragraph>Processes where the composting step is the characterising feature, or apparatus therefor, are classified in group <class-ref scheme="cpc">C05F17/00</class-ref>.</note-paragraph></note><note type="warning"><note-paragraph warning-type="ipc-not-used">The following IPC groups are not in the CPC scheme. The subject matter for these IPC groups is classified in the following CPC groups:  <table><row><entry><class-ref scheme="ipc">C05F15/00</class-ref></entry><entry> covered by </entry><entry><class-ref scheme="cpc">C05F1/00</class-ref>-<class-ref scheme="cpc">C05F11/00</class-ref></entry></row></table>(see also internal note after the title of class <class-ref scheme="cpc">C05</class-ref>)</note-paragraph></note></notes-and-warnings>
<classification-item breakdown-code="false" not-allocatable="true" level="6" additional-only="false" sort-key="C05F1/00" date-revised="2013-01-01" status="published"><classification-symbol>C05F1/00</classification-symbol>
<classification-item breakdown-code="false" not-allocatable="false" level="7" additional-only="false" sort-key="C05F1/00" definition-exists="true" ipc-concordant="C05F1/00" c-set-base-allowed="true" c-set-subsequent-allowed="true" date-revised="2013-01-01" status="published"><classification-symbol>C05F1/00</classification-symbol><class-title date-revised="2013-01-01"><title-part><text>Fertilisers made from animal corpses, or parts thereof</text></title-part></class-title>
<classification-item breakdown-code="false" not-allocatable="false" level="8" additional-only="false" sort-key="C05F1/002" definition-exists="false" ipc-concordant="C05F1/00" c-set-base-allowed="true" c-set-subsequent-allowed="true" date-revised="2013-01-01" status="published"><classification-symbol>C05F1/002</classification-symbol><class-title date-revised="2013-01-01"><title-part><CPC-specific-text><text>from fish or from fish-wastes</text></CPC-specific-text></title-part></class-title></classification-item>
<classification-item breakdown-code="false" not-allocatable="false" level="8" additional-only="false" sort-key="C05F1/005" definition-exists="false" ipc-concordant="C05F1/00" c-set-base-allowed="true" c-set-subsequent-allowed="true" date-revised="2013-01-01" status="published"><classification-symbol>C05F1/005</classification-symbol><class-title date-revised="2013-01-01"><title-part><CPC-specific-text><text>from meat-wastes or from other wastes of animal origin, e.g. skins, hair, hoofs, feathers, blood</text></CPC-specific-text></title-part></class-title></classification-item>
<classification-item breakdown-code="false" not-allocatable="false" level="8" additional-only="false" sort-key="C05F1/007" definition-exists="false" ipc-concordant="C05F1/00" c-set-base-allowed="true" c-set-subsequent-allowed="true" date-revised="2013-01-01" status="published"><classification-symbol>C05F1/007</classification-symbol><class-title date-revised="2013-01-01"><title-part><CPC-specific-text><text>from derived products of animal origin or their wastes, e.g. leather, dairy products</text></CPC-specific-text></title-part></class-title></classification-item>
<classification-item breakdown-code="false" not-allocatable="false" level="8" additional-only="false" sort-key="C05F1/02" definition-exists="false" ipc-concordant="C05F1/02" c-set-base-allowed="true" c-set-subsequent-allowed="true" date-revised="2013-01-01" status="published"><classification-symbol>C05F1/02</classification-symbol><class-title date-revised="2013-01-01"><title-part><text>Apparatus for the manufacture</text></title-part></class-title></classification-item></classification-item>
<classification-item breakdown-code="false" not-allocatable="false" level="7" additional-only="false" sort-key="C05F3/00" definition-exists="true" ipc-concordant="C05F3/00" c-set-base-allowed="true" c-set-subsequent-allowed="true" date-revised="2013-01-01" status="published"><classification-symbol>C05F3/00</classification-symbol><class-title date-revised="2013-01-01"><title-part><text>Fertilisers from human or animal excrements, e.g. manure</text></title-part></class-title>
<classification-item breakdown-code="false" not-allocatable="false" level="8" additional-only="false" sort-key="C05F3/02" definition-exists="false" ipc-concordant="C05F3/02" c-set-base-allowed="true" c-set-subsequent-allowed="true" date-revised="2013-01-01" status="published"><classification-symbol>C05F3/02</classification-symbol><class-title date-revised="2013-01-01"><title-part><text>Guano</text></title-part></class-title></classification-item>
<classification-item breakdown-code="false" not-allocatable="false" level="8" additional-only="false" sort-key="C05F3/04" definition-exists="false" ipc-concordant="C05F3/04" c-set-base-allowed="true" c-set-subsequent-allowed="true" date-revised="2013-01-01" status="published"><classification-symbol>C05F3/04</classification-symbol><class-title date-revised="2013-01-01"><title-part><text>from human faecal masses</text></title-part></class-title></classification-item>
<classification-item breakdown-code="false" not-allocatable="false" level="8" additional-only="false" sort-key="C05F3/06" definition-exists="true" ipc-concordant="C05F3/06" c-set-base-allowed="true" c-set-subsequent-allowed="true" date-revised="2013-01-01" status="published"><classification-symbol>C05F3/06</classification-symbol><class-title date-revised="2013-01-01"><title-part><text>Apparatus for the manufacture</text></title-part></class-title></classification-item></classification-item>
<classification-item breakdown-code="false" not-allocatable="false" level="7" additional-only="false" sort-key="C05F5/00" definition-exists="false" ipc-concordant="C05F5/00" c-set-base-allowed="true" c-set-subsequent-allowed="true" date-revised="2013-01-01" status="published"><classification-symbol>C05F5/00</classification-symbol><class-title date-revised="2013-01-01"><title-part><text>Fertilisers from distillery wastes, molasses, vinasses, sugar plant or similar wastes or residues, </text><CPC-specific-text><text>e.g. from waste originating from industrial processing of raw material of agricultural origin or derived products thereof</text></CPC-specific-text></title-part></class-title>
<classification-item breakdown-code="false" not-allocatable="false" level="8" additional-only="false" sort-key="C05F5/002" definition-exists="false" ipc-concordant="C05F5/00" c-set-base-allowed="true" c-set-subsequent-allowed="true" date-revised="2013-01-01" status="published"><classification-symbol>C05F5/002</classification-symbol><class-title date-revised="2013-01-01"><title-part><CPC-specific-text><text>Solid waste from mechanical processing of material, e.g. seed coats, olive pits, almond shells, fruit residue, rice hulls</text></CPC-specific-text></title-part></class-title></classification-item>
<classification-item breakdown-code="false" not-allocatable="false" level="8" additional-only="false" sort-key="C05F5/004" definition-exists="false" ipc-concordant="C05F5/00" c-set-base-allowed="true" c-set-subsequent-allowed="true" date-revised="2013-01-01" status="published"><classification-symbol>C05F5/004</classification-symbol><class-title date-revised="2013-01-01"><title-part><CPC-specific-text><text>Liquid waste from mechanical processing of material, e.g. wash-water, milling fluid, filtrate</text></CPC-specific-text></title-part></class-title></classification-item>
<classification-item breakdown-code="false" not-allocatable="false" level="8" additional-only="false" sort-key="C05F5/006" definition-exists="false" ipc-concordant="C05F5/00" c-set-base-allowed="true" c-set-subsequent-allowed="true" date-revised="2013-01-01" status="published"><classification-symbol>C05F5/006</classification-symbol><class-title date-revised="2013-01-01"><title-part><CPC-specific-text><text>Waste from chemical processing of material, e.g. diestillation, roasting, cooking</text></CPC-specific-text></title-part></class-title>
<classification-item breakdown-code="false" not-allocatable="false" level="9" additional-only="false" sort-key="C05F5/008" definition-exists="false" ipc-concordant="C05F5/00" c-set-base-allowed="true" c-set-subsequent-allowed="true" date-revised="2013-01-01" status="published"><classification-symbol>C05F5/008</classification-symbol><class-title date-revised="2013-01-01"><title-part><CPC-specific-text><text>Waste from biochemical processing of material, e.g. fermentation, breweries</text></CPC-specific-text></title-part></class-title></classification-item></classification-item></classification-item>
<classification-item breakdown-code="false" not-allocatable="false" level="7" additional-only="false" sort-key="C05F7/00" definition-exists="true" ipc-concordant="C05F7/00" c-set-base-allowed="true" c-set-subsequent-allowed="true" date-revised="2016-11-01" status="published"><classification-symbol>C05F7/00</classification-symbol><class-title date-revised="2016-11-01"><title-part><text>Fertilisers from waste water, sewage sludge, sea slime, ooze or similar masses</text></title-part></class-title>
<classification-item breakdown-code="false" not-allocatable="false" level="8" additional-only="false" sort-key="C05F7/005" definition-exists="false" ipc-concordant="C05F7/00" c-set-base-allowed="true" c-set-subsequent-allowed="true" date-revised="2013-01-01" status="published"><classification-symbol>C05F7/005</classification-symbol><class-title date-revised="2013-01-01"><title-part><CPC-specific-text><text>Waste water from industrial processing material neither of agricultural nor of animal origin</text></CPC-specific-text></title-part></class-title></classification-item>
<classification-item breakdown-code="false" not-allocatable="false" level="8" additional-only="false" sort-key="C05F7/02" definition-exists="false" ipc-concordant="C05F7/02" c-set-base-allowed="true" c-set-subsequent-allowed="true" date-revised="2013-01-01" status="published"><classification-symbol>C05F7/02</classification-symbol><class-title date-revised="2013-01-01"><title-part><text>from sulfite liquor or other waste lyes from the manufacture of cellulose</text></title-part></class-title></classification-item>
<classification-item breakdown-code="false" not-allocatable="false" level="8" additional-only="false" sort-key="C05F7/04" definition-exists="false" ipc-concordant="C05F7/04" c-set-base-allowed="true" c-set-subsequent-allowed="true" date-revised="2013-01-01" status="published"><classification-symbol>C05F7/04</classification-symbol><class-title date-revised="2013-01-01"><title-part><text>from waste liquors in the potash industry</text></title-part></class-title></classification-item></classification-item>
<classification-item breakdown-code="false" not-allocatable="false" level="7" additional-only="false" sort-key="C05F9/00" definition-exists="true" ipc-concordant="C05F9/00" c-set-base-allowed="true" c-set-subsequent-allowed="true" date-revised="2013-01-01" status="published"><classification-symbol>C05F9/00</classification-symbol><class-title date-revised="2013-01-01"><title-part><text>Fertilisers from household or town refuse</text></title-part></class-title>
<classification-item breakdown-code="false" not-allocatable="false" level="8" additional-only="false" sort-key="C05F9/02" definition-exists="false" ipc-concordant="C05F9/02" c-set-base-allowed="true" c-set-subsequent-allowed="true" date-revised="2013-01-01" status="published"><classification-symbol>C05F9/02</classification-symbol><class-title date-revised="2013-01-01"><title-part><text>Apparatus for the manufacture</text></title-part></class-title></classification-item>
<classification-item breakdown-code="false" not-allocatable="false" level="8" additional-only="false" sort-key="C05F9/04" definition-exists="true" ipc-concordant="C05F9/04" c-set-base-allowed="true" c-set-subsequent-allowed="true" date-revised="2013-01-01" status="published"><classification-symbol>C05F9/04</classification-symbol><class-title date-revised="2013-01-01"><title-part><text>Biological compost</text></title-part></class-title></classification-item></classification-item>
<classification-item breakdown-code="false" not-allocatable="false" level="7" additional-only="false" sort-key="C05F11/00" definition-exists="true" ipc-concordant="C05F11/00" c-set-base-allowed="true" c-set-subsequent-allowed="true" date-revised="2013-01-01" status="published"><classification-symbol>C05F11/00</classification-symbol><class-title date-revised="2013-01-01"><title-part><text>Other organic fertilisers</text></title-part></class-title>
<classification-item breakdown-code="false" not-allocatable="false" level="8" additional-only="false" sort-key="C05F11/02" definition-exists="true" ipc-concordant="C05F11/02" c-set-base-allowed="true" c-set-subsequent-allowed="true" date-revised="2013-01-01" status="published"><classification-symbol>C05F11/02</classification-symbol><class-title date-revised="2013-01-01"><title-part><text>from peat, brown coal, and similar vegetable deposits</text></title-part></class-title>
<classification-item breakdown-code="false" not-allocatable="false" level="9" additional-only="false" sort-key="C05F11/04" definition-exists="true" ipc-concordant="C05F11/04" c-set-base-allowed="true" c-set-subsequent-allowed="true" date-revised="2018-02-01" status="published"><classification-symbol>C05F11/04</classification-symbol><class-title date-revised="2018-02-01"><title-part><text>Horticultural earth from peat </text><reference><text>growth substrates containing peat <class-ref scheme="cpc">A01G24/28</class-ref></text></reference></title-part></class-title><notes-and-warnings><note type="warning"><note-paragraph warning-type="reclass-source"> Group <class-ref scheme="cpc">C05F11/04</class-ref> is impacted by reclassification into group <class-ref scheme="cpc">A01G24/28</class-ref>.  <br/> Groups <class-ref scheme="cpc">C05F11/04</class-ref> and <class-ref scheme="cpc">A01G24/28</class-ref> should be considered in order to perform a complete search. </note-paragraph></note></notes-and-warnings></classification-item>
<classification-item breakdown-code="false" not-allocatable="false" level="9" additional-only="false" sort-key="C05F11/06" definition-exists="false" ipc-concordant="C05F11/06" c-set-base-allowed="true" c-set-subsequent-allowed="true" date-revised="2013-01-01" status="published"><classification-symbol>C05F11/06</classification-symbol><class-title date-revised="2013-01-01"><title-part><text>Apparatus for the manufacture</text></title-part></class-title></classification-item></classification-item>
<classification-item breakdown-code="false" not-allocatable="false" level="8" additional-only="false" sort-key="C05F11/08" definition-exists="false" ipc-concordant="C05F11/08" c-set-base-allowed="true" c-set-subsequent-allowed="true" date-revised="2013-01-01" status="published"><classification-symbol>C05F11/08</classification-symbol><class-title date-revised="2013-01-01"><title-part><text>Organic fertilisers containing added bacterial cultures, mycelia or the like</text></title-part></class-title></classification-item>
<classification-item breakdown-code="false" not-allocatable="false" level="8" additional-only="false" sort-key="C05F11/10" definition-exists="false" ipc-concordant="C05F11/10" c-set-base-allowed="true" c-set-subsequent-allowed="true" date-revised="2013-01-01" status="published"><classification-symbol>C05F11/10</classification-symbol><class-title date-revised="2013-01-01"><title-part><text>Fertilisers containing plant vitamins or hormones</text></title-part></class-title></classification-item></classification-item>
<classification-item breakdown-code="false" not-allocatable="false" level="7" additional-only="false" sort-key="C05F17/00" definition-exists="true" ipc-concordant="C05F17/00" c-set-base-allowed="false" c-set-subsequent-allowed="true" date-revised="2013-01-01" status="published"><classification-symbol>C05F17/00</classification-symbol><class-title date-revised="2013-01-01"><title-part><text>Preparation of fertilisers characterised by the composting step</text></title-part></class-title>
<classification-item breakdown-code="false" not-allocatable="false" level="8" additional-only="false" sort-key="C05F17/0009" definition-exists="true" ipc-concordant="C05F17/00" c-set-base-allowed="false" c-set-subsequent-allowed="true" date-revised="2013-01-01" status="published"><classification-symbol>C05F17/0009</classification-symbol><class-title date-revised="2013-01-01"><title-part><CPC-specific-text><text>in concurrence with invertebrata, (e.g. worms, flies, maggots)</text></CPC-specific-text></title-part></class-title></classification-item>
<classification-item breakdown-code="false" not-allocatable="false" level="8" additional-only="false" sort-key="C05F17/0018" definition-exists="true" ipc-concordant="C05F17/00" c-set-base-allowed="false" c-set-subsequent-allowed="true" date-revised="2013-01-01" status="published"><classification-symbol>C05F17/0018</classification-symbol><class-title date-revised="2013-01-01"><title-part><CPC-specific-text><text>Processing of liquids or slurries</text></CPC-specific-text></title-part></class-title></classification-item>
<classification-item breakdown-code="false" not-allocatable="false" level="8" additional-only="false" sort-key="C05F17/0027" definition-exists="false" ipc-concordant="C05F17/00" c-set-base-allowed="false" c-set-subsequent-allowed="true" date-revised="2013-01-01" status="published"><classification-symbol>C05F17/0027</classification-symbol><class-title date-revised="2013-01-01"><title-part><CPC-specific-text><text>Multi-step composting process, (e.g. anaerobic-aerobic)</text></CPC-specific-text></title-part></class-title></classification-item>
<classification-item breakdown-code="false" not-allocatable="false" level="8" additional-only="false" sort-key="C05F17/0036" definition-exists="true" ipc-concordant="C05F17/00" c-set-base-allowed="false" c-set-subsequent-allowed="true" date-revised="2013-01-01" status="published"><classification-symbol>C05F17/0036</classification-symbol><class-title date-revised="2013-01-01"><title-part><CPC-specific-text><text>Activators/stimulators for composting process</text></CPC-specific-text></title-part></class-title></classification-item>
<classification-item breakdown-code="false" not-allocatable="false" level="8" additional-only="false" sort-key="C05F17/0045" definition-exists="true" ipc-concordant="C05F17/00" c-set-base-allowed="false" c-set-subsequent-allowed="true" date-revised="2013-01-01" status="published"><classification-symbol>C05F17/0045</classification-symbol><class-title date-revised="2013-01-01"><title-part><CPC-specific-text><text>Adding/removing compounds to/from the process streams other than water and air</text></CPC-specific-text></title-part></class-title>
<classification-item breakdown-code="false" not-allocatable="false" level="9" additional-only="false" sort-key="C05F17/0054" definition-exists="true" ipc-concordant="C05F17/00" c-set-base-allowed="false" c-set-subsequent-allowed="true" date-revised="2013-01-01" status="published"><classification-symbol>C05F17/0054</classification-symbol><class-title date-revised="2013-01-01"><title-part><CPC-specific-text><text>the process stream being a gas</text></CPC-specific-text></title-part></class-title></classification-item></classification-item>
<classification-item breakdown-code="false" not-allocatable="false" level="8" additional-only="false" sort-key="C05F17/0063" definition-exists="false" ipc-concordant="C05F17/00" c-set-base-allowed="false" c-set-subsequent-allowed="true" date-revised="2013-01-01" status="published"><classification-symbol>C05F17/0063</classification-symbol><class-title date-revised="2013-01-01"><title-part><CPC-specific-text><text>adding/removing heat to/from the composting process</text></CPC-specific-text></title-part></class-title></classification-item>
<classification-item breakdown-code="false" not-allocatable="false" level="8" additional-only="false" sort-key="C05F17/0072" definition-exists="false" ipc-concordant="C05F17/00" c-set-base-allowed="false" c-set-subsequent-allowed="true" date-revised="2013-01-01" status="published"><classification-symbol>C05F17/0072</classification-symbol><class-title date-revised="2013-01-01"><title-part><CPC-specific-text><text>with process parameter responsive control</text></CPC-specific-text></title-part></class-title></classification-item>
<classification-item breakdown-code="false" not-allocatable="false" level="8" additional-only="false" sort-key="C05F17/0081" definition-exists="false" ipc-concordant="C05F17/00" c-set-base-allowed="false" c-set-subsequent-allowed="true" date-revised="2013-01-01" status="published"><classification-symbol>C05F17/0081</classification-symbol><class-title date-revised="2013-01-01"><title-part><CPC-specific-text><text>using irradiation, (e.g. solar, nuclear) or electric or magnetic fields</text></CPC-specific-text></title-part></class-title></classification-item>
<classification-item breakdown-code="false" not-allocatable="false" level="8" additional-only="false" sort-key="C05F17/009" definition-exists="false" ipc-concordant="C05F17/00" c-set-base-allowed="false" c-set-subsequent-allowed="true" date-revised="2013-01-01" status="published"><classification-symbol>C05F17/009</classification-symbol><class-title date-revised="2013-01-01"><title-part><CPC-specific-text><text>Elimination of harmful substances, the end product being a fertilizer</text></CPC-specific-text></title-part></class-title></classification-item>
<classification-item breakdown-code="false" not-allocatable="false" level="8" additional-only="false" sort-key="C05F17/02" definition-exists="true" ipc-concordant="C05F17/02" c-set-base-allowed="false" c-set-subsequent-allowed="true" date-revised="2013-01-01" status="published"><classification-symbol>C05F17/02</classification-symbol><class-title date-revised="2013-01-01"><title-part><text>Apparatus therefor</text></title-part></class-title>
<classification-item breakdown-code="false" not-allocatable="false" level="9" additional-only="false" sort-key="C05F17/0205" definition-exists="true" ipc-concordant="C05F17/02" c-set-base-allowed="false" c-set-subsequent-allowed="true" date-revised="2013-01-01" status="published"><classification-symbol>C05F17/0205</classification-symbol><class-title date-revised="2013-01-01"><title-part><CPC-specific-text><text>Small scale installations, i.e. no provisions for mechanically feeding or removing of material from installations, e.g. bins, garden composters</text></CPC-specific-text></title-part></class-title></classification-item>
<classification-item breakdown-code="false" not-allocatable="false" level="9" additional-only="false" sort-key="C05F17/0211" definition-exists="false" ipc-concordant="C05F17/02" c-set-base-allowed="false" c-set-subsequent-allowed="true" date-revised="2013-01-01" status="published"><classification-symbol>C05F17/0211</classification-symbol><class-title date-revised="2013-01-01"><title-part><CPC-specific-text><text>Portable or transportable devices, e.g. transport containers, trucks</text></CPC-specific-text></title-part></class-title></classification-item>
<classification-item breakdown-code="false" not-allocatable="false" level="9" additional-only="false" sort-key="C05F17/0217" definition-exists="false" ipc-concordant="C05F17/02" c-set-base-allowed="false" c-set-subsequent-allowed="true" date-revised="2013-01-01" status="published"><classification-symbol>C05F17/0217</classification-symbol><class-title date-revised="2013-01-01"><title-part><CPC-specific-text><text>Systematic, essentially horizontal displacement of material from entrance to exit of installation</text></CPC-specific-text></title-part></class-title>
<classification-item breakdown-code="false" not-allocatable="false" level="10" additional-only="false" sort-key="C05F17/0223" definition-exists="false" ipc-concordant="C05F17/02" c-set-base-allowed="false" c-set-subsequent-allowed="true" date-revised="2013-01-01" status="published"><classification-symbol>C05F17/0223</classification-symbol><class-title date-revised="2013-01-01"><title-part><CPC-specific-text><text>Cylinders; Drums</text></CPC-specific-text></title-part></class-title></classification-item>
<classification-item breakdown-code="false" not-allocatable="false" level="10" additional-only="false" sort-key="C05F17/0229" definition-exists="false" ipc-concordant="C05F17/02" c-set-base-allowed="false" c-set-subsequent-allowed="true" date-revised="2013-01-01" status="published"><classification-symbol>C05F17/0229</classification-symbol><class-title date-revised="2013-01-01"><title-part><CPC-specific-text><text>Tunnels</text></CPC-specific-text></title-part></class-title></classification-item>
<classification-item breakdown-code="false" not-allocatable="false" level="10" additional-only="false" sort-key="C05F17/0235" definition-exists="false" ipc-concordant="C05F17/02" c-set-base-allowed="false" c-set-subsequent-allowed="true" date-revised="2013-01-01" status="published"><classification-symbol>C05F17/0235</classification-symbol><class-title date-revised="2013-01-01"><title-part><CPC-specific-text><text>Mixing or moving equipment following predetermined, fixed paths, e.g. rails, cables</text></CPC-specific-text></title-part></class-title></classification-item>
<classification-item breakdown-code="false" not-allocatable="false" level="10" additional-only="false" sort-key="C05F17/0241" definition-exists="false" ipc-concordant="C05F17/02" c-set-base-allowed="false" c-set-subsequent-allowed="true" date-revised="2013-01-01" status="published"><classification-symbol>C05F17/0241</classification-symbol><class-title date-revised="2013-01-01"><title-part><CPC-specific-text><text>Mixing and moving equipment not restricted by rails, cables or the like</text></CPC-specific-text></title-part></class-title></classification-item></classification-item>
<classification-item breakdown-code="false" not-allocatable="false" level="9" additional-only="false" sort-key="C05F17/0247" definition-exists="false" ipc-concordant="C05F17/02" c-set-base-allowed="false" c-set-subsequent-allowed="true" date-revised="2013-01-01" status="published"><classification-symbol>C05F17/0247</classification-symbol><class-title date-revised="2013-01-01"><title-part><CPC-specific-text><text>Systematic, essentially vertical displacement of material from entrance to exit of installation</text></CPC-specific-text></title-part></class-title>
<classification-item breakdown-code="false" not-allocatable="false" level="10" additional-only="false" sort-key="C05F17/0252" definition-exists="false" ipc-concordant="C05F17/02" c-set-base-allowed="false" c-set-subsequent-allowed="true" date-revised="2013-01-01" status="published"><classification-symbol>C05F17/0252</classification-symbol><class-title date-revised="2013-01-01"><title-part><CPC-specific-text><text>the material going from platform to platform</text></CPC-specific-text></title-part></class-title></classification-item></classification-item>
<classification-item breakdown-code="false" not-allocatable="false" level="9" additional-only="false" sort-key="C05F17/0258" definition-exists="false" ipc-concordant="C05F17/02" c-set-base-allowed="false" c-set-subsequent-allowed="true" date-revised="2013-01-01" status="published"><classification-symbol>C05F17/0258</classification-symbol><class-title date-revised="2013-01-01"><title-part><CPC-specific-text><text>Parts or details of composting apparatus, e.g. floors, covers, doors</text></CPC-specific-text></title-part></class-title>
<classification-item breakdown-code="false" not-allocatable="false" level="10" additional-only="false" sort-key="C05F17/0264" definition-exists="false" ipc-concordant="C05F17/02" c-set-base-allowed="false" c-set-subsequent-allowed="true" date-revised="2013-01-01" status="published"><classification-symbol>C05F17/0264</classification-symbol><class-title date-revised="2013-01-01"><title-part><CPC-specific-text><text>Details regulating incoming and outgoing process streams from apparatus</text></CPC-specific-text></title-part></class-title>
<classification-item breakdown-code="false" not-allocatable="false" level="11" additional-only="false" sort-key="C05F17/027" definition-exists="true" ipc-concordant="C05F17/02" c-set-base-allowed="false" c-set-subsequent-allowed="true" date-revised="2013-01-01" status="published"><classification-symbol>C05F17/027</classification-symbol><class-title date-revised="2013-01-01"><title-part><CPC-specific-text><text>the process stream being a gas stream, e.g. aeration patterns</text></CPC-specific-text></title-part></class-title></classification-item>
<classification-item breakdown-code="false" not-allocatable="false" level="11" additional-only="false" sort-key="C05F17/0276" definition-exists="false" ipc-concordant="C05F17/02" c-set-base-allowed="false" c-set-subsequent-allowed="true" date-revised="2013-01-01" status="published"><classification-symbol>C05F17/0276</classification-symbol><class-title date-revised="2013-01-01"><title-part><CPC-specific-text><text>the process stream being a liquid stream, e.g. humidification details</text></CPC-specific-text></title-part></class-title></classification-item></classification-item>
<classification-item breakdown-code="false" not-allocatable="false" level="10" additional-only="false" sort-key="C05F17/0282" definition-exists="false" ipc-concordant="C05F17/02" c-set-base-allowed="false" c-set-subsequent-allowed="true" date-revised="2013-01-01" status="published"><classification-symbol>C05F17/0282</classification-symbol><class-title date-revised="2013-01-01"><title-part><CPC-specific-text><text>Devices for measuring process parameters, e.g. temperature, pressure, water content</text></CPC-specific-text></title-part></class-title></classification-item></classification-item>
<classification-item breakdown-code="false" not-allocatable="false" level="9" additional-only="false" sort-key="C05F17/0288" definition-exists="false" ipc-concordant="C05F17/02" c-set-base-allowed="false" c-set-subsequent-allowed="true" date-revised="2013-01-01" status="published"><classification-symbol>C05F17/0288</classification-symbol><class-title date-revised="2013-01-01"><title-part><CPC-specific-text><text>Flow sheets for composting process</text></CPC-specific-text></title-part></class-title></classification-item>
<classification-item breakdown-code="false" not-allocatable="false" level="9" additional-only="false" sort-key="C05F17/0294" definition-exists="false" ipc-concordant="C05F17/02" c-set-base-allowed="false" c-set-subsequent-allowed="true" date-revised="2013-01-01" status="published"><classification-symbol>C05F17/0294</classification-symbol><class-title date-revised="2013-01-01"><title-part><CPC-specific-text><text>Installation consisting of individual composting reactors in series</text></CPC-specific-text></title-part></class-title></classification-item></classification-item></classification-item></classification-item></classification-item></class-scheme>