<?xml version="1.0" encoding="UTF-8"?>
<class-scheme publication-date="2018-02-01" scheme-type="cpc" publication-type="official">
<classification-item breakdown-code="false" not-allocatable="true" level="5" additional-only="false" sort-key="B27G" definition-exists="true" date-revised="2018-01-01" status="published"><classification-symbol>B27G</classification-symbol><class-title date-revised="2016-08-01"><title-part><text>ACCESSORY MACHINES OR APPARATUS</text></title-part><title-part><text>TOOLS</text></title-part><title-part><text>SAFETY DEVICES, e.g. THOSE FOR SAWS </text><reference><text>clamping devices for mitre joints, presses for producing frames, press frames, or cages equipped with clamping devices <class-ref scheme="cpc">B25B</class-ref>; woodworkers&apos; benches <class-ref scheme="cpc">B25H</class-ref></text></reference></title-part></class-title><notes-and-warnings date-revised="2013-01-01"><note type="warning"><note-paragraph warning-type="ipc-not-used">The following IPC groups are not in the CPC scheme. The subject matter for these IPC groups is classified in the following CPC groups: <table><row><entry><class-ref scheme="ipc">B27G17/08</class-ref></entry><entry> covered by </entry><entry><class-ref scheme="cpc">B25D3/00</class-ref></entry></row></table></note-paragraph></note></notes-and-warnings>
<classification-item breakdown-code="false" not-allocatable="true" level="6" additional-only="false" sort-key="B27G1/00" date-revised="2013-01-01" status="published"><classification-symbol>B27G1/00</classification-symbol>
<classification-item breakdown-code="false" not-allocatable="false" level="7" additional-only="false" sort-key="B27G1/00" definition-exists="true" ipc-concordant="B27G1/00" c-set-base-allowed="false" c-set-subsequent-allowed="true" date-revised="2013-01-01" status="published"><classification-symbol>B27G1/00</classification-symbol><class-title date-revised="2013-01-01"><title-part><text>Machines or devices for removing knots or other irregularities or for filling-up holes </text><CPC-specific-text><reference><text>filling up cracks or holes in a veneer cutting block <class-ref scheme="cpc">B27L5/00</class-ref>; caulking decks <class-ref scheme="cpc">B63B5/065</class-ref></text></reference></CPC-specific-text></title-part></class-title></classification-item>
<classification-item breakdown-code="false" not-allocatable="false" level="7" additional-only="false" sort-key="B27G3/00" definition-exists="true" ipc-concordant="B27G3/00" c-set-base-allowed="false" c-set-subsequent-allowed="true" date-revised="2013-01-01" status="published"><classification-symbol>B27G3/00</classification-symbol><class-title date-revised="2013-01-01"><title-part><text>Arrangements for removing bark-zones, chips, waste, or dust, specially designed for use in connection with wood-working machine or in wood-working plants </text><CPC-specific-text><reference><text><class-ref scheme="cpc">B23Q11/0042</class-ref> takes precedence</text></reference></CPC-specific-text></title-part></class-title></classification-item>
<classification-item breakdown-code="false" not-allocatable="false" level="7" additional-only="false" sort-key="B27G5/00" definition-exists="true" ipc-concordant="B27G5/00" c-set-base-allowed="false" c-set-subsequent-allowed="true" date-revised="2013-01-01" status="published"><classification-symbol>B27G5/00</classification-symbol><class-title date-revised="2013-01-01"><title-part><text>Machines or devices for working mitre joints with even abutting ends </text><reference><text>with tenon or like connections <class-ref scheme="cpc">B27F</class-ref> </text><CPC-specific-text><text>making mitre joints with uneven abutting ends <class-ref scheme="cpc">B27F1/005</class-ref></text></CPC-specific-text></reference></title-part></class-title>
<classification-item breakdown-code="false" not-allocatable="false" level="8" additional-only="false" sort-key="B27G5/02" definition-exists="false" ipc-concordant="B27G5/02" c-set-base-allowed="false" c-set-subsequent-allowed="true" date-revised="2013-01-01" status="published"><classification-symbol>B27G5/02</classification-symbol><class-title date-revised="2013-01-01"><title-part><text>for sawing mitre joints</text></title-part><title-part><text>Mitre boxes </text><reference><text>guide fences for timber in sawing machines <class-ref scheme="cpc">B27B27/06</class-ref></text></reference></title-part></class-title>
<classification-item breakdown-code="false" not-allocatable="false" level="9" additional-only="false" sort-key="B27G5/023" definition-exists="false" ipc-concordant="B27G5/02" c-set-base-allowed="false" c-set-subsequent-allowed="true" date-revised="2013-01-01" status="published"><classification-symbol>B27G5/023</classification-symbol><class-title date-revised="2013-01-01"><title-part><CPC-specific-text><text>the mitre angle being adjusted by positioning a workpiece relative to a fixed saw</text></CPC-specific-text></title-part></class-title></classification-item>
<classification-item breakdown-code="false" not-allocatable="false" level="9" additional-only="false" sort-key="B27G5/026" definition-exists="false" ipc-concordant="B27G5/02" c-set-base-allowed="false" c-set-subsequent-allowed="true" date-revised="2013-01-01" status="published"><classification-symbol>B27G5/026</classification-symbol><class-title date-revised="2013-01-01"><title-part><CPC-specific-text><text>Mitre boxes</text></CPC-specific-text></title-part></class-title></classification-item></classification-item>
<classification-item breakdown-code="false" not-allocatable="false" level="8" additional-only="false" sort-key="B27G5/04" definition-exists="false" ipc-concordant="B27G5/04" c-set-base-allowed="false" c-set-subsequent-allowed="true" date-revised="2013-01-01" status="published"><classification-symbol>B27G5/04</classification-symbol><class-title date-revised="2013-01-01"><title-part><text>for planing, cutting, shearing, or milling mitre joints</text></title-part></class-title></classification-item></classification-item>
<classification-item breakdown-code="false" not-allocatable="false" level="7" additional-only="false" sort-key="B27G11/00" definition-exists="true" ipc-concordant="B27G11/00" c-set-base-allowed="false" c-set-subsequent-allowed="true" date-revised="2013-01-01" status="published"><classification-symbol>B27G11/00</classification-symbol><class-title date-revised="2013-01-01"><title-part><text>Applying adhesives or glue to surfaces of wood to be joined </text><reference><text>applying liquids, e.g. liquid adhesives, to surfaces in general <class-ref scheme="cpc">B05C</class-ref>, <class-ref scheme="cpc">B05D</class-ref>; adhesive processes <class-ref scheme="cpc">C09J5/00</class-ref>; associated with particular wood-working,<u>see</u>the relevant subclasses</text></reference></title-part></class-title>
<classification-item breakdown-code="false" not-allocatable="false" level="8" additional-only="false" sort-key="B27G11/005" definition-exists="false" ipc-concordant="B27G11/00" c-set-base-allowed="false" c-set-subsequent-allowed="true" date-revised="2013-01-01" status="published"><classification-symbol>B27G11/005</classification-symbol><class-title date-revised="2013-01-01"><title-part><CPC-specific-text><text>Glue guns, glue sprayers</text></CPC-specific-text></title-part></class-title></classification-item>
<classification-item breakdown-code="false" not-allocatable="false" level="8" additional-only="false" sort-key="B27G11/02" definition-exists="false" ipc-concordant="B27G11/02" c-set-base-allowed="false" c-set-subsequent-allowed="true" date-revised="2013-01-01" status="published"><classification-symbol>B27G11/02</classification-symbol><class-title date-revised="2013-01-01"><title-part><text>Glue vessels</text></title-part><title-part><text>Apparatus for warming or heating glue</text></title-part></class-title></classification-item></classification-item></classification-item>
<classification-item breakdown-code="false" not-allocatable="true" level="6" additional-only="false" sort-key="B27G13/00" date-revised="2013-01-01" status="published"><classification-symbol>B27G13/00</classification-symbol><class-title date-revised="2013-01-01"><title-part><text>Tools </text><reference><text>sawing tools <class-ref scheme="cpc">B27B33/00</class-ref>; tools for slotting or mortising machines <class-ref scheme="cpc">B27F5/00</class-ref>; tools for the manufacture of wood shavings, chips, powder, or the like <class-ref scheme="cpc">B27L11/00</class-ref></text></reference></title-part></class-title>
<classification-item breakdown-code="false" not-allocatable="false" level="7" additional-only="false" sort-key="B27G13/00" definition-exists="true" ipc-concordant="B27G13/00" c-set-base-allowed="false" c-set-subsequent-allowed="true" date-revised="2013-01-01" status="published"><classification-symbol>B27G13/00</classification-symbol><class-title date-revised="2013-01-01"><title-part><text>Cutter blocks</text></title-part><title-part><text>Other rotary cutting tools </text><reference><text><class-ref scheme="cpc">B27G15/00</class-ref>, <class-ref scheme="cpc">B27G17/00</class-ref> take precedence</text></reference></title-part></class-title>
<classification-item breakdown-code="false" not-allocatable="false" level="8" additional-only="false" sort-key="B27G13/002" definition-exists="false" ipc-concordant="B27G13/00" c-set-base-allowed="false" c-set-subsequent-allowed="true" date-revised="2013-01-01" status="published"><classification-symbol>B27G13/002</classification-symbol><class-title date-revised="2013-01-01"><title-part><CPC-specific-text><text>Rotary tools without insertable or exchangeable parts, except the chucking part</text></CPC-specific-text></title-part></class-title></classification-item>
<classification-item breakdown-code="false" not-allocatable="false" level="8" additional-only="false" sort-key="B27G13/005" definition-exists="false" ipc-concordant="B27G13/00" c-set-base-allowed="false" c-set-subsequent-allowed="true" date-revised="2013-01-01" status="published"><classification-symbol>B27G13/005</classification-symbol><class-title date-revised="2013-01-01"><title-part><CPC-specific-text><text>Tools composed of two or more rotating discs</text></CPC-specific-text></title-part></class-title>
<classification-item breakdown-code="false" not-allocatable="false" level="9" additional-only="false" sort-key="B27G13/007" definition-exists="false" ipc-concordant="B27G13/00" c-set-base-allowed="false" c-set-subsequent-allowed="true" date-revised="2013-01-01" status="published"><classification-symbol>B27G13/007</classification-symbol><class-title date-revised="2013-01-01"><title-part><CPC-specific-text><text>which are adjustable relatively to each other </text><reference><text><class-ref scheme="cpc">B23Q17/2283</class-ref> takes precedence</text></reference></CPC-specific-text></title-part></class-title></classification-item></classification-item>
<classification-item breakdown-code="false" not-allocatable="false" level="8" additional-only="false" sort-key="B27G13/02" definition-exists="false" ipc-concordant="B27G13/02" c-set-base-allowed="false" c-set-subsequent-allowed="true" date-revised="2013-01-01" status="published"><classification-symbol>B27G13/02</classification-symbol><class-title date-revised="2013-01-01"><title-part><text>in the shape of long arbors, i.e. cylinder cutting blocks </text><reference><text><class-ref scheme="cpc">B27G13/12</class-ref> takes precedence</text></reference></title-part></class-title>
<classification-item breakdown-code="false" not-allocatable="false" level="9" additional-only="false" sort-key="B27G13/04" definition-exists="false" ipc-concordant="B27G13/04" c-set-base-allowed="false" c-set-subsequent-allowed="true" date-revised="2013-01-01" status="published"><classification-symbol>B27G13/04</classification-symbol><class-title date-revised="2013-01-01"><title-part><text>Securing the cutters by mechanical clamping means</text></title-part></class-title></classification-item>
<classification-item breakdown-code="false" not-allocatable="false" level="9" additional-only="false" sort-key="B27G13/06" definition-exists="false" ipc-concordant="B27G13/06" c-set-base-allowed="false" c-set-subsequent-allowed="true" date-revised="2013-01-01" status="published"><classification-symbol>B27G13/06</classification-symbol><class-title date-revised="2013-01-01"><title-part><text>Securing the cutters by fluid-pressure clamping means</text></title-part></class-title></classification-item></classification-item>
<classification-item breakdown-code="false" not-allocatable="false" level="8" additional-only="false" sort-key="B27G13/08" definition-exists="false" ipc-concordant="B27G13/08" c-set-base-allowed="false" c-set-subsequent-allowed="true" date-revised="2013-01-01" status="published"><classification-symbol>B27G13/08</classification-symbol><class-title date-revised="2013-01-01"><title-part><text>in the shape of disc-like members</text></title-part><title-part><text>Wood-milling cutters </text><reference><text><class-ref scheme="cpc">B27G13/12</class-ref> takes precedence</text></reference></title-part></class-title>
<classification-item breakdown-code="false" not-allocatable="false" level="9" additional-only="false" sort-key="B27G13/10" definition-exists="false" ipc-concordant="B27G13/10" c-set-base-allowed="false" c-set-subsequent-allowed="true" date-revised="2013-01-01" status="published"><classification-symbol>B27G13/10</classification-symbol><class-title date-revised="2013-01-01"><title-part><text>Securing the cutters, e.g. by clamping collars</text></title-part></class-title></classification-item></classification-item>
<classification-item breakdown-code="false" not-allocatable="false" level="8" additional-only="false" sort-key="B27G13/12" definition-exists="false" ipc-concordant="B27G13/12" c-set-base-allowed="false" c-set-subsequent-allowed="true" date-revised="2013-01-01" status="published"><classification-symbol>B27G13/12</classification-symbol><class-title date-revised="2013-01-01"><title-part><text>for profile cutting</text></title-part></class-title>
<classification-item breakdown-code="false" not-allocatable="false" level="9" additional-only="false" sort-key="B27G13/14" definition-exists="false" ipc-concordant="B27G13/14" c-set-base-allowed="false" c-set-subsequent-allowed="true" date-revised="2013-01-01" status="published"><classification-symbol>B27G13/14</classification-symbol><class-title date-revised="2013-01-01"><title-part><text>for cutting grooves or tenons</text></title-part></class-title></classification-item>
<classification-item breakdown-code="false" not-allocatable="false" level="9" additional-only="false" sort-key="B27G13/16" definition-exists="false" ipc-concordant="B27G13/16" c-set-base-allowed="false" c-set-subsequent-allowed="true" date-revised="2013-01-01" status="published"><classification-symbol>B27G13/16</classification-symbol><class-title date-revised="2013-01-01"><title-part><text>for rounding rods, e.g. dowels</text></title-part></class-title></classification-item></classification-item></classification-item>
<classification-item breakdown-code="false" not-allocatable="false" level="7" additional-only="false" sort-key="B27G15/00" definition-exists="false" ipc-concordant="B27G15/00" c-set-base-allowed="false" c-set-subsequent-allowed="true" date-revised="2013-01-01" status="published"><classification-symbol>B27G15/00</classification-symbol><class-title date-revised="2013-01-01"><title-part><text>Boring or turning tools</text></title-part><title-part><text>Augers</text></title-part></class-title>
<classification-item breakdown-code="false" not-allocatable="false" level="8" additional-only="false" sort-key="B27G15/02" definition-exists="false" ipc-concordant="B27G15/02" c-set-base-allowed="false" c-set-subsequent-allowed="true" date-revised="2013-01-01" status="published"><classification-symbol>B27G15/02</classification-symbol><class-title date-revised="2013-01-01"><title-part><text>Drills for undercutting holes</text></title-part></class-title></classification-item></classification-item>
<classification-item breakdown-code="false" not-allocatable="false" level="7" additional-only="false" sort-key="B27G17/00" definition-exists="true" ipc-concordant="B27G17/00" c-set-base-allowed="false" c-set-subsequent-allowed="true" date-revised="2013-01-01" status="published"><classification-symbol>B27G17/00</classification-symbol><class-title date-revised="2013-01-01"><title-part><text>Manually-operated tools</text></title-part></class-title>
<classification-item breakdown-code="false" not-allocatable="false" level="8" additional-only="false" sort-key="B27G17/02" definition-exists="false" ipc-concordant="B27G17/02" c-set-base-allowed="false" c-set-subsequent-allowed="true" date-revised="2013-01-01" status="published"><classification-symbol>B27G17/02</classification-symbol><class-title date-revised="2013-01-01"><title-part><text>Hand planes </text><reference><text>equipped with power-driven cutter blocks <class-ref scheme="cpc">B27C1/10</class-ref></text></reference></title-part></class-title>
<classification-item breakdown-code="false" not-allocatable="false" level="9" additional-only="false" sort-key="B27G17/025" definition-exists="false" ipc-concordant="B27G17/02" c-set-base-allowed="false" c-set-subsequent-allowed="true" date-revised="2013-01-01" status="published"><classification-symbol>B27G17/025</classification-symbol><class-title date-revised="2013-01-01"><title-part><CPC-specific-text><text>for forming profiles on wood; for trimming or chamfering edges</text></CPC-specific-text></title-part></class-title></classification-item></classification-item>
<classification-item breakdown-code="false" not-allocatable="false" level="8" additional-only="false" sort-key="B27G17/04" definition-exists="false" ipc-concordant="B27G17/04" c-set-base-allowed="false" c-set-subsequent-allowed="true" date-revised="2013-01-01" status="published"><classification-symbol>B27G17/04</classification-symbol><class-title date-revised="2013-01-01"><title-part><text>Spokeshaves</text></title-part><title-part><text>Scrapers</text></title-part></class-title></classification-item>
<classification-item breakdown-code="false" not-allocatable="false" level="8" additional-only="false" sort-key="B27G17/06" definition-exists="false" ipc-concordant="B27G17/06" c-set-base-allowed="false" c-set-subsequent-allowed="true" date-revised="2013-01-01" status="published"><classification-symbol>B27G17/06</classification-symbol><class-title date-revised="2013-01-01"><title-part><text>Rasps</text></title-part></class-title></classification-item></classification-item>
<classification-item breakdown-code="false" not-allocatable="false" level="7" additional-only="false" sort-key="B27G19/00" definition-exists="false" ipc-concordant="B27G19/00" c-set-base-allowed="false" c-set-subsequent-allowed="true" date-revised="2013-01-01" status="published"><classification-symbol>B27G19/00</classification-symbol><class-title date-revised="2013-01-01"><title-part><text>Safety guards or devices specially designed for wood saws </text><reference><text>in general <class-ref scheme="cpc">F16P</class-ref></text></reference></title-part><title-part><text>Auxiliary devices facilitating proper operation of wood saws</text></title-part></class-title>
<classification-item breakdown-code="false" not-allocatable="false" level="8" additional-only="false" sort-key="B27G19/003" definition-exists="false" ipc-concordant="B27G19/00" c-set-base-allowed="false" c-set-subsequent-allowed="true" date-revised="2013-01-01" status="published"><classification-symbol>B27G19/003</classification-symbol><class-title date-revised="2013-01-01"><title-part><CPC-specific-text><text>for chain saws </text><reference><text>braking devices <class-ref scheme="cpc">B27B17/08</class-ref></text></reference></CPC-specific-text></title-part></class-title></classification-item>
<classification-item breakdown-code="false" not-allocatable="false" level="8" additional-only="false" sort-key="B27G19/006" definition-exists="false" ipc-concordant="B27G19/00" c-set-base-allowed="false" c-set-subsequent-allowed="true" date-revised="2013-01-01" status="published"><classification-symbol>B27G19/006</classification-symbol><class-title date-revised="2013-01-01"><title-part><CPC-specific-text><text>for reciprocating saws</text></CPC-specific-text></title-part></class-title></classification-item>
<classification-item breakdown-code="false" not-allocatable="false" level="8" additional-only="false" sort-key="B27G19/02" definition-exists="false" ipc-concordant="B27G19/02" c-set-base-allowed="false" c-set-subsequent-allowed="true" date-revised="2013-01-01" status="published"><classification-symbol>B27G19/02</classification-symbol><class-title date-revised="2013-01-01"><title-part><text>for circular saws</text></title-part></class-title>
<classification-item breakdown-code="false" not-allocatable="false" level="9" additional-only="false" sort-key="B27G19/04" definition-exists="false" ipc-concordant="B27G19/04" c-set-base-allowed="false" c-set-subsequent-allowed="true" date-revised="2013-01-01" status="published"><classification-symbol>B27G19/04</classification-symbol><class-title date-revised="2013-01-01"><title-part><text>for manually-operated power-driven circular saws</text></title-part></class-title></classification-item></classification-item>
<classification-item breakdown-code="false" not-allocatable="false" level="8" additional-only="false" sort-key="B27G19/06" definition-exists="false" ipc-concordant="B27G19/06" c-set-base-allowed="false" c-set-subsequent-allowed="true" date-revised="2013-01-01" status="published"><classification-symbol>B27G19/06</classification-symbol><class-title date-revised="2013-01-01"><title-part><text>for band or strap saws</text></title-part></class-title></classification-item>
<classification-item breakdown-code="false" not-allocatable="false" level="8" additional-only="false" sort-key="B27G19/08" definition-exists="false" ipc-concordant="B27G19/08" c-set-base-allowed="false" c-set-subsequent-allowed="true" date-revised="2013-01-01" status="published"><classification-symbol>B27G19/08</classification-symbol><class-title date-revised="2013-01-01"><title-part><text>Accessories for keeping open the saw kerf, e.g. riving knives, wedge plates</text></title-part></class-title></classification-item>
<classification-item breakdown-code="false" not-allocatable="false" level="8" additional-only="false" sort-key="B27G19/10" definition-exists="false" ipc-concordant="B27G19/10" c-set-base-allowed="false" c-set-subsequent-allowed="true" date-revised="2013-01-01" status="published"><classification-symbol>B27G19/10</classification-symbol><class-title date-revised="2013-01-01"><title-part><text>Measures preventing splintering of sawn portions of wood</text></title-part></class-title></classification-item></classification-item>
<classification-item breakdown-code="false" not-allocatable="false" level="7" additional-only="false" sort-key="B27G21/00" definition-exists="false" ipc-concordant="B27G21/00" c-set-base-allowed="false" c-set-subsequent-allowed="true" date-revised="2013-01-01" status="published"><classification-symbol>B27G21/00</classification-symbol><class-title date-revised="2013-01-01"><title-part><text>Safety guards or devices specially designed for other wood-working machines </text><CPC-specific-text><text>auxiliary devices facilitating proper operation of said wood-working machines</text></CPC-specific-text></title-part></class-title></classification-item>
<classification-item breakdown-code="false" not-allocatable="false" level="7" additional-only="false" sort-key="B27G23/00" definition-exists="false" ipc-concordant="B27G23/00" c-set-base-allowed="false" c-set-subsequent-allowed="true" date-revised="2013-01-01" status="published"><classification-symbol>B27G23/00</classification-symbol><class-title date-revised="2013-01-01"><title-part><text>Gauging means specially designed for adjusting of tools or guides, e.g. adjusting cutting blades in cutter blocks </text><reference><CPC-specific-text><text><class-ref scheme="cpc">B23Q17/22</class-ref> takes precedence; boring templates <class-ref scheme="cpc">B23B49/02</class-ref></text></CPC-specific-text><text>; for guides of sawing machines <class-ref scheme="cpc">B27B27/00</class-ref></text></reference></title-part></class-title></classification-item></classification-item></classification-item></class-scheme>