<?xml version="1.0" encoding="UTF-8"?>
<class-scheme publication-date="2018-02-01" scheme-type="cpc" publication-type="official">
<classification-item breakdown-code="false" not-allocatable="true" level="5" additional-only="false" sort-key="B41P" definition-exists="false" date-revised="2013-01-01" status="published"><classification-symbol>B41P</classification-symbol><class-title date-revised="2013-01-01"><title-part><text>INDEXING SCHEME RELATING TO PRINTING, LINING MACHINES, TYPEWRITERS, AND TO STAMPS</text></title-part></class-title><notes-and-warnings date-revised="2013-01-01"><note type="note"><note-paragraph>This subclass constitutes an internal scheme for indexing only.</note-paragraph></note></notes-and-warnings>
<classification-item breakdown-code="false" not-allocatable="true" level="6" additional-only="true" sort-key="B41P200/00" date-revised="2013-01-01" status="published"><classification-symbol>B41P2200/00</classification-symbol>
<classification-item breakdown-code="true" not-allocatable="false" level="7" additional-only="true" sort-key="B41P200/00" definition-exists="false" ipc-concordant="CPCONLY" c-set-base-allowed="false" c-set-subsequent-allowed="true" date-revised="2013-01-01" status="published"><classification-symbol>B41P2200/00</classification-symbol><class-title date-revised="2013-01-01"><title-part><text>Printing processes</text></title-part></class-title>
<classification-item breakdown-code="true" not-allocatable="false" level="8" additional-only="true" sort-key="B41P200/10" definition-exists="false" ipc-concordant="CPCONLY" c-set-base-allowed="false" c-set-subsequent-allowed="true" date-revised="2013-01-01" status="published"><classification-symbol>B41P2200/10</classification-symbol><class-title date-revised="2013-01-01"><title-part><text>Relief printing</text></title-part></class-title>
<classification-item breakdown-code="true" not-allocatable="false" level="9" additional-only="true" sort-key="B41P200/11" definition-exists="false" ipc-concordant="CPCONLY" c-set-base-allowed="false" c-set-subsequent-allowed="true" date-revised="2013-01-01" status="published"><classification-symbol>B41P2200/11</classification-symbol><class-title date-revised="2013-01-01"><title-part><text>Stereotype printing</text></title-part></class-title></classification-item>
<classification-item breakdown-code="true" not-allocatable="false" level="9" additional-only="true" sort-key="B41P200/12" definition-exists="false" ipc-concordant="CPCONLY" c-set-base-allowed="false" c-set-subsequent-allowed="true" date-revised="2013-01-01" status="published"><classification-symbol>B41P2200/12</classification-symbol><class-title date-revised="2013-01-01"><title-part><text>Flexographic printing</text></title-part></class-title></classification-item>
<classification-item breakdown-code="true" not-allocatable="false" level="9" additional-only="true" sort-key="B41P200/13" definition-exists="false" ipc-concordant="CPCONLY" c-set-base-allowed="false" c-set-subsequent-allowed="true" date-revised="2013-01-01" status="published"><classification-symbol>B41P2200/13</classification-symbol><class-title date-revised="2013-01-01"><title-part><text>Offset printing</text></title-part></class-title></classification-item></classification-item>
<classification-item breakdown-code="true" not-allocatable="false" level="8" additional-only="true" sort-key="B41P200/20" definition-exists="false" ipc-concordant="CPCONLY" c-set-base-allowed="false" c-set-subsequent-allowed="true" date-revised="2013-01-01" status="published"><classification-symbol>B41P2200/20</classification-symbol><class-title date-revised="2013-01-01"><title-part><text>Lithography</text></title-part></class-title>
<classification-item breakdown-code="true" not-allocatable="false" level="9" additional-only="true" sort-key="B41P200/21" definition-exists="false" ipc-concordant="CPCONLY" c-set-base-allowed="false" c-set-subsequent-allowed="true" date-revised="2013-01-01" status="published"><classification-symbol>B41P2200/21</classification-symbol><class-title date-revised="2013-01-01"><title-part><text>Dry offset printing</text></title-part></class-title></classification-item>
<classification-item breakdown-code="true" not-allocatable="false" level="9" additional-only="true" sort-key="B41P200/22" definition-exists="false" ipc-concordant="CPCONLY" c-set-base-allowed="false" c-set-subsequent-allowed="true" date-revised="2013-01-01" status="published"><classification-symbol>B41P2200/22</classification-symbol><class-title date-revised="2013-01-01"><title-part><text>Wet offset printing</text></title-part></class-title></classification-item></classification-item>
<classification-item breakdown-code="true" not-allocatable="false" level="8" additional-only="true" sort-key="B41P200/30" definition-exists="false" ipc-concordant="CPCONLY" c-set-base-allowed="false" c-set-subsequent-allowed="true" date-revised="2013-01-01" status="published"><classification-symbol>B41P2200/30</classification-symbol><class-title date-revised="2013-01-01"><title-part><text>Heliography</text></title-part></class-title>
<classification-item breakdown-code="true" not-allocatable="false" level="9" additional-only="true" sort-key="B41P200/31" definition-exists="false" ipc-concordant="CPCONLY" c-set-base-allowed="false" c-set-subsequent-allowed="true" date-revised="2013-01-01" status="published"><classification-symbol>B41P2200/31</classification-symbol><class-title date-revised="2013-01-01"><title-part><text>Pad printing</text></title-part></class-title>
<classification-item breakdown-code="true" not-allocatable="false" level="10" additional-only="true" sort-key="B41P200/312" definition-exists="false" ipc-concordant="CPCONLY" c-set-base-allowed="false" c-set-subsequent-allowed="true" date-revised="2013-01-01" status="published"><classification-symbol>B41P2200/312</classification-symbol><class-title date-revised="2013-01-01"><title-part><text>multicolor</text></title-part></class-title></classification-item></classification-item></classification-item>
<classification-item breakdown-code="true" not-allocatable="false" level="8" additional-only="true" sort-key="B41P200/40" definition-exists="false" ipc-concordant="CPCONLY" c-set-base-allowed="false" c-set-subsequent-allowed="true" date-revised="2013-01-01" status="published"><classification-symbol>B41P2200/40</classification-symbol><class-title date-revised="2013-01-01"><title-part><text>Screen printing</text></title-part></class-title>
<classification-item breakdown-code="true" not-allocatable="false" level="9" additional-only="true" sort-key="B41P200/41" definition-exists="false" ipc-concordant="CPCONLY" c-set-base-allowed="false" c-set-subsequent-allowed="true" date-revised="2013-01-01" status="published"><classification-symbol>B41P2200/41</classification-symbol><class-title date-revised="2013-01-01"><title-part><text>Offset printing</text></title-part></class-title></classification-item>
<classification-item breakdown-code="true" not-allocatable="false" level="9" additional-only="true" sort-key="B41P200/42" definition-exists="false" ipc-concordant="CPCONLY" c-set-base-allowed="false" c-set-subsequent-allowed="true" date-revised="2013-01-01" status="published"><classification-symbol>B41P2200/42</classification-symbol><class-title date-revised="2013-01-01"><title-part><text>Mimeographic printing, e.g. stencilling</text></title-part></class-title></classification-item></classification-item></classification-item>
<classification-item breakdown-code="true" not-allocatable="false" level="7" additional-only="true" sort-key="B41P213/00" definition-exists="false" ipc-concordant="CPCONLY" c-set-base-allowed="false" c-set-subsequent-allowed="true" date-revised="2013-01-01" status="published"><classification-symbol>B41P2213/00</classification-symbol><class-title date-revised="2013-01-01"><title-part><text>Arrangements for actuating or driving printing presses</text></title-part><title-part><text>Auxiliary devices or processes</text></title-part></class-title>
<classification-item breakdown-code="true" not-allocatable="false" level="8" additional-only="true" sort-key="B41P213/10" definition-exists="false" ipc-concordant="CPCONLY" c-set-base-allowed="false" c-set-subsequent-allowed="true" date-revised="2013-01-01" status="published"><classification-symbol>B41P2213/10</classification-symbol><class-title date-revised="2013-01-01"><title-part><text>Constitutive elements of driving devices </text><reference><text>driving reciprocating printing dies <class-ref scheme="cpc">B41P2219/10</class-ref></text></reference></title-part></class-title>
<classification-item breakdown-code="true" not-allocatable="false" level="9" additional-only="true" sort-key="B41P213/11" definition-exists="false" ipc-concordant="CPCONLY" c-set-base-allowed="false" c-set-subsequent-allowed="true" date-revised="2013-01-01" status="published"><classification-symbol>B41P2213/11</classification-symbol><class-title date-revised="2013-01-01"><title-part><text>Motors</text></title-part></class-title>
<classification-item breakdown-code="true" not-allocatable="false" level="10" additional-only="true" sort-key="B41P213/112" definition-exists="false" ipc-concordant="CPCONLY" c-set-base-allowed="false" c-set-subsequent-allowed="true" date-revised="2013-01-01" status="published"><classification-symbol>B41P2213/112</classification-symbol><class-title date-revised="2013-01-01"><title-part><text>Fluid motors</text></title-part></class-title>
<classification-item breakdown-code="true" not-allocatable="false" level="11" additional-only="true" sort-key="B41P213/114" definition-exists="false" ipc-concordant="CPCONLY" c-set-base-allowed="false" c-set-subsequent-allowed="true" date-revised="2013-01-01" status="published"><classification-symbol>B41P2213/114</classification-symbol><class-title date-revised="2013-01-01"><title-part><text>Hydraulic motors</text></title-part></class-title>
<classification-item breakdown-code="true" not-allocatable="false" level="12" additional-only="true" sort-key="B41P213/116" definition-exists="false" ipc-concordant="CPCONLY" c-set-base-allowed="false" c-set-subsequent-allowed="true" date-revised="2013-01-01" status="published"><classification-symbol>B41P2213/116</classification-symbol><class-title date-revised="2013-01-01"><title-part><text>Linear hydraulic motors</text></title-part></class-title></classification-item>
<classification-item breakdown-code="true" not-allocatable="false" level="12" additional-only="true" sort-key="B41P213/118" definition-exists="false" ipc-concordant="CPCONLY" c-set-base-allowed="false" c-set-subsequent-allowed="true" date-revised="2013-01-01" status="published"><classification-symbol>B41P2213/118</classification-symbol><class-title date-revised="2013-01-01"><title-part><text>Rotary hydraulic motors</text></title-part></class-title></classification-item></classification-item>
<classification-item breakdown-code="true" not-allocatable="false" level="11" additional-only="true" sort-key="B41P213/12" definition-exists="false" ipc-concordant="CPCONLY" c-set-base-allowed="false" c-set-subsequent-allowed="true" date-revised="2013-01-01" status="published"><classification-symbol>B41P2213/12</classification-symbol><class-title date-revised="2013-01-01"><title-part><text>Pneumatic motors</text></title-part></class-title>
<classification-item breakdown-code="true" not-allocatable="false" level="12" additional-only="true" sort-key="B41P213/122" definition-exists="false" ipc-concordant="CPCONLY" c-set-base-allowed="false" c-set-subsequent-allowed="true" date-revised="2013-01-01" status="published"><classification-symbol>B41P2213/122</classification-symbol><class-title date-revised="2013-01-01"><title-part><text>Linear pneumatic motors</text></title-part></class-title></classification-item></classification-item></classification-item>
<classification-item breakdown-code="true" not-allocatable="false" level="10" additional-only="true" sort-key="B41P213/124" definition-exists="false" ipc-concordant="CPCONLY" c-set-base-allowed="false" c-set-subsequent-allowed="true" date-revised="2013-01-01" status="published"><classification-symbol>B41P2213/124</classification-symbol><class-title date-revised="2013-01-01"><title-part><text>Electric motors</text></title-part></class-title>
<classification-item breakdown-code="true" not-allocatable="false" level="11" additional-only="true" sort-key="B41P213/126" definition-exists="false" ipc-concordant="CPCONLY" c-set-base-allowed="false" c-set-subsequent-allowed="true" date-revised="2013-01-01" status="published"><classification-symbol>B41P2213/126</classification-symbol><class-title date-revised="2013-01-01"><title-part><text>Rotary electric motors</text></title-part></class-title></classification-item>
<classification-item breakdown-code="true" not-allocatable="false" level="11" additional-only="true" sort-key="B41P213/128" definition-exists="false" ipc-concordant="CPCONLY" c-set-base-allowed="false" c-set-subsequent-allowed="true" date-revised="2013-01-01" status="published"><classification-symbol>B41P2213/128</classification-symbol><class-title date-revised="2013-01-01"><title-part><text>Linear electric motors</text></title-part></class-title></classification-item>
<classification-item breakdown-code="true" not-allocatable="false" level="11" additional-only="true" sort-key="B41P213/13" definition-exists="false" ipc-concordant="CPCONLY" c-set-base-allowed="false" c-set-subsequent-allowed="true" date-revised="2013-01-01" status="published"><classification-symbol>B41P2213/13</classification-symbol><class-title date-revised="2013-01-01"><title-part><text>Solenoids</text></title-part></class-title></classification-item></classification-item></classification-item>
<classification-item breakdown-code="true" not-allocatable="false" level="9" additional-only="true" sort-key="B41P213/20" definition-exists="false" ipc-concordant="CPCONLY" c-set-base-allowed="false" c-set-subsequent-allowed="true" date-revised="2013-01-01" status="published"><classification-symbol>B41P2213/20</classification-symbol><class-title date-revised="2013-01-01"><title-part><text>Gearings</text></title-part></class-title>
<classification-item breakdown-code="true" not-allocatable="false" level="10" additional-only="true" sort-key="B41P213/202" definition-exists="false" ipc-concordant="CPCONLY" c-set-base-allowed="false" c-set-subsequent-allowed="true" date-revised="2013-01-01" status="published"><classification-symbol>B41P2213/202</classification-symbol><class-title date-revised="2013-01-01"><title-part><text>Helical gears</text></title-part></class-title></classification-item>
<classification-item breakdown-code="true" not-allocatable="false" level="10" additional-only="true" sort-key="B41P213/204" definition-exists="false" ipc-concordant="CPCONLY" c-set-base-allowed="false" c-set-subsequent-allowed="true" date-revised="2013-01-01" status="published"><classification-symbol>B41P2213/204</classification-symbol><class-title date-revised="2013-01-01"><title-part><text>Bevel gears</text></title-part></class-title></classification-item>
<classification-item breakdown-code="true" not-allocatable="false" level="10" additional-only="true" sort-key="B41P213/206" definition-exists="false" ipc-concordant="CPCONLY" c-set-base-allowed="false" c-set-subsequent-allowed="true" date-revised="2013-01-01" status="published"><classification-symbol>B41P2213/206</classification-symbol><class-title date-revised="2013-01-01"><title-part><text>Planetary gears</text></title-part></class-title></classification-item>
<classification-item breakdown-code="true" not-allocatable="false" level="10" additional-only="true" sort-key="B41P213/208" definition-exists="false" ipc-concordant="CPCONLY" c-set-base-allowed="false" c-set-subsequent-allowed="true" date-revised="2013-01-01" status="published"><classification-symbol>B41P2213/208</classification-symbol><class-title date-revised="2013-01-01"><title-part><text>Harmonic drive</text></title-part></class-title></classification-item></classification-item>
<classification-item breakdown-code="true" not-allocatable="false" level="9" additional-only="true" sort-key="B41P213/25" definition-exists="false" ipc-concordant="CPCONLY" c-set-base-allowed="false" c-set-subsequent-allowed="true" date-revised="2013-01-01" status="published"><classification-symbol>B41P2213/25</classification-symbol><class-title date-revised="2013-01-01"><title-part><text>Couplings</text></title-part><title-part><text>Clutches</text></title-part></class-title>
<classification-item breakdown-code="true" not-allocatable="false" level="10" additional-only="true" sort-key="B41P213/252" definition-exists="false" ipc-concordant="CPCONLY" c-set-base-allowed="false" c-set-subsequent-allowed="true" date-revised="2013-01-01" status="published"><classification-symbol>B41P2213/252</classification-symbol><class-title date-revised="2013-01-01"><title-part><text>Synchroclutches</text></title-part></class-title></classification-item>
<classification-item breakdown-code="true" not-allocatable="false" level="10" additional-only="true" sort-key="B41P213/254" definition-exists="false" ipc-concordant="CPCONLY" c-set-base-allowed="false" c-set-subsequent-allowed="true" date-revised="2013-01-01" status="published"><classification-symbol>B41P2213/254</classification-symbol><class-title date-revised="2013-01-01"><title-part><text>Devices allowing two gears to engage with each other</text></title-part></class-title>
<classification-item breakdown-code="true" not-allocatable="false" level="11" additional-only="true" sort-key="B41P213/256" definition-exists="false" ipc-concordant="CPCONLY" c-set-base-allowed="false" c-set-subsequent-allowed="true" date-revised="2013-01-01" status="published"><classification-symbol>B41P2213/256</classification-symbol><class-title date-revised="2013-01-01"><title-part><text>in a fixed angular position</text></title-part></class-title></classification-item></classification-item></classification-item>
<classification-item breakdown-code="true" not-allocatable="false" level="9" additional-only="true" sort-key="B41P213/30" definition-exists="false" ipc-concordant="CPCONLY" c-set-base-allowed="false" c-set-subsequent-allowed="true" date-revised="2013-01-01" status="published"><classification-symbol>B41P2213/30</classification-symbol><class-title date-revised="2013-01-01"><title-part><text>Rotary energy transmitters, i.e. electric energy couplers</text></title-part></class-title>
<classification-item breakdown-code="true" not-allocatable="false" level="10" additional-only="true" sort-key="B41P213/302" definition-exists="false" ipc-concordant="CPCONLY" c-set-base-allowed="false" c-set-subsequent-allowed="true" date-revised="2013-01-01" status="published"><classification-symbol>B41P2213/302</classification-symbol><class-title date-revised="2013-01-01"><title-part><text>using pneumatic energy, e.g. pressurised air</text></title-part></class-title></classification-item>
<classification-item breakdown-code="true" not-allocatable="false" level="10" additional-only="true" sort-key="B41P213/304" definition-exists="false" ipc-concordant="CPCONLY" c-set-base-allowed="false" c-set-subsequent-allowed="true" date-revised="2013-01-01" status="published"><classification-symbol>B41P2213/304</classification-symbol><class-title date-revised="2013-01-01"><title-part><text>using hydraulic energy</text></title-part></class-title></classification-item></classification-item></classification-item>
<classification-item breakdown-code="true" not-allocatable="false" level="8" additional-only="true" sort-key="B41P213/40" definition-exists="false" ipc-concordant="CPCONLY" c-set-base-allowed="false" c-set-subsequent-allowed="true" date-revised="2013-01-01" status="published"><classification-symbol>B41P2213/40</classification-symbol><class-title date-revised="2013-01-01"><title-part><text>Auxiliary devices or processes associated with the drives</text></title-part></class-title>
<classification-item breakdown-code="true" not-allocatable="false" level="9" additional-only="true" sort-key="B41P213/42" definition-exists="false" ipc-concordant="CPCONLY" c-set-base-allowed="false" c-set-subsequent-allowed="true" date-revised="2013-01-01" status="published"><classification-symbol>B41P2213/42</classification-symbol><class-title date-revised="2013-01-01"><title-part><text>Vibration-dampers for machine parts </text><reference><text>for cylinders <class-ref scheme="cpc">B41F13/085</class-ref></text></reference></title-part></class-title></classification-item>
<classification-item breakdown-code="true" not-allocatable="false" level="9" additional-only="true" sort-key="B41P213/44" definition-exists="false" ipc-concordant="CPCONLY" c-set-base-allowed="false" c-set-subsequent-allowed="true" date-revised="2013-01-01" status="published"><classification-symbol>B41P2213/44</classification-symbol><class-title date-revised="2013-01-01"><title-part><text>Noise reduction</text></title-part></class-title></classification-item>
<classification-item breakdown-code="true" not-allocatable="false" level="9" additional-only="true" sort-key="B41P213/46" definition-exists="false" ipc-concordant="CPCONLY" c-set-base-allowed="false" c-set-subsequent-allowed="true" date-revised="2013-01-01" status="published"><classification-symbol>B41P2213/46</classification-symbol><class-title date-revised="2013-01-01"><title-part><text>Lubrication</text></title-part></class-title></classification-item></classification-item>
<classification-item breakdown-code="true" not-allocatable="false" level="8" additional-only="true" sort-key="B41P213/70" definition-exists="false" ipc-concordant="CPCONLY" c-set-base-allowed="false" c-set-subsequent-allowed="true" date-revised="2013-01-01" status="published"><classification-symbol>B41P2213/70</classification-symbol><class-title date-revised="2013-01-01"><title-part><text>Driving devices associated with particular installations or situations</text></title-part></class-title>
<classification-item breakdown-code="true" not-allocatable="false" level="9" additional-only="true" sort-key="B41P213/71" definition-exists="false" ipc-concordant="CPCONLY" c-set-base-allowed="false" c-set-subsequent-allowed="true" date-revised="2013-01-01" status="published"><classification-symbol>B41P2213/71</classification-symbol><class-title date-revised="2013-01-01"><title-part><text>Inching drive mechanism, i.e. to obtain stepwise movement</text></title-part></class-title></classification-item>
<classification-item breakdown-code="true" not-allocatable="false" level="9" additional-only="true" sort-key="B41P213/72" definition-exists="false" ipc-concordant="CPCONLY" c-set-base-allowed="false" c-set-subsequent-allowed="true" date-revised="2013-01-01" status="published"><classification-symbol>B41P2213/72</classification-symbol><class-title date-revised="2013-01-01"><title-part><text>Driving devices for monocolour presses</text></title-part></class-title></classification-item>
<classification-item breakdown-code="true" not-allocatable="false" level="9" additional-only="true" sort-key="B41P213/73" definition-exists="false" ipc-concordant="CPCONLY" c-set-base-allowed="false" c-set-subsequent-allowed="true" date-revised="2013-01-01" status="published"><classification-symbol>B41P2213/73</classification-symbol><class-title date-revised="2013-01-01"><title-part><text>Driving devices for multicolour presses</text></title-part></class-title>
<classification-item breakdown-code="true" not-allocatable="false" level="10" additional-only="true" sort-key="B41P213/732" definition-exists="false" ipc-concordant="CPCONLY" c-set-base-allowed="false" c-set-subsequent-allowed="true" date-revised="2013-01-01" status="published"><classification-symbol>B41P2213/732</classification-symbol><class-title date-revised="2013-01-01"><title-part><text>with means for deviating torque over the printing units</text></title-part></class-title></classification-item>
<classification-item breakdown-code="true" not-allocatable="false" level="10" additional-only="true" sort-key="B41P213/734" definition-exists="false" ipc-concordant="CPCONLY" c-set-base-allowed="false" c-set-subsequent-allowed="true" date-revised="2013-01-01" status="published"><classification-symbol>B41P2213/734</classification-symbol><class-title date-revised="2013-01-01"><title-part><text>each printing unit being driven by its own electric motor, i.e. electric shaft</text></title-part></class-title></classification-item></classification-item></classification-item>
<classification-item breakdown-code="true" not-allocatable="false" level="8" additional-only="true" sort-key="B41P213/80" definition-exists="false" ipc-concordant="CPCONLY" c-set-base-allowed="false" c-set-subsequent-allowed="true" date-revised="2013-01-01" status="published"><classification-symbol>B41P2213/80</classification-symbol><class-title date-revised="2013-01-01"><title-part><text>Means enabling or facilitating exchange of cylinders </text><reference><text>exchanging tubular printing plates <class-ref scheme="cpc">B41P2227/20</class-ref></text></reference></title-part></class-title>
<classification-item breakdown-code="true" not-allocatable="false" level="9" additional-only="true" sort-key="B41P213/802" definition-exists="false" ipc-concordant="CPCONLY" c-set-base-allowed="false" c-set-subsequent-allowed="true" date-revised="2013-01-01" status="published"><classification-symbol>B41P2213/802</classification-symbol><class-title date-revised="2013-01-01"><title-part><text>axially</text></title-part></class-title></classification-item>
<classification-item breakdown-code="true" not-allocatable="false" level="9" additional-only="true" sort-key="B41P213/804" definition-exists="false" ipc-concordant="CPCONLY" c-set-base-allowed="false" c-set-subsequent-allowed="true" date-revised="2013-01-01" status="published"><classification-symbol>B41P2213/804</classification-symbol><class-title date-revised="2013-01-01"><title-part><text>radially</text></title-part></class-title></classification-item></classification-item>
<classification-item breakdown-code="true" not-allocatable="false" level="8" additional-only="true" sort-key="B41P213/90" definition-exists="false" ipc-concordant="CPCONLY" c-set-base-allowed="false" c-set-subsequent-allowed="true" date-revised="2013-01-01" status="published"><classification-symbol>B41P2213/90</classification-symbol><class-title date-revised="2013-01-01"><title-part><text>Register control</text></title-part></class-title>
<classification-item breakdown-code="true" not-allocatable="false" level="9" additional-only="true" sort-key="B41P213/91" definition-exists="false" ipc-concordant="CPCONLY" c-set-base-allowed="false" c-set-subsequent-allowed="true" date-revised="2013-01-01" status="published"><classification-symbol>B41P2213/91</classification-symbol><class-title date-revised="2013-01-01"><title-part><text>for sheet printing presses</text></title-part></class-title></classification-item></classification-item></classification-item>
<classification-item breakdown-code="true" not-allocatable="false" level="7" additional-only="true" sort-key="B41P215/00" definition-exists="false" ipc-concordant="CPCONLY" c-set-base-allowed="false" c-set-subsequent-allowed="true" date-revised="2013-01-01" status="published"><classification-symbol>B41P2215/00</classification-symbol><class-title date-revised="2013-01-01"><title-part><text>Screen printing machines</text></title-part></class-title>
<classification-item breakdown-code="true" not-allocatable="false" level="8" additional-only="true" sort-key="B41P215/10" definition-exists="false" ipc-concordant="CPCONLY" c-set-base-allowed="false" c-set-subsequent-allowed="true" date-revised="2013-01-01" status="published"><classification-symbol>B41P2215/10</classification-symbol><class-title date-revised="2013-01-01"><title-part><text>characterised by their constructional features</text></title-part></class-title>
<classification-item breakdown-code="true" not-allocatable="false" level="9" additional-only="true" sort-key="B41P215/11" definition-exists="false" ipc-concordant="CPCONLY" c-set-base-allowed="false" c-set-subsequent-allowed="true" date-revised="2013-01-01" status="published"><classification-symbol>B41P2215/11</classification-symbol><class-title date-revised="2013-01-01"><title-part><text>Registering devices</text></title-part></class-title>
<classification-item breakdown-code="true" not-allocatable="false" level="10" additional-only="true" sort-key="B41P215/112" definition-exists="false" ipc-concordant="CPCONLY" c-set-base-allowed="false" c-set-subsequent-allowed="true" date-revised="2013-01-01" status="published"><classification-symbol>B41P2215/112</classification-symbol><class-title date-revised="2013-01-01"><title-part><text>with means for displacing the frame</text></title-part></class-title></classification-item>
<classification-item breakdown-code="true" not-allocatable="false" level="10" additional-only="true" sort-key="B41P215/114" definition-exists="false" ipc-concordant="CPCONLY" c-set-base-allowed="false" c-set-subsequent-allowed="true" date-revised="2013-01-01" status="published"><classification-symbol>B41P2215/114</classification-symbol><class-title date-revised="2013-01-01"><title-part><text>with means for displacing the article</text></title-part></class-title></classification-item></classification-item>
<classification-item breakdown-code="true" not-allocatable="false" level="9" additional-only="true" sort-key="B41P215/12" definition-exists="false" ipc-concordant="CPCONLY" c-set-base-allowed="false" c-set-subsequent-allowed="true" date-revised="2013-01-01" status="published"><classification-symbol>B41P2215/12</classification-symbol><class-title date-revised="2013-01-01"><title-part><text>Screens</text></title-part></class-title></classification-item>
<classification-item breakdown-code="true" not-allocatable="false" level="9" additional-only="true" sort-key="B41P215/13" definition-exists="false" ipc-concordant="CPCONLY" c-set-base-allowed="false" c-set-subsequent-allowed="true" date-revised="2013-01-01" status="published"><classification-symbol>B41P2215/13</classification-symbol><class-title date-revised="2013-01-01"><title-part><text>Devices for increasing ink penetration</text></title-part></class-title>
<classification-item breakdown-code="true" not-allocatable="false" level="10" additional-only="true" sort-key="B41P215/132" definition-exists="false" ipc-concordant="CPCONLY" c-set-base-allowed="false" c-set-subsequent-allowed="true" date-revised="2013-01-01" status="published"><classification-symbol>B41P2215/132</classification-symbol><class-title date-revised="2013-01-01"><title-part><text>by increasing pressure above the screen</text></title-part></class-title></classification-item>
<classification-item breakdown-code="true" not-allocatable="false" level="10" additional-only="true" sort-key="B41P215/134" definition-exists="false" ipc-concordant="CPCONLY" c-set-base-allowed="false" c-set-subsequent-allowed="true" date-revised="2013-01-01" status="published"><classification-symbol>B41P2215/134</classification-symbol><class-title date-revised="2013-01-01"><title-part><text>by increasing pressure beneath the screen</text></title-part></class-title></classification-item></classification-item>
<classification-item breakdown-code="true" not-allocatable="false" level="9" additional-only="true" sort-key="B41P215/14" definition-exists="false" ipc-concordant="CPCONLY" c-set-base-allowed="false" c-set-subsequent-allowed="true" date-revised="2013-01-01" status="published"><classification-symbol>B41P2215/14</classification-symbol><class-title date-revised="2013-01-01"><title-part><text>Devices or methods for reducing snap effect</text></title-part></class-title></classification-item></classification-item>
<classification-item breakdown-code="true" not-allocatable="false" level="8" additional-only="true" sort-key="B41P215/50" definition-exists="false" ipc-concordant="CPCONLY" c-set-base-allowed="false" c-set-subsequent-allowed="true" date-revised="2013-01-01" status="published"><classification-symbol>B41P2215/50</classification-symbol><class-title date-revised="2013-01-01"><title-part><text>Screen printing machines for particular purposes</text></title-part></class-title>
<classification-item breakdown-code="true" not-allocatable="false" level="9" additional-only="true" sort-key="B41P215/55" definition-exists="false" ipc-concordant="CPCONLY" c-set-base-allowed="false" c-set-subsequent-allowed="true" date-revised="2013-01-01" status="published"><classification-symbol>B41P2215/55</classification-symbol><class-title date-revised="2013-01-01"><title-part><text>for printing compact discs</text></title-part></class-title></classification-item>
<classification-item breakdown-code="true" not-allocatable="false" level="9" additional-only="true" sort-key="B41P215/56" definition-exists="false" ipc-concordant="CPCONLY" c-set-base-allowed="false" c-set-subsequent-allowed="true" date-revised="2013-01-01" status="published"><classification-symbol>B41P2215/56</classification-symbol><class-title date-revised="2013-01-01"><title-part><text>for printing ceramic tiles</text></title-part></class-title></classification-item></classification-item></classification-item>
<classification-item breakdown-code="true" not-allocatable="false" level="7" additional-only="true" sort-key="B41P217/00" definition-exists="false" ipc-concordant="CPCONLY" c-set-base-allowed="false" c-set-subsequent-allowed="true" date-revised="2013-01-01" status="published"><classification-symbol>B41P2217/00</classification-symbol><class-title date-revised="2013-01-01"><title-part><text>Printing machines of special types or for particular purposes</text></title-part></class-title>
<classification-item breakdown-code="true" not-allocatable="false" level="8" additional-only="true" sort-key="B41P217/10" definition-exists="false" ipc-concordant="CPCONLY" c-set-base-allowed="false" c-set-subsequent-allowed="true" date-revised="2013-01-01" status="published"><classification-symbol>B41P2217/10</classification-symbol><class-title date-revised="2013-01-01"><title-part><text>characterised by their constructional features</text></title-part></class-title>
<classification-item breakdown-code="true" not-allocatable="false" level="9" additional-only="true" sort-key="B41P217/11" definition-exists="false" ipc-concordant="CPCONLY" c-set-base-allowed="false" c-set-subsequent-allowed="true" date-revised="2013-01-01" status="published"><classification-symbol>B41P2217/11</classification-symbol><class-title date-revised="2013-01-01"><title-part><text>Machines with modular units, i.e. with units exchangeable as a whole</text></title-part></class-title></classification-item>
<classification-item breakdown-code="true" not-allocatable="false" level="9" additional-only="true" sort-key="B41P217/12" definition-exists="false" ipc-concordant="CPCONLY" c-set-base-allowed="false" c-set-subsequent-allowed="true" date-revised="2013-01-01" status="published"><classification-symbol>B41P2217/12</classification-symbol><class-title date-revised="2013-01-01"><title-part><text>Machines with reversible printing units</text></title-part></class-title></classification-item>
<classification-item breakdown-code="true" not-allocatable="false" level="9" additional-only="true" sort-key="B41P217/13" definition-exists="false" ipc-concordant="CPCONLY" c-set-base-allowed="false" c-set-subsequent-allowed="true" date-revised="2013-01-01" status="published"><classification-symbol>B41P2217/13</classification-symbol><class-title date-revised="2013-01-01"><title-part><text>Machines with double or multiple printing units for &quot;flying&quot; printing plates exchange</text></title-part></class-title></classification-item>
<classification-item breakdown-code="true" not-allocatable="false" level="9" additional-only="true" sort-key="B41P217/14" definition-exists="false" ipc-concordant="CPCONLY" c-set-base-allowed="false" c-set-subsequent-allowed="true" date-revised="2013-01-01" status="published"><classification-symbol>B41P2217/14</classification-symbol><class-title date-revised="2013-01-01"><title-part><text>Machines with constructions allowing refurbishing, converting or updating existing presses</text></title-part></class-title></classification-item>
<classification-item breakdown-code="true" not-allocatable="false" level="9" additional-only="true" sort-key="B41P217/15" definition-exists="false" ipc-concordant="CPCONLY" c-set-base-allowed="false" c-set-subsequent-allowed="true" date-revised="2013-01-01" status="published"><classification-symbol>B41P2217/15</classification-symbol><class-title date-revised="2013-01-01"><title-part><text>Machines with cylinders only supported on one side, e.g. cantilever construction</text></title-part></class-title></classification-item></classification-item>
<classification-item breakdown-code="true" not-allocatable="false" level="8" additional-only="true" sort-key="B41P217/50" definition-exists="false" ipc-concordant="CPCONLY" c-set-base-allowed="false" c-set-subsequent-allowed="true" date-revised="2013-01-01" status="published"><classification-symbol>B41P2217/50</classification-symbol><class-title date-revised="2013-01-01"><title-part><text>Printing presses for particular purposes</text></title-part></class-title>
<classification-item breakdown-code="true" not-allocatable="false" level="9" additional-only="true" sort-key="B41P217/51" definition-exists="false" ipc-concordant="CPCONLY" c-set-base-allowed="false" c-set-subsequent-allowed="true" date-revised="2013-01-01" status="published"><classification-symbol>B41P2217/51</classification-symbol><class-title date-revised="2013-01-01"><title-part><text>for printing individualised books</text></title-part></class-title></classification-item>
<classification-item breakdown-code="true" not-allocatable="false" level="9" additional-only="true" sort-key="B41P217/52" definition-exists="false" ipc-concordant="CPCONLY" c-set-base-allowed="false" c-set-subsequent-allowed="true" date-revised="2013-01-01" status="published"><classification-symbol>B41P2217/52</classification-symbol><class-title date-revised="2013-01-01"><title-part><text>for printing a long repeat length on webs</text></title-part></class-title></classification-item>
<classification-item breakdown-code="true" not-allocatable="false" level="9" additional-only="true" sort-key="B41P217/53" definition-exists="false" ipc-concordant="CPCONLY" c-set-base-allowed="false" c-set-subsequent-allowed="true" date-revised="2013-01-01" status="published"><classification-symbol>B41P2217/53</classification-symbol><class-title date-revised="2013-01-01"><title-part><text>for printing on the interior of hollow articles</text></title-part></class-title></classification-item>
<classification-item breakdown-code="true" not-allocatable="false" level="9" additional-only="true" sort-key="B41P217/55" definition-exists="false" ipc-concordant="CPCONLY" c-set-base-allowed="false" c-set-subsequent-allowed="true" date-revised="2013-01-01" status="published"><classification-symbol>B41P2217/55</classification-symbol><class-title date-revised="2013-01-01"><title-part><text>for printing compact discs</text></title-part></class-title></classification-item>
<classification-item breakdown-code="true" not-allocatable="false" level="9" additional-only="true" sort-key="B41P217/56" definition-exists="false" ipc-concordant="CPCONLY" c-set-base-allowed="false" c-set-subsequent-allowed="true" date-revised="2013-01-01" status="published"><classification-symbol>B41P2217/56</classification-symbol><class-title date-revised="2013-01-01"><title-part><text>for printing ceramic tiles</text></title-part></class-title></classification-item>
<classification-item breakdown-code="true" not-allocatable="false" level="9" additional-only="true" sort-key="B41P217/60" definition-exists="false" ipc-concordant="CPCONLY" c-set-base-allowed="false" c-set-subsequent-allowed="true" date-revised="2013-01-01" status="published"><classification-symbol>B41P2217/60</classification-symbol><class-title date-revised="2013-01-01"><title-part><text>Means for supporting the articles</text></title-part></class-title>
<classification-item breakdown-code="true" not-allocatable="false" level="10" additional-only="true" sort-key="B41P217/61" definition-exists="false" ipc-concordant="CPCONLY" c-set-base-allowed="false" c-set-subsequent-allowed="true" date-revised="2013-01-01" status="published"><classification-symbol>B41P2217/61</classification-symbol><class-title date-revised="2013-01-01"><title-part><text>internally, e.g. for mugs or goblets</text></title-part></class-title></classification-item>
<classification-item breakdown-code="true" not-allocatable="false" level="10" additional-only="true" sort-key="B41P217/62" definition-exists="false" ipc-concordant="CPCONLY" c-set-base-allowed="false" c-set-subsequent-allowed="true" date-revised="2013-01-01" status="published"><classification-symbol>B41P2217/62</classification-symbol><class-title date-revised="2013-01-01"><title-part><text>externally, e.g. for bottles</text></title-part></class-title></classification-item></classification-item></classification-item></classification-item>
<classification-item breakdown-code="true" not-allocatable="false" level="7" additional-only="true" sort-key="B41P219/00" definition-exists="false" ipc-concordant="CPCONLY" c-set-base-allowed="false" c-set-subsequent-allowed="true" date-revised="2013-01-01" status="published"><classification-symbol>B41P2219/00</classification-symbol><class-title date-revised="2013-01-01"><title-part><text>Printing presses using a heated printing foil</text></title-part></class-title>
<classification-item breakdown-code="true" not-allocatable="false" level="8" additional-only="true" sort-key="B41P219/10" definition-exists="false" ipc-concordant="CPCONLY" c-set-base-allowed="false" c-set-subsequent-allowed="true" date-revised="2013-01-01" status="published"><classification-symbol>B41P2219/10</classification-symbol><class-title date-revised="2013-01-01"><title-part><text>Driving devices for the reciprocating die</text></title-part></class-title>
<classification-item breakdown-code="true" not-allocatable="false" level="9" additional-only="true" sort-key="B41P219/11" definition-exists="false" ipc-concordant="CPCONLY" c-set-base-allowed="false" c-set-subsequent-allowed="true" date-revised="2013-01-01" status="published"><classification-symbol>B41P2219/11</classification-symbol><class-title date-revised="2013-01-01"><title-part><text>Hydraulic or pneumatic motors</text></title-part></class-title></classification-item>
<classification-item breakdown-code="true" not-allocatable="false" level="9" additional-only="true" sort-key="B41P219/12" definition-exists="false" ipc-concordant="CPCONLY" c-set-base-allowed="false" c-set-subsequent-allowed="true" date-revised="2013-01-01" status="published"><classification-symbol>B41P2219/12</classification-symbol><class-title date-revised="2013-01-01"><title-part><text>Electric motors</text></title-part></class-title></classification-item>
<classification-item breakdown-code="true" not-allocatable="false" level="9" additional-only="true" sort-key="B41P219/13" definition-exists="false" ipc-concordant="CPCONLY" c-set-base-allowed="false" c-set-subsequent-allowed="true" date-revised="2013-01-01" status="published"><classification-symbol>B41P2219/13</classification-symbol><class-title date-revised="2013-01-01"><title-part><text>Gearings</text></title-part></class-title>
<classification-item breakdown-code="true" not-allocatable="false" level="10" additional-only="true" sort-key="B41P219/132" definition-exists="false" ipc-concordant="CPCONLY" c-set-base-allowed="false" c-set-subsequent-allowed="true" date-revised="2013-01-01" status="published"><classification-symbol>B41P2219/132</classification-symbol><class-title date-revised="2013-01-01"><title-part><text>Cams or eccentrics</text></title-part></class-title></classification-item>
<classification-item breakdown-code="true" not-allocatable="false" level="10" additional-only="true" sort-key="B41P219/134" definition-exists="false" ipc-concordant="CPCONLY" c-set-base-allowed="false" c-set-subsequent-allowed="true" date-revised="2013-01-01" status="published"><classification-symbol>B41P2219/134</classification-symbol><class-title date-revised="2013-01-01"><title-part><text>Knee-lever</text></title-part></class-title></classification-item></classification-item></classification-item>
<classification-item breakdown-code="true" not-allocatable="false" level="8" additional-only="true" sort-key="B41P219/20" definition-exists="false" ipc-concordant="CPCONLY" c-set-base-allowed="false" c-set-subsequent-allowed="true" date-revised="2013-01-01" status="published"><classification-symbol>B41P2219/20</classification-symbol><class-title date-revised="2013-01-01"><title-part><text>Arrangements for moving, supporting or positioning the printing foil</text></title-part></class-title>
<classification-item breakdown-code="true" not-allocatable="false" level="9" additional-only="true" sort-key="B41P219/21" definition-exists="false" ipc-concordant="CPCONLY" c-set-base-allowed="false" c-set-subsequent-allowed="true" date-revised="2013-01-01" status="published"><classification-symbol>B41P2219/21</classification-symbol><class-title date-revised="2013-01-01"><title-part><text>Supports for the unwinding roll</text></title-part><title-part><text>Braking devices for the unwinding roll</text></title-part></class-title></classification-item>
<classification-item breakdown-code="true" not-allocatable="false" level="9" additional-only="true" sort-key="B41P219/22" definition-exists="false" ipc-concordant="CPCONLY" c-set-base-allowed="false" c-set-subsequent-allowed="true" date-revised="2013-01-01" status="published"><classification-symbol>B41P2219/22</classification-symbol><class-title date-revised="2013-01-01"><title-part><text>Guiding or tensioning the printing foil</text></title-part></class-title></classification-item>
<classification-item breakdown-code="true" not-allocatable="false" level="9" additional-only="true" sort-key="B41P219/23" definition-exists="false" ipc-concordant="CPCONLY" c-set-base-allowed="false" c-set-subsequent-allowed="true" date-revised="2013-01-01" status="published"><classification-symbol>B41P2219/23</classification-symbol><class-title date-revised="2013-01-01"><title-part><text>Winding up the printing foil</text></title-part></class-title></classification-item></classification-item>
<classification-item breakdown-code="true" not-allocatable="false" level="8" additional-only="true" sort-key="B41P219/30" definition-exists="false" ipc-concordant="CPCONLY" c-set-base-allowed="false" c-set-subsequent-allowed="true" date-revised="2013-01-01" status="published"><classification-symbol>B41P2219/30</classification-symbol><class-title date-revised="2013-01-01"><title-part><text>Printing dies</text></title-part></class-title>
<classification-item breakdown-code="true" not-allocatable="false" level="9" additional-only="true" sort-key="B41P219/31" definition-exists="false" ipc-concordant="CPCONLY" c-set-base-allowed="false" c-set-subsequent-allowed="true" date-revised="2013-01-01" status="published"><classification-symbol>B41P2219/31</classification-symbol><class-title date-revised="2013-01-01"><title-part><text>Heating means</text></title-part></class-title></classification-item>
<classification-item breakdown-code="true" not-allocatable="false" level="9" additional-only="true" sort-key="B41P219/32" definition-exists="false" ipc-concordant="CPCONLY" c-set-base-allowed="false" c-set-subsequent-allowed="true" date-revised="2013-01-01" status="published"><classification-symbol>B41P2219/32</classification-symbol><class-title date-revised="2013-01-01"><title-part><text>with means for attaching printing elements to the holder</text></title-part></class-title></classification-item>
<classification-item breakdown-code="true" not-allocatable="false" level="9" additional-only="true" sort-key="B41P219/33" definition-exists="false" ipc-concordant="CPCONLY" c-set-base-allowed="false" c-set-subsequent-allowed="true" date-revised="2013-01-01" status="published"><classification-symbol>B41P2219/33</classification-symbol><class-title date-revised="2013-01-01"><title-part><text>Supports for printing dies</text></title-part></class-title></classification-item></classification-item>
<classification-item breakdown-code="true" not-allocatable="false" level="8" additional-only="true" sort-key="B41P219/40" definition-exists="false" ipc-concordant="CPCONLY" c-set-base-allowed="false" c-set-subsequent-allowed="true" date-revised="2013-01-01" status="published"><classification-symbol>B41P2219/40</classification-symbol><class-title date-revised="2013-01-01"><title-part><text>Material or products to be decorated or printed</text></title-part></class-title>
<classification-item breakdown-code="true" not-allocatable="false" level="9" additional-only="true" sort-key="B41P219/41" definition-exists="false" ipc-concordant="CPCONLY" c-set-base-allowed="false" c-set-subsequent-allowed="true" date-revised="2013-01-01" status="published"><classification-symbol>B41P2219/41</classification-symbol><class-title date-revised="2013-01-01"><title-part><text>Web-like material</text></title-part></class-title></classification-item>
<classification-item breakdown-code="true" not-allocatable="false" level="9" additional-only="true" sort-key="B41P219/42" definition-exists="false" ipc-concordant="CPCONLY" c-set-base-allowed="false" c-set-subsequent-allowed="true" date-revised="2013-01-01" status="published"><classification-symbol>B41P2219/42</classification-symbol><class-title date-revised="2013-01-01"><title-part><text>Sheet-like material</text></title-part></class-title></classification-item>
<classification-item breakdown-code="true" not-allocatable="false" level="9" additional-only="true" sort-key="B41P219/43" definition-exists="false" ipc-concordant="CPCONLY" c-set-base-allowed="false" c-set-subsequent-allowed="true" date-revised="2013-01-01" status="published"><classification-symbol>B41P2219/43</classification-symbol><class-title date-revised="2013-01-01"><title-part><text>Three-dimensional articles</text></title-part></class-title>
<classification-item breakdown-code="true" not-allocatable="false" level="10" additional-only="true" sort-key="B41P219/432" definition-exists="false" ipc-concordant="CPCONLY" c-set-base-allowed="false" c-set-subsequent-allowed="true" date-revised="2013-01-01" status="published"><classification-symbol>B41P2219/432</classification-symbol><class-title date-revised="2013-01-01"><title-part><text>Pencils</text></title-part></class-title></classification-item>
<classification-item breakdown-code="true" not-allocatable="false" level="10" additional-only="true" sort-key="B41P219/434" definition-exists="false" ipc-concordant="CPCONLY" c-set-base-allowed="false" c-set-subsequent-allowed="true" date-revised="2013-01-01" status="published"><classification-symbol>B41P2219/434</classification-symbol><class-title date-revised="2013-01-01"><title-part><text>Books, e.g. edge-gilding</text></title-part></class-title></classification-item></classification-item></classification-item>
<classification-item breakdown-code="true" not-allocatable="false" level="8" additional-only="true" sort-key="B41P219/50" definition-exists="false" ipc-concordant="CPCONLY" c-set-base-allowed="false" c-set-subsequent-allowed="true" date-revised="2013-01-01" status="published"><classification-symbol>B41P2219/50</classification-symbol><class-title date-revised="2013-01-01"><title-part><text>combined with existing presses</text></title-part></class-title>
<classification-item breakdown-code="true" not-allocatable="false" level="9" additional-only="true" sort-key="B41P219/51" definition-exists="false" ipc-concordant="CPCONLY" c-set-base-allowed="false" c-set-subsequent-allowed="true" date-revised="2013-01-01" status="published"><classification-symbol>B41P2219/51</classification-symbol><class-title date-revised="2013-01-01"><title-part><text>Converting existing presses to foil printing presses</text></title-part></class-title></classification-item></classification-item>
<classification-item breakdown-code="true" not-allocatable="false" level="8" additional-only="true" sort-key="B41P219/60" definition-exists="false" ipc-concordant="CPCONLY" c-set-base-allowed="false" c-set-subsequent-allowed="true" date-revised="2013-01-01" status="published"><classification-symbol>B41P2219/60</classification-symbol><class-title date-revised="2013-01-01"><title-part><text>Using more than one printing foil</text></title-part></class-title></classification-item></classification-item>
<classification-item breakdown-code="true" not-allocatable="false" level="7" additional-only="true" sort-key="B41P227/00" definition-exists="false" ipc-concordant="CPCONLY" c-set-base-allowed="false" c-set-subsequent-allowed="true" date-revised="2013-01-01" status="published"><classification-symbol>B41P2227/00</classification-symbol><class-title date-revised="2013-01-01"><title-part><text>Mounting or handling printing plates</text></title-part><title-part><text>Forming printing surfaces <u>in situ</u></text></title-part></class-title>
<classification-item breakdown-code="true" not-allocatable="false" level="8" additional-only="true" sort-key="B41P227/10" definition-exists="false" ipc-concordant="CPCONLY" c-set-base-allowed="false" c-set-subsequent-allowed="true" date-revised="2013-01-01" status="published"><classification-symbol>B41P2227/10</classification-symbol><class-title date-revised="2013-01-01"><title-part><text>Attaching several printing plates on one cylinder</text></title-part></class-title>
<classification-item breakdown-code="true" not-allocatable="false" level="9" additional-only="true" sort-key="B41P227/11" definition-exists="false" ipc-concordant="CPCONLY" c-set-base-allowed="false" c-set-subsequent-allowed="true" date-revised="2013-01-01" status="published"><classification-symbol>B41P2227/11</classification-symbol><class-title date-revised="2013-01-01"><title-part><text>in axial direction</text></title-part></class-title></classification-item>
<classification-item breakdown-code="true" not-allocatable="false" level="9" additional-only="true" sort-key="B41P227/12" definition-exists="false" ipc-concordant="CPCONLY" c-set-base-allowed="false" c-set-subsequent-allowed="true" date-revised="2013-01-01" status="published"><classification-symbol>B41P2227/12</classification-symbol><class-title date-revised="2013-01-01"><title-part><text>in circumferential direction</text></title-part></class-title></classification-item></classification-item>
<classification-item breakdown-code="true" not-allocatable="false" level="8" additional-only="true" sort-key="B41P227/20" definition-exists="false" ipc-concordant="CPCONLY" c-set-base-allowed="false" c-set-subsequent-allowed="true" date-revised="2013-01-01" status="published"><classification-symbol>B41P2227/20</classification-symbol><class-title date-revised="2013-01-01"><title-part><text>Means enabling or facilitating exchange of tubular printing or impression members, e.g. printing sleeves, blankets </text><reference><text>attaching cylindrical printing formes <class-ref scheme="cpc">B41F27/105</class-ref></text></reference></title-part></class-title>
<classification-item breakdown-code="true" not-allocatable="false" level="9" additional-only="true" sort-key="B41P227/21" definition-exists="false" ipc-concordant="CPCONLY" c-set-base-allowed="false" c-set-subsequent-allowed="true" date-revised="2013-01-01" status="published"><classification-symbol>B41P2227/21</classification-symbol><class-title date-revised="2013-01-01"><title-part><text>Means facilitating exchange of sleeves mounted on cylinders without removing the cylinder from the press</text></title-part></class-title></classification-item></classification-item>
<classification-item breakdown-code="true" not-allocatable="false" level="8" additional-only="true" sort-key="B41P227/30" definition-exists="false" ipc-concordant="CPCONLY" c-set-base-allowed="false" c-set-subsequent-allowed="true" date-revised="2013-01-01" status="published"><classification-symbol>B41P2227/30</classification-symbol><class-title date-revised="2013-01-01"><title-part><text>Detecting the correct position of printing plates on the cylinder</text></title-part></class-title></classification-item>
<classification-item breakdown-code="true" not-allocatable="false" level="8" additional-only="true" sort-key="B41P227/40" definition-exists="false" ipc-concordant="CPCONLY" c-set-base-allowed="false" c-set-subsequent-allowed="true" date-revised="2013-01-01" status="published"><classification-symbol>B41P2227/40</classification-symbol><class-title date-revised="2013-01-01"><title-part><text>Adjusting means for printing plates on the cylinder</text></title-part></class-title>
<classification-item breakdown-code="true" not-allocatable="false" level="9" additional-only="true" sort-key="B41P227/41" definition-exists="false" ipc-concordant="CPCONLY" c-set-base-allowed="false" c-set-subsequent-allowed="true" date-revised="2013-01-01" status="published"><classification-symbol>B41P2227/41</classification-symbol><class-title date-revised="2013-01-01"><title-part><text>axially</text></title-part></class-title></classification-item>
<classification-item breakdown-code="true" not-allocatable="false" level="9" additional-only="true" sort-key="B41P227/42" definition-exists="false" ipc-concordant="CPCONLY" c-set-base-allowed="false" c-set-subsequent-allowed="true" date-revised="2013-01-01" status="published"><classification-symbol>B41P2227/42</classification-symbol><class-title date-revised="2013-01-01"><title-part><text>circumferentially</text></title-part></class-title></classification-item>
<classification-item breakdown-code="true" not-allocatable="false" level="9" additional-only="true" sort-key="B41P227/43" definition-exists="false" ipc-concordant="CPCONLY" c-set-base-allowed="false" c-set-subsequent-allowed="true" date-revised="2013-01-01" status="published"><classification-symbol>B41P2227/43</classification-symbol><class-title date-revised="2013-01-01"><title-part><text>diagonally</text></title-part></class-title></classification-item></classification-item>
<classification-item breakdown-code="true" not-allocatable="false" level="8" additional-only="true" sort-key="B41P227/50" definition-exists="false" ipc-concordant="CPCONLY" c-set-base-allowed="false" c-set-subsequent-allowed="true" date-revised="2013-01-01" status="published"><classification-symbol>B41P2227/50</classification-symbol><class-title date-revised="2013-01-01"><title-part><text>Devices for storing printing plates</text></title-part></class-title></classification-item>
<classification-item breakdown-code="true" not-allocatable="false" level="8" additional-only="true" sort-key="B41P227/60" definition-exists="false" ipc-concordant="CPCONLY" c-set-base-allowed="false" c-set-subsequent-allowed="true" date-revised="2013-01-01" status="published"><classification-symbol>B41P2227/60</classification-symbol><class-title date-revised="2013-01-01"><title-part><text>Devices for transferring printing plates</text></title-part></class-title>
<classification-item breakdown-code="true" not-allocatable="false" level="9" additional-only="true" sort-key="B41P227/61" definition-exists="false" ipc-concordant="CPCONLY" c-set-base-allowed="false" c-set-subsequent-allowed="true" date-revised="2013-01-01" status="published"><classification-symbol>B41P2227/61</classification-symbol><class-title date-revised="2013-01-01"><title-part><text>using the sheet feed system</text></title-part></class-title></classification-item>
<classification-item breakdown-code="true" not-allocatable="false" level="9" additional-only="true" sort-key="B41P227/62" definition-exists="false" ipc-concordant="CPCONLY" c-set-base-allowed="false" c-set-subsequent-allowed="true" date-revised="2013-01-01" status="published"><classification-symbol>B41P2227/62</classification-symbol><class-title date-revised="2013-01-01"><title-part><text>Devices for introducing printing plates</text></title-part></class-title></classification-item>
<classification-item breakdown-code="true" not-allocatable="false" level="9" additional-only="true" sort-key="B41P227/63" definition-exists="false" ipc-concordant="CPCONLY" c-set-base-allowed="false" c-set-subsequent-allowed="true" date-revised="2013-01-01" status="published"><classification-symbol>B41P2227/63</classification-symbol><class-title date-revised="2013-01-01"><title-part><text>Devices for removing printing plates</text></title-part></class-title></classification-item></classification-item>
<classification-item breakdown-code="true" not-allocatable="false" level="8" additional-only="true" sort-key="B41P227/70" definition-exists="false" ipc-concordant="CPCONLY" c-set-base-allowed="false" c-set-subsequent-allowed="true" date-revised="2013-01-01" status="published"><classification-symbol>B41P2227/70</classification-symbol><class-title date-revised="2013-01-01"><title-part><text>Forming the printing surface directly on the form cylinder</text></title-part></class-title></classification-item></classification-item>
<classification-item breakdown-code="true" not-allocatable="false" level="7" additional-only="true" sort-key="B41P231/00" definition-exists="false" ipc-concordant="CPCONLY" c-set-base-allowed="false" c-set-subsequent-allowed="true" date-revised="2013-01-01" status="published"><classification-symbol>B41P2231/00</classification-symbol><class-title date-revised="2013-01-01"><title-part><text>Inking devices</text></title-part><title-part><text>Recovering printing ink</text></title-part></class-title>
<classification-item breakdown-code="true" not-allocatable="false" level="8" additional-only="true" sort-key="B41P231/10" definition-exists="false" ipc-concordant="CPCONLY" c-set-base-allowed="false" c-set-subsequent-allowed="true" date-revised="2013-01-01" status="published"><classification-symbol>B41P2231/10</classification-symbol><class-title date-revised="2013-01-01"><title-part><text>Axially segmented ducter rollers</text></title-part></class-title></classification-item>
<classification-item breakdown-code="true" not-allocatable="false" level="8" additional-only="true" sort-key="B41P231/12" definition-exists="false" ipc-concordant="CPCONLY" c-set-base-allowed="false" c-set-subsequent-allowed="true" date-revised="2013-01-01" status="published"><classification-symbol>B41P2231/12</classification-symbol><class-title date-revised="2013-01-01"><title-part><text>Axially segmented ink blades</text></title-part></class-title></classification-item>
<classification-item breakdown-code="true" not-allocatable="false" level="8" additional-only="true" sort-key="B41P231/20" definition-exists="false" ipc-concordant="CPCONLY" c-set-base-allowed="false" c-set-subsequent-allowed="true" date-revised="2013-01-01" status="published"><classification-symbol>B41P2231/20</classification-symbol><class-title date-revised="2013-01-01"><title-part><text>Recovering printing ink</text></title-part></class-title>
<classification-item breakdown-code="true" not-allocatable="false" level="9" additional-only="true" sort-key="B41P231/21" definition-exists="false" ipc-concordant="CPCONLY" c-set-base-allowed="false" c-set-subsequent-allowed="true" date-revised="2013-01-01" status="published"><classification-symbol>B41P2231/21</classification-symbol><class-title date-revised="2013-01-01"><title-part><text>by using mixtures of ink and water or repellant</text></title-part></class-title></classification-item></classification-item></classification-item>
<classification-item breakdown-code="true" not-allocatable="false" level="7" additional-only="true" sort-key="B41P233/00" definition-exists="false" ipc-concordant="CPCONLY" c-set-base-allowed="false" c-set-subsequent-allowed="true" date-revised="2013-01-01" status="published"><classification-symbol>B41P2233/00</classification-symbol><class-title date-revised="2013-01-01"><title-part><text>Arrangements for the operation of printing presses</text></title-part></class-title>
<classification-item breakdown-code="true" not-allocatable="false" level="8" additional-only="true" sort-key="B41P233/10" definition-exists="false" ipc-concordant="CPCONLY" c-set-base-allowed="false" c-set-subsequent-allowed="true" date-revised="2013-01-01" status="published"><classification-symbol>B41P2233/10</classification-symbol><class-title date-revised="2013-01-01"><title-part><text>Starting-up the machine</text></title-part></class-title>
<classification-item breakdown-code="true" not-allocatable="false" level="9" additional-only="true" sort-key="B41P233/11" definition-exists="false" ipc-concordant="CPCONLY" c-set-base-allowed="false" c-set-subsequent-allowed="true" date-revised="2013-01-01" status="published"><classification-symbol>B41P2233/11</classification-symbol><class-title date-revised="2013-01-01"><title-part><text>Pre-inking</text></title-part></class-title></classification-item>
<classification-item breakdown-code="true" not-allocatable="false" level="9" additional-only="true" sort-key="B41P233/12" definition-exists="false" ipc-concordant="CPCONLY" c-set-base-allowed="false" c-set-subsequent-allowed="true" date-revised="2013-01-01" status="published"><classification-symbol>B41P2233/12</classification-symbol><class-title date-revised="2013-01-01"><title-part><text>Pre-wetting</text></title-part></class-title></classification-item>
<classification-item breakdown-code="true" not-allocatable="false" level="9" additional-only="true" sort-key="B41P233/13" definition-exists="false" ipc-concordant="CPCONLY" c-set-base-allowed="false" c-set-subsequent-allowed="true" date-revised="2013-01-01" status="published"><classification-symbol>B41P2233/13</classification-symbol><class-title date-revised="2013-01-01"><title-part><text>Pre-registering</text></title-part></class-title></classification-item></classification-item>
<classification-item breakdown-code="true" not-allocatable="false" level="8" additional-only="true" sort-key="B41P233/20" definition-exists="false" ipc-concordant="CPCONLY" c-set-base-allowed="false" c-set-subsequent-allowed="true" date-revised="2013-01-01" status="published"><classification-symbol>B41P2233/20</classification-symbol><class-title date-revised="2013-01-01"><title-part><text>Safety devices preventing damage</text></title-part></class-title>
<classification-item breakdown-code="true" not-allocatable="false" level="9" additional-only="true" sort-key="B41P233/21" definition-exists="false" ipc-concordant="CPCONLY" c-set-base-allowed="false" c-set-subsequent-allowed="true" date-revised="2013-01-01" status="published"><classification-symbol>B41P2233/21</classification-symbol><class-title date-revised="2013-01-01"><title-part><text>by cutting the web in case of web break</text></title-part></class-title></classification-item>
<classification-item breakdown-code="true" not-allocatable="false" level="9" additional-only="true" sort-key="B41P233/22" definition-exists="false" ipc-concordant="CPCONLY" c-set-base-allowed="false" c-set-subsequent-allowed="true" date-revised="2013-01-01" status="published"><classification-symbol>B41P2233/22</classification-symbol><class-title date-revised="2013-01-01"><title-part><text>by deviating the web in case of web break</text></title-part></class-title></classification-item>
<classification-item breakdown-code="true" not-allocatable="false" level="9" additional-only="true" sort-key="B41P233/23" definition-exists="false" ipc-concordant="CPCONLY" c-set-base-allowed="false" c-set-subsequent-allowed="true" date-revised="2013-01-01" status="published"><classification-symbol>B41P2233/23</classification-symbol><class-title date-revised="2013-01-01"><title-part><text>by preventing the web winding up around cylinders</text></title-part></class-title></classification-item></classification-item>
<classification-item breakdown-code="true" not-allocatable="false" level="8" additional-only="true" sort-key="B41P233/30" definition-exists="false" ipc-concordant="CPCONLY" c-set-base-allowed="false" c-set-subsequent-allowed="true" date-revised="2013-01-01" status="published"><classification-symbol>B41P2233/30</classification-symbol><class-title date-revised="2013-01-01"><title-part><text>Measuring or controlling the consumption of ink</text></title-part></class-title></classification-item>
<classification-item breakdown-code="true" not-allocatable="false" level="8" additional-only="true" sort-key="B41P233/50" definition-exists="false" ipc-concordant="CPCONLY" c-set-base-allowed="false" c-set-subsequent-allowed="true" date-revised="2013-01-01" status="published"><classification-symbol>B41P2233/50</classification-symbol><class-title date-revised="2013-01-01"><title-part><text>Marks on printed material</text></title-part></class-title>
<classification-item breakdown-code="true" not-allocatable="false" level="9" additional-only="true" sort-key="B41P233/51" definition-exists="false" ipc-concordant="CPCONLY" c-set-base-allowed="false" c-set-subsequent-allowed="true" date-revised="2013-01-01" status="published"><classification-symbol>B41P2233/51</classification-symbol><class-title date-revised="2013-01-01"><title-part><text>for colour quality control</text></title-part></class-title></classification-item>
<classification-item breakdown-code="true" not-allocatable="false" level="9" additional-only="true" sort-key="B41P233/52" definition-exists="false" ipc-concordant="CPCONLY" c-set-base-allowed="false" c-set-subsequent-allowed="true" date-revised="2013-01-01" status="published"><classification-symbol>B41P2233/52</classification-symbol><class-title date-revised="2013-01-01"><title-part><text>for registering</text></title-part></class-title></classification-item></classification-item></classification-item>
<classification-item breakdown-code="true" not-allocatable="false" level="7" additional-only="true" sort-key="B41P235/00" definition-exists="false" ipc-concordant="CPCONLY" c-set-base-allowed="false" c-set-subsequent-allowed="true" date-revised="2013-01-01" status="published"><classification-symbol>B41P2235/00</classification-symbol><class-title date-revised="2013-01-01"><title-part><text>Cleaning</text></title-part></class-title>
<classification-item breakdown-code="true" not-allocatable="false" level="8" additional-only="true" sort-key="B41P235/10" definition-exists="false" ipc-concordant="CPCONLY" c-set-base-allowed="false" c-set-subsequent-allowed="true" date-revised="2013-01-01" status="published"><classification-symbol>B41P2235/10</classification-symbol><class-title date-revised="2013-01-01"><title-part><text>characterised by the methods or devices</text></title-part></class-title>
<classification-item breakdown-code="true" not-allocatable="false" level="9" additional-only="true" sort-key="B41P235/12" definition-exists="false" ipc-concordant="CPCONLY" c-set-base-allowed="false" c-set-subsequent-allowed="true" date-revised="2013-01-01" status="published"><classification-symbol>B41P2235/12</classification-symbol><class-title date-revised="2013-01-01"><title-part><text>using laser energy</text></title-part></class-title></classification-item>
<classification-item breakdown-code="true" not-allocatable="false" level="9" additional-only="true" sort-key="B41P235/14" definition-exists="false" ipc-concordant="CPCONLY" c-set-base-allowed="false" c-set-subsequent-allowed="true" date-revised="2013-01-01" status="published"><classification-symbol>B41P2235/14</classification-symbol><class-title date-revised="2013-01-01"><title-part><text>using ultrasonic energy</text></title-part></class-title></classification-item>
<classification-item breakdown-code="true" not-allocatable="false" level="9" additional-only="true" sort-key="B41P235/20" definition-exists="false" ipc-concordant="CPCONLY" c-set-base-allowed="false" c-set-subsequent-allowed="true" date-revised="2013-01-01" status="published"><classification-symbol>B41P2235/20</classification-symbol><class-title date-revised="2013-01-01"><title-part><text>Wiping devices</text></title-part></class-title>
<classification-item breakdown-code="true" not-allocatable="false" level="10" additional-only="true" sort-key="B41P235/21" definition-exists="false" ipc-concordant="CPCONLY" c-set-base-allowed="false" c-set-subsequent-allowed="true" date-revised="2013-01-01" status="published"><classification-symbol>B41P2235/21</classification-symbol><class-title date-revised="2013-01-01"><title-part><text>Scrapers, e.g. absorbent pads</text></title-part></class-title></classification-item>
<classification-item breakdown-code="true" not-allocatable="false" level="10" additional-only="true" sort-key="B41P235/22" definition-exists="false" ipc-concordant="CPCONLY" c-set-base-allowed="false" c-set-subsequent-allowed="true" date-revised="2013-01-01" status="published"><classification-symbol>B41P2235/22</classification-symbol><class-title date-revised="2013-01-01"><title-part><text>Rollers</text></title-part></class-title></classification-item>
<classification-item breakdown-code="true" not-allocatable="false" level="10" additional-only="true" sort-key="B41P235/23" definition-exists="false" ipc-concordant="CPCONLY" c-set-base-allowed="false" c-set-subsequent-allowed="true" date-revised="2013-01-01" status="published"><classification-symbol>B41P2235/23</classification-symbol><class-title date-revised="2013-01-01"><title-part><text>Brushes</text></title-part></class-title></classification-item>
<classification-item breakdown-code="true" not-allocatable="false" level="10" additional-only="true" sort-key="B41P235/24" definition-exists="false" ipc-concordant="CPCONLY" c-set-base-allowed="false" c-set-subsequent-allowed="true" date-revised="2013-01-01" status="published"><classification-symbol>B41P2235/24</classification-symbol><class-title date-revised="2013-01-01"><title-part><text>using rolls of cleaning cloth</text></title-part></class-title>
<classification-item breakdown-code="true" not-allocatable="false" level="11" additional-only="true" sort-key="B41P235/242" definition-exists="false" ipc-concordant="CPCONLY" c-set-base-allowed="false" c-set-subsequent-allowed="true" date-revised="2013-01-01" status="published"><classification-symbol>B41P2235/242</classification-symbol><class-title date-revised="2013-01-01"><title-part><text>Unwinding the cleaning cloth</text></title-part></class-title></classification-item>
<classification-item breakdown-code="true" not-allocatable="false" level="11" additional-only="true" sort-key="B41P235/244" definition-exists="false" ipc-concordant="CPCONLY" c-set-base-allowed="false" c-set-subsequent-allowed="true" date-revised="2013-01-01" status="published"><classification-symbol>B41P2235/244</classification-symbol><class-title date-revised="2013-01-01"><title-part><text>Rewinding the cleaning cloth</text></title-part></class-title></classification-item>
<classification-item breakdown-code="true" not-allocatable="false" level="11" additional-only="true" sort-key="B41P235/246" definition-exists="false" ipc-concordant="CPCONLY" c-set-base-allowed="false" c-set-subsequent-allowed="true" date-revised="2013-01-01" status="published"><classification-symbol>B41P2235/246</classification-symbol><class-title date-revised="2013-01-01"><title-part><text>Pressing the cleaning cloth against the cylinder</text></title-part></class-title></classification-item></classification-item></classification-item>
<classification-item breakdown-code="true" not-allocatable="false" level="9" additional-only="true" sort-key="B41P235/26" definition-exists="false" ipc-concordant="CPCONLY" c-set-base-allowed="false" c-set-subsequent-allowed="true" date-revised="2013-01-01" status="published"><classification-symbol>B41P2235/26</classification-symbol><class-title date-revised="2013-01-01"><title-part><text>Spraying devices</text></title-part></class-title></classification-item>
<classification-item breakdown-code="true" not-allocatable="false" level="9" additional-only="true" sort-key="B41P235/27" definition-exists="false" ipc-concordant="CPCONLY" c-set-base-allowed="false" c-set-subsequent-allowed="true" date-revised="2013-01-01" status="published"><classification-symbol>B41P2235/27</classification-symbol><class-title date-revised="2013-01-01"><title-part><text>Suction devices</text></title-part></class-title></classification-item></classification-item>
<classification-item breakdown-code="true" not-allocatable="false" level="8" additional-only="true" sort-key="B41P235/30" definition-exists="false" ipc-concordant="CPCONLY" c-set-base-allowed="false" c-set-subsequent-allowed="true" date-revised="2013-01-01" status="published"><classification-symbol>B41P2235/30</classification-symbol><class-title date-revised="2013-01-01"><title-part><text>Recovering used solvents or residues</text></title-part></class-title>
<classification-item breakdown-code="true" not-allocatable="false" level="9" additional-only="true" sort-key="B41P235/31" definition-exists="false" ipc-concordant="CPCONLY" c-set-base-allowed="false" c-set-subsequent-allowed="true" date-revised="2013-01-01" status="published"><classification-symbol>B41P2235/31</classification-symbol><class-title date-revised="2013-01-01"><title-part><text>by filtering</text></title-part></class-title></classification-item>
<classification-item breakdown-code="true" not-allocatable="false" level="9" additional-only="true" sort-key="B41P235/32" definition-exists="false" ipc-concordant="CPCONLY" c-set-base-allowed="false" c-set-subsequent-allowed="true" date-revised="2013-01-01" status="published"><classification-symbol>B41P2235/32</classification-symbol><class-title date-revised="2013-01-01"><title-part><text>by distilling</text></title-part></class-title></classification-item>
<classification-item breakdown-code="true" not-allocatable="false" level="9" additional-only="true" sort-key="B41P235/33" definition-exists="false" ipc-concordant="CPCONLY" c-set-base-allowed="false" c-set-subsequent-allowed="true" date-revised="2013-01-01" status="published"><classification-symbol>B41P2235/33</classification-symbol><class-title date-revised="2013-01-01"><title-part><text>by burning</text></title-part></class-title></classification-item></classification-item>
<classification-item breakdown-code="true" not-allocatable="false" level="8" additional-only="true" sort-key="B41P235/40" definition-exists="false" ipc-concordant="CPCONLY" c-set-base-allowed="false" c-set-subsequent-allowed="true" date-revised="2013-01-01" status="published"><classification-symbol>B41P2235/40</classification-symbol><class-title date-revised="2013-01-01"><title-part><text>Cleaning restricted areas on cylinders</text></title-part></class-title></classification-item>
<classification-item breakdown-code="true" not-allocatable="false" level="8" additional-only="true" sort-key="B41P235/50" definition-exists="false" ipc-concordant="CPCONLY" c-set-base-allowed="false" c-set-subsequent-allowed="true" date-revised="2013-01-01" status="published"><classification-symbol>B41P2235/50</classification-symbol><class-title date-revised="2013-01-01"><title-part><text>Selection of materials or products for cleaning</text></title-part></class-title></classification-item></classification-item>
<classification-item breakdown-code="true" not-allocatable="false" level="7" additional-only="true" sort-key="B41P251/00" definition-exists="false" ipc-concordant="CPCONLY" c-set-base-allowed="false" c-set-subsequent-allowed="true" date-revised="2013-01-01" status="published"><classification-symbol>B41P2251/00</classification-symbol><class-title date-revised="2013-01-01"><title-part><text>Details or accessories of printing machines not otherwise provided for</text></title-part></class-title>
<classification-item breakdown-code="true" not-allocatable="false" level="8" additional-only="true" sort-key="B41P251/10" definition-exists="false" ipc-concordant="CPCONLY" c-set-base-allowed="false" c-set-subsequent-allowed="true" date-revised="2013-01-01" status="published"><classification-symbol>B41P2251/10</classification-symbol><class-title date-revised="2013-01-01"><title-part><text>Pumps</text></title-part></class-title>
<classification-item breakdown-code="true" not-allocatable="false" level="9" additional-only="true" sort-key="B41P251/11" definition-exists="false" ipc-concordant="CPCONLY" c-set-base-allowed="false" c-set-subsequent-allowed="true" date-revised="2013-01-01" status="published"><classification-symbol>B41P2251/11</classification-symbol><class-title date-revised="2013-01-01"><title-part><text>Membrane pumps</text></title-part></class-title></classification-item>
<classification-item breakdown-code="true" not-allocatable="false" level="9" additional-only="true" sort-key="B41P251/112" definition-exists="false" ipc-concordant="CPCONLY" c-set-base-allowed="false" c-set-subsequent-allowed="true" date-revised="2013-01-01" status="published"><classification-symbol>B41P2251/112</classification-symbol><class-title date-revised="2013-01-01"><title-part><text>Peristaltic pumps</text></title-part></class-title></classification-item></classification-item></classification-item>
<classification-item breakdown-code="true" not-allocatable="false" level="7" additional-only="true" sort-key="B41P700/00" definition-exists="false" ipc-concordant="CPCONLY" c-set-base-allowed="false" c-set-subsequent-allowed="true" date-revised="2013-01-01" status="published"><classification-symbol>B41P2700/00</classification-symbol><class-title date-revised="2013-01-01"><title-part><text>Manifolding, printing or duplicating for office purposes</text></title-part></class-title>
<classification-item breakdown-code="true" not-allocatable="false" level="8" additional-only="true" sort-key="B41P700/10" definition-exists="false" ipc-concordant="CPCONLY" c-set-base-allowed="false" c-set-subsequent-allowed="true" date-revised="2013-01-01" status="published"><classification-symbol>B41P2700/10</classification-symbol><class-title date-revised="2013-01-01"><title-part><text>Hectographic line duplicators</text></title-part></class-title>
<classification-item breakdown-code="true" not-allocatable="false" level="9" additional-only="true" sort-key="B41P700/12" definition-exists="false" ipc-concordant="CPCONLY" c-set-base-allowed="false" c-set-subsequent-allowed="true" date-revised="2013-01-01" status="published"><classification-symbol>B41P2700/12</classification-symbol><class-title date-revised="2013-01-01"><title-part><text>with single master plates</text></title-part></class-title></classification-item></classification-item></classification-item></classification-item></classification-item></class-scheme>