<?xml version="1.0" encoding="UTF-8"?>
<class-scheme publication-date="2018-02-01" scheme-type="cpc" publication-type="official">
<classification-item breakdown-code="false" not-allocatable="true" level="5" additional-only="false" sort-key="C25B" definition-exists="true" date-revised="2018-01-01" status="published"><classification-symbol>C25B</classification-symbol><class-title date-revised="2016-05-01"><title-part><text>ELECTROLYTIC OR ELECTROPHORETIC PROCESSES FOR THE PRODUCTION OF COMPOUNDS OR NON-METALS</text></title-part><title-part><text>APPARATUS THEREFOR </text><reference><text>anodic or cathodic protection <class-ref scheme="cpc">C23F13/00</class-ref>; single-crystal growth <class-ref scheme="cpc">C30B</class-ref></text></reference></title-part></class-title><notes-and-warnings date-revised="2013-01-01"><note type="note"><note-paragraph>In this subclass, in the absence of an indication to the contrary, classification is made in the last appropriate place.</note-paragraph><note-paragraph>Compounds of particular interest are also classified in the relevant classes, e.g. <class-ref scheme="cpc">C01</class-ref>, <class-ref scheme="cpc">C07</class-ref>.</note-paragraph></note><note type="warning"><note-paragraph warning-type="ipc-not-used">The following IPC groups are not in the CPC scheme. The subject matter for these IPC groups is classified in the following CPC groups: <table><row><entry><class-ref scheme="ipc">C25B11/06</class-ref></entry><entry> covered by </entry><entry><class-ref scheme="cpc">B01J</class-ref>, <class-ref scheme="cpc">C25B11/0442</class-ref></entry></row><row><entry><class-ref scheme="ipc">C25B11/08</class-ref></entry><entry> covered by </entry><entry><class-ref scheme="cpc">B01J</class-ref>, <class-ref scheme="cpc">C25B11/0442</class-ref></entry></row><row><entry><class-ref scheme="ipc">C25B11/10</class-ref></entry><entry> covered by </entry><entry><class-ref scheme="cpc">C25B11/0442</class-ref></entry></row></table></note-paragraph></note></notes-and-warnings>
<classification-item breakdown-code="false" not-allocatable="true" level="6" additional-only="false" sort-key="C25B1/00" date-revised="2013-01-01" status="published"><classification-symbol>C25B1/00</classification-symbol>
<classification-item breakdown-code="false" not-allocatable="false" level="7" additional-only="false" sort-key="C25B1/00" definition-exists="true" ipc-concordant="C25B1/00" c-set-base-allowed="false" c-set-subsequent-allowed="true" date-revised="2013-01-01" status="published"><classification-symbol>C25B1/00</classification-symbol><class-title date-revised="2013-01-01"><title-part><text>Electrolytic production of inorganic compounds or non-metals</text></title-part></class-title>
<classification-item breakdown-code="false" not-allocatable="false" level="8" additional-only="false" sort-key="C25B1/003" definition-exists="true" ipc-concordant="C25B1/00" c-set-base-allowed="false" c-set-subsequent-allowed="true" date-revised="2013-01-01" status="published"><classification-symbol>C25B1/003</classification-symbol><class-title date-revised="2013-01-01"><title-part><CPC-specific-text><text>by photo-electrolysis with or without external current source</text></CPC-specific-text></title-part></class-title></classification-item>
<classification-item breakdown-code="false" not-allocatable="false" level="8" additional-only="false" sort-key="C25B1/006" definition-exists="false" ipc-concordant="C25B1/00" c-set-base-allowed="false" c-set-subsequent-allowed="true" date-revised="2013-01-01" status="published"><classification-symbol>C25B1/006</classification-symbol><class-title date-revised="2013-01-01"><title-part><CPC-specific-text><text>of silicon</text></CPC-specific-text></title-part></class-title></classification-item>
<classification-item breakdown-code="false" not-allocatable="false" level="8" additional-only="false" sort-key="C25B1/02" definition-exists="true" ipc-concordant="C25B1/02" c-set-base-allowed="false" c-set-subsequent-allowed="true" date-revised="2013-01-01" status="published"><classification-symbol>C25B1/02</classification-symbol><class-title date-revised="2013-01-01"><title-part><text>of hydrogen or oxygen</text></title-part></class-title>
<classification-item breakdown-code="false" not-allocatable="false" level="9" additional-only="false" sort-key="C25B1/04" definition-exists="true" ipc-concordant="C25B1/04" c-set-base-allowed="false" c-set-subsequent-allowed="true" date-revised="2013-01-01" status="published"><classification-symbol>C25B1/04</classification-symbol><class-title date-revised="2013-01-01"><title-part><text>by electrolysis of water</text></title-part></class-title>
<classification-item breakdown-code="false" not-allocatable="false" level="10" additional-only="false" sort-key="C25B1/06" definition-exists="false" ipc-concordant="C25B1/06" c-set-base-allowed="false" c-set-subsequent-allowed="true" date-revised="2013-01-01" status="published"><classification-symbol>C25B1/06</classification-symbol><class-title date-revised="2013-01-01"><title-part><text>in cells with flat or platelike electrodes</text></title-part></class-title>
<classification-item breakdown-code="false" not-allocatable="false" level="11" additional-only="false" sort-key="C25B1/08" definition-exists="false" ipc-concordant="C25B1/08" c-set-base-allowed="false" c-set-subsequent-allowed="true" date-revised="2013-01-01" status="published"><classification-symbol>C25B1/08</classification-symbol><class-title date-revised="2013-01-01"><title-part><text>of the filter-press type</text></title-part></class-title></classification-item></classification-item>
<classification-item breakdown-code="false" not-allocatable="false" level="10" additional-only="false" sort-key="C25B1/10" definition-exists="true" ipc-concordant="C25B1/10" c-set-base-allowed="false" c-set-subsequent-allowed="true" date-revised="2013-01-01" status="published"><classification-symbol>C25B1/10</classification-symbol><class-title date-revised="2013-01-01"><title-part><text>in diaphragm cells</text></title-part></class-title></classification-item>
<classification-item breakdown-code="false" not-allocatable="false" level="10" additional-only="false" sort-key="C25B1/12" definition-exists="true" ipc-concordant="C25B1/12" c-set-base-allowed="false" c-set-subsequent-allowed="true" date-revised="2013-01-01" status="published"><classification-symbol>C25B1/12</classification-symbol><class-title date-revised="2013-01-01"><title-part><text>in pressure cells</text></title-part></class-title></classification-item></classification-item></classification-item>
<classification-item breakdown-code="false" not-allocatable="false" level="8" additional-only="false" sort-key="C25B1/13" definition-exists="true" ipc-concordant="C25B1/13" c-set-base-allowed="false" c-set-subsequent-allowed="true" date-revised="2013-01-01" status="published"><classification-symbol>C25B1/13</classification-symbol><class-title date-revised="2013-01-01"><title-part><text>of ozone</text></title-part></class-title></classification-item>
<classification-item breakdown-code="false" not-allocatable="false" level="8" additional-only="false" sort-key="C25B1/14" definition-exists="false" ipc-concordant="C25B1/14" c-set-base-allowed="false" c-set-subsequent-allowed="true" date-revised="2013-01-01" status="published"><classification-symbol>C25B1/14</classification-symbol><class-title date-revised="2013-01-01"><title-part><text>of alkali metal compounds</text></title-part></class-title>
<classification-item breakdown-code="false" not-allocatable="false" level="9" additional-only="false" sort-key="C25B1/16" definition-exists="false" ipc-concordant="C25B1/16" c-set-base-allowed="false" c-set-subsequent-allowed="true" date-revised="2013-01-01" status="published"><classification-symbol>C25B1/16</classification-symbol><class-title date-revised="2013-01-01"><title-part><text>Hydroxides</text></title-part></class-title></classification-item></classification-item>
<classification-item breakdown-code="false" not-allocatable="false" level="8" additional-only="false" sort-key="C25B1/18" definition-exists="false" ipc-concordant="C25B1/18" c-set-base-allowed="false" c-set-subsequent-allowed="true" date-revised="2013-01-01" status="published"><classification-symbol>C25B1/18</classification-symbol><class-title date-revised="2013-01-01"><title-part><text>of alkaline earth metal compounds or magnesium compounds</text></title-part></class-title>
<classification-item breakdown-code="false" not-allocatable="false" level="9" additional-only="false" sort-key="C25B1/20" definition-exists="false" ipc-concordant="C25B1/20" c-set-base-allowed="false" c-set-subsequent-allowed="true" date-revised="2013-01-01" status="published"><classification-symbol>C25B1/20</classification-symbol><class-title date-revised="2013-01-01"><title-part><text>Hydroxides</text></title-part></class-title></classification-item></classification-item>
<classification-item breakdown-code="false" not-allocatable="false" level="8" additional-only="false" sort-key="C25B1/21" definition-exists="false" ipc-concordant="C25B1/21" c-set-base-allowed="false" c-set-subsequent-allowed="true" date-revised="2013-01-01" status="published"><classification-symbol>C25B1/21</classification-symbol><class-title date-revised="2013-01-01"><title-part><text>of manganese oxides</text></title-part></class-title></classification-item>
<classification-item breakdown-code="false" not-allocatable="false" level="8" additional-only="false" sort-key="C25B1/22" definition-exists="false" ipc-concordant="C25B1/22" c-set-base-allowed="false" c-set-subsequent-allowed="true" date-revised="2013-01-01" status="published"><classification-symbol>C25B1/22</classification-symbol><class-title date-revised="2013-01-01"><title-part><text>of inorganic acids</text></title-part></class-title></classification-item>
<classification-item breakdown-code="false" not-allocatable="false" level="8" additional-only="false" sort-key="C25B1/24" definition-exists="true" ipc-concordant="C25B1/24" c-set-base-allowed="false" c-set-subsequent-allowed="true" date-revised="2013-01-01" status="published"><classification-symbol>C25B1/24</classification-symbol><class-title date-revised="2013-01-01"><title-part><text>of halogens or compounds thereof</text></title-part></class-title>
<classification-item breakdown-code="false" not-allocatable="false" level="9" additional-only="false" sort-key="C25B1/245" definition-exists="false" ipc-concordant="C25B1/24" c-set-base-allowed="false" c-set-subsequent-allowed="true" date-revised="2017-02-01" status="published"><classification-symbol>C25B1/245</classification-symbol><class-title date-revised="2017-02-01"><title-part><CPC-specific-text><text>Fluorine; Compounds thereof</text></CPC-specific-text></title-part></class-title></classification-item>
<classification-item breakdown-code="false" not-allocatable="false" level="9" additional-only="false" sort-key="C25B1/26" definition-exists="false" ipc-concordant="C25B1/26" c-set-base-allowed="false" c-set-subsequent-allowed="true" date-revised="2013-01-01" status="published"><classification-symbol>C25B1/26</classification-symbol><class-title date-revised="2013-01-01"><title-part><text>Chlorine</text></title-part><title-part><text>Compounds thereof</text></title-part></class-title>
<classification-item breakdown-code="false" not-allocatable="false" level="10" additional-only="false" sort-key="C25B1/265" definition-exists="false" ipc-concordant="C25B1/26" c-set-base-allowed="false" c-set-subsequent-allowed="true" date-revised="2013-01-01" status="published"><classification-symbol>C25B1/265</classification-symbol><class-title date-revised="2013-01-01"><title-part><CPC-specific-text><text>Chlorates</text></CPC-specific-text></title-part></class-title></classification-item></classification-item></classification-item>
<classification-item breakdown-code="false" not-allocatable="false" level="8" additional-only="false" sort-key="C25B1/28" definition-exists="true" ipc-concordant="C25B1/28" c-set-base-allowed="false" c-set-subsequent-allowed="true" date-revised="2013-01-01" status="published"><classification-symbol>C25B1/28</classification-symbol><class-title date-revised="2013-01-01"><title-part><text>of per-compounds</text></title-part></class-title>
<classification-item breakdown-code="false" not-allocatable="false" level="9" additional-only="false" sort-key="C25B1/285" definition-exists="false" ipc-concordant="C25B1/28" c-set-base-allowed="false" c-set-subsequent-allowed="true" date-revised="2013-01-01" status="published"><classification-symbol>C25B1/285</classification-symbol><class-title date-revised="2013-01-01"><title-part><CPC-specific-text><text>Persulfates</text></CPC-specific-text></title-part></class-title></classification-item>
<classification-item breakdown-code="false" not-allocatable="false" level="9" additional-only="false" sort-key="C25B1/30" definition-exists="false" ipc-concordant="C25B1/30" c-set-base-allowed="false" c-set-subsequent-allowed="true" date-revised="2013-01-01" status="published"><classification-symbol>C25B1/30</classification-symbol><class-title date-revised="2013-01-01"><title-part><text>Peroxides</text></title-part></class-title></classification-item>
<classification-item breakdown-code="false" not-allocatable="false" level="9" additional-only="false" sort-key="C25B1/32" definition-exists="false" ipc-concordant="C25B1/32" c-set-base-allowed="false" c-set-subsequent-allowed="true" date-revised="2013-01-01" status="published"><classification-symbol>C25B1/32</classification-symbol><class-title date-revised="2013-01-01"><title-part><text>Perborates</text></title-part></class-title></classification-item></classification-item>
<classification-item breakdown-code="false" not-allocatable="false" level="8" additional-only="false" sort-key="C25B1/34" definition-exists="false" ipc-concordant="C25B1/34" c-set-base-allowed="false" c-set-subsequent-allowed="true" date-revised="2013-01-01" status="published"><classification-symbol>C25B1/34</classification-symbol><class-title date-revised="2013-01-01"><title-part><text>Simultaneous production of alkali metal hydroxides and chlorine, its oxyacids or salts</text></title-part></class-title>
<classification-item breakdown-code="false" not-allocatable="false" level="9" additional-only="false" sort-key="C25B1/36" definition-exists="false" ipc-concordant="C25B1/36" c-set-base-allowed="false" c-set-subsequent-allowed="true" date-revised="2013-01-01" status="published"><classification-symbol>C25B1/36</classification-symbol><class-title date-revised="2013-01-01"><title-part><text>in mercury cathode cells</text></title-part></class-title>
<classification-item breakdown-code="false" not-allocatable="false" level="10" additional-only="false" sort-key="C25B1/38" definition-exists="false" ipc-concordant="C25B1/38" c-set-base-allowed="false" c-set-subsequent-allowed="true" date-revised="2013-01-01" status="published"><classification-symbol>C25B1/38</classification-symbol><class-title date-revised="2013-01-01"><title-part><text>with vertical mercury cathode</text></title-part></class-title></classification-item>
<classification-item breakdown-code="false" not-allocatable="false" level="10" additional-only="false" sort-key="C25B1/40" definition-exists="false" ipc-concordant="C25B1/40" c-set-base-allowed="false" c-set-subsequent-allowed="true" date-revised="2013-01-01" status="published"><classification-symbol>C25B1/40</classification-symbol><class-title date-revised="2013-01-01"><title-part><text>with horizontal mercury cathode</text></title-part></class-title></classification-item>
<classification-item breakdown-code="false" not-allocatable="false" level="10" additional-only="false" sort-key="C25B1/42" definition-exists="false" ipc-concordant="C25B1/42" c-set-base-allowed="false" c-set-subsequent-allowed="true" date-revised="2013-01-01" status="published"><classification-symbol>C25B1/42</classification-symbol><class-title date-revised="2013-01-01"><title-part><text>Decomposition of amalgams</text></title-part></class-title>
<classification-item breakdown-code="false" not-allocatable="false" level="11" additional-only="false" sort-key="C25B1/44" definition-exists="false" ipc-concordant="C25B1/44" c-set-base-allowed="false" c-set-subsequent-allowed="true" date-revised="2013-01-01" status="published"><classification-symbol>C25B1/44</classification-symbol><class-title date-revised="2013-01-01"><title-part><text>with the aid of catalysts</text></title-part></class-title></classification-item></classification-item></classification-item>
<classification-item breakdown-code="false" not-allocatable="false" level="9" additional-only="false" sort-key="C25B1/46" definition-exists="false" ipc-concordant="C25B1/46" c-set-base-allowed="false" c-set-subsequent-allowed="true" date-revised="2013-01-01" status="published"><classification-symbol>C25B1/46</classification-symbol><class-title date-revised="2013-01-01"><title-part><text>in diaphragm cells</text></title-part></class-title></classification-item></classification-item></classification-item>
<classification-item breakdown-code="false" not-allocatable="false" level="7" additional-only="false" sort-key="C25B3/00" definition-exists="true" ipc-concordant="C25B3/00" c-set-base-allowed="false" c-set-subsequent-allowed="true" date-revised="2013-01-01" status="published"><classification-symbol>C25B3/00</classification-symbol><class-title date-revised="2013-01-01"><title-part><text>Electrolytic production of organic compounds</text></title-part></class-title>
<classification-item breakdown-code="false" not-allocatable="false" level="8" additional-only="false" sort-key="C25B3/02" definition-exists="false" ipc-concordant="C25B3/02" c-set-base-allowed="false" c-set-subsequent-allowed="true" date-revised="2013-01-01" status="published"><classification-symbol>C25B3/02</classification-symbol><class-title date-revised="2013-01-01"><title-part><text>by oxidation</text></title-part></class-title></classification-item>
<classification-item breakdown-code="false" not-allocatable="false" level="8" additional-only="false" sort-key="C25B3/04" definition-exists="false" ipc-concordant="C25B3/04" c-set-base-allowed="false" c-set-subsequent-allowed="true" date-revised="2013-01-01" status="published"><classification-symbol>C25B3/04</classification-symbol><class-title date-revised="2013-01-01"><title-part><text>by reduction</text></title-part></class-title></classification-item>
<classification-item breakdown-code="false" not-allocatable="false" level="8" additional-only="false" sort-key="C25B3/06" definition-exists="false" ipc-concordant="C25B3/06" c-set-base-allowed="false" c-set-subsequent-allowed="true" date-revised="2013-01-01" status="published"><classification-symbol>C25B3/06</classification-symbol><class-title date-revised="2013-01-01"><title-part><text>by halogenation</text></title-part></class-title>
<classification-item breakdown-code="false" not-allocatable="false" level="9" additional-only="false" sort-key="C25B3/08" definition-exists="false" ipc-concordant="C25B3/08" c-set-base-allowed="false" c-set-subsequent-allowed="true" date-revised="2013-01-01" status="published"><classification-symbol>C25B3/08</classification-symbol><class-title date-revised="2013-01-01"><title-part><text>by fluorination</text></title-part></class-title></classification-item></classification-item>
<classification-item breakdown-code="false" not-allocatable="false" level="8" additional-only="false" sort-key="C25B3/10" definition-exists="false" ipc-concordant="C25B3/10" c-set-base-allowed="false" c-set-subsequent-allowed="true" date-revised="2013-01-01" status="published"><classification-symbol>C25B3/10</classification-symbol><class-title date-revised="2013-01-01"><title-part><text>by coupling reactions, e.g. dimerisation</text></title-part></class-title>
<classification-item breakdown-code="false" not-allocatable="false" level="9" additional-only="false" sort-key="C25B3/105" definition-exists="false" ipc-concordant="C25B3/10" c-set-base-allowed="false" c-set-subsequent-allowed="true" date-revised="2013-01-01" status="published"><classification-symbol>C25B3/105</classification-symbol><class-title date-revised="2013-01-01"><title-part><CPC-specific-text><text>hydrodimerisation</text></CPC-specific-text></title-part></class-title></classification-item></classification-item>
<classification-item breakdown-code="false" not-allocatable="false" level="8" additional-only="false" sort-key="C25B3/12" definition-exists="false" ipc-concordant="C25B3/12" c-set-base-allowed="false" c-set-subsequent-allowed="true" date-revised="2013-01-01" status="published"><classification-symbol>C25B3/12</classification-symbol><class-title date-revised="2013-01-01"><title-part><text>of organo-metallic compounds</text></title-part></class-title></classification-item></classification-item>
<classification-item breakdown-code="false" not-allocatable="false" level="7" additional-only="false" sort-key="C25B5/00" definition-exists="true" ipc-concordant="C25B5/00" c-set-base-allowed="false" c-set-subsequent-allowed="true" date-revised="2013-01-01" status="published"><classification-symbol>C25B5/00</classification-symbol><class-title date-revised="2013-01-01"><title-part><text>Electrogenerative processes, i.e. processes for producing compounds in which simultaneously electricity is generated</text></title-part></class-title></classification-item>
<classification-item breakdown-code="false" not-allocatable="false" level="7" additional-only="false" sort-key="C25B7/00" definition-exists="true" ipc-concordant="C25B7/00" c-set-base-allowed="false" c-set-subsequent-allowed="true" date-revised="2013-01-01" status="published"><classification-symbol>C25B7/00</classification-symbol><class-title date-revised="2013-01-01"><title-part><text>Electrophorectic production of compounds or non-metals </text><reference><text>separation or purification of peptides, e.g. of proteins, by electrophoresis <class-ref scheme="cpc">C07K1/26</class-ref></text></reference></title-part></class-title></classification-item>
<classification-item breakdown-code="false" not-allocatable="false" level="7" additional-only="false" sort-key="C25B9/00" definition-exists="true" ipc-concordant="C25B9/00" c-set-base-allowed="false" c-set-subsequent-allowed="true" date-revised="2013-01-01" status="published"><classification-symbol>C25B9/00</classification-symbol><class-title date-revised="2013-01-01"><title-part><text>Cells or assemblies of cells</text></title-part><title-part><text>Constructional parts of cells</text></title-part><title-part><text>Assemblies of constructional parts, e.g. electrode-diaphragm assemblies</text></title-part></class-title>
<classification-item breakdown-code="false" not-allocatable="false" level="8" additional-only="false" sort-key="C25B9/005" definition-exists="false" ipc-concordant="C25B9/00" c-set-base-allowed="false" c-set-subsequent-allowed="true" date-revised="2013-01-01" status="published"><classification-symbol>C25B9/005</classification-symbol><class-title date-revised="2013-01-01"><title-part><CPC-specific-text><text>Amalgam decomposition cells</text></CPC-specific-text></title-part></class-title></classification-item>
<classification-item breakdown-code="false" not-allocatable="false" level="8" additional-only="false" sort-key="C25B9/02" definition-exists="false" ipc-concordant="C25B9/02" c-set-base-allowed="false" c-set-subsequent-allowed="true" date-revised="2013-01-01" status="published"><classification-symbol>C25B9/02</classification-symbol><class-title date-revised="2013-01-01"><title-part><text>Holders for electrodes</text></title-part></class-title></classification-item>
<classification-item breakdown-code="false" not-allocatable="false" level="8" additional-only="false" sort-key="C25B9/04" definition-exists="true" ipc-concordant="C25B9/04" c-set-base-allowed="false" c-set-subsequent-allowed="true" date-revised="2013-01-01" status="published"><classification-symbol>C25B9/04</classification-symbol><class-title date-revised="2013-01-01"><title-part><text>Devices for current supply </text><reference><text>electrical connections in general <class-ref scheme="cpc">H01R</class-ref></text></reference></title-part><title-part><text>Electrode connections</text></title-part><title-part><text>Electric inter-cell connections</text></title-part></class-title>
<classification-item breakdown-code="false" not-allocatable="false" level="9" additional-only="false" sort-key="C25B9/045" definition-exists="false" ipc-concordant="C25B9/04" c-set-base-allowed="false" c-set-subsequent-allowed="true" date-revised="2013-01-01" status="published"><classification-symbol>C25B9/045</classification-symbol><class-title date-revised="2013-01-01"><title-part><CPC-specific-text><text>Electric inter-cell connections including jumper switches</text></CPC-specific-text></title-part></class-title></classification-item></classification-item>
<classification-item breakdown-code="false" not-allocatable="false" level="8" additional-only="false" sort-key="C25B9/06" definition-exists="true" ipc-concordant="C25B9/06" c-set-base-allowed="false" c-set-subsequent-allowed="true" date-revised="2013-01-01" status="published"><classification-symbol>C25B9/06</classification-symbol><class-title date-revised="2013-01-01"><title-part><text>Cells comprising dimensionally-stable non-movable electrodes</text></title-part><title-part><text>Assemblies of constructional parts thereof</text></title-part></class-title>
<classification-item breakdown-code="false" not-allocatable="false" level="9" additional-only="false" sort-key="C25B9/063" definition-exists="true" ipc-concordant="C25B9/06" c-set-base-allowed="false" c-set-subsequent-allowed="true" date-revised="2013-01-01" status="published"><classification-symbol>C25B9/063</classification-symbol><class-title date-revised="2013-01-01"><title-part><CPC-specific-text><text>including bipolar electrodes</text></CPC-specific-text></title-part></class-title>
<classification-item breakdown-code="false" not-allocatable="false" level="10" additional-only="false" sort-key="C25B9/066" definition-exists="false" ipc-concordant="C25B9/06" c-set-base-allowed="false" c-set-subsequent-allowed="true" date-revised="2013-01-01" status="published"><classification-symbol>C25B9/066</classification-symbol><class-title date-revised="2013-01-01"><title-part><CPC-specific-text><text>and diaphragms</text></CPC-specific-text></title-part></class-title></classification-item></classification-item>
<classification-item breakdown-code="false" not-allocatable="false" level="9" additional-only="false" sort-key="C25B9/08" definition-exists="false" ipc-concordant="C25B9/08" c-set-base-allowed="false" c-set-subsequent-allowed="true" date-revised="2017-08-01" status="published"><classification-symbol>C25B9/08</classification-symbol><class-title date-revised="2017-08-01"><title-part><text>with diaphragms</text></title-part></class-title>
<classification-item breakdown-code="false" not-allocatable="false" level="10" additional-only="false" sort-key="C25B9/10" definition-exists="true" ipc-concordant="C25B9/10" c-set-base-allowed="false" c-set-subsequent-allowed="true" date-revised="2013-01-01" status="published"><classification-symbol>C25B9/10</classification-symbol><class-title date-revised="2013-01-01"><title-part><text>including an ion-exchange membrane in or on which electrode material is embedded</text></title-part></class-title></classification-item></classification-item></classification-item>
<classification-item breakdown-code="false" not-allocatable="false" level="8" additional-only="false" sort-key="C25B9/12" definition-exists="true" ipc-concordant="C25B9/12" c-set-base-allowed="false" c-set-subsequent-allowed="true" date-revised="2013-01-01" status="published"><classification-symbol>C25B9/12</classification-symbol><class-title date-revised="2013-01-01"><title-part><text>Cells or assemblies of cells comprising at least one movable electrode, e.g. rotary electrodes</text></title-part><title-part><text>Assemblies of constructional parts thereof</text></title-part></class-title>
<classification-item breakdown-code="false" not-allocatable="false" level="9" additional-only="false" sort-key="C25B9/125" definition-exists="false" ipc-concordant="C25B9/12" c-set-base-allowed="false" c-set-subsequent-allowed="true" date-revised="2013-01-01" status="published"><classification-symbol>C25B9/125</classification-symbol><class-title date-revised="2013-01-01"><title-part><CPC-specific-text><text>Rotary electrodes</text></CPC-specific-text></title-part></class-title></classification-item>
<classification-item breakdown-code="false" not-allocatable="false" level="9" additional-only="false" sort-key="C25B9/14" definition-exists="false" ipc-concordant="C25B9/14" c-set-base-allowed="false" c-set-subsequent-allowed="true" date-revised="2013-01-01" status="published"><classification-symbol>C25B9/14</classification-symbol><class-title date-revised="2013-01-01"><title-part><text>Liquid electrodes, e.g. mercury electrodes</text></title-part></class-title>
<classification-item breakdown-code="false" not-allocatable="false" level="10" additional-only="false" sort-key="C25B9/142" definition-exists="false" ipc-concordant="C25B9/14" c-set-base-allowed="false" c-set-subsequent-allowed="true" date-revised="2013-01-01" status="published"><classification-symbol>C25B9/142</classification-symbol><class-title date-revised="2013-01-01"><title-part><CPC-specific-text><text>of the horizontal type</text></CPC-specific-text></title-part></class-title>
<classification-item breakdown-code="false" not-allocatable="false" level="11" additional-only="false" sort-key="C25B9/144" definition-exists="false" ipc-concordant="C25B9/14" c-set-base-allowed="false" c-set-subsequent-allowed="true" date-revised="2013-01-01" status="published"><classification-symbol>C25B9/144</classification-symbol><class-title date-revised="2013-01-01"><title-part><CPC-specific-text><text>Grouping of such cells into batteries</text></CPC-specific-text></title-part></class-title></classification-item></classification-item>
<classification-item breakdown-code="false" not-allocatable="false" level="10" additional-only="false" sort-key="C25B9/146" definition-exists="false" ipc-concordant="C25B9/14" c-set-base-allowed="false" c-set-subsequent-allowed="true" date-revised="2013-01-01" status="published"><classification-symbol>C25B9/146</classification-symbol><class-title date-revised="2013-01-01"><title-part><CPC-specific-text><text>of the vertical type</text></CPC-specific-text></title-part></class-title>
<classification-item breakdown-code="false" not-allocatable="false" level="11" additional-only="false" sort-key="C25B9/148" definition-exists="false" ipc-concordant="C25B9/14" c-set-base-allowed="false" c-set-subsequent-allowed="true" date-revised="2013-01-01" status="published"><classification-symbol>C25B9/148</classification-symbol><class-title date-revised="2013-01-01"><title-part><CPC-specific-text><text>Grouping of such cells into batteries</text></CPC-specific-text></title-part></class-title></classification-item></classification-item></classification-item></classification-item>
<classification-item breakdown-code="false" not-allocatable="false" level="8" additional-only="false" sort-key="C25B9/16" definition-exists="true" ipc-concordant="C25B9/16" c-set-base-allowed="false" c-set-subsequent-allowed="true" date-revised="2013-01-01" status="published"><classification-symbol>C25B9/16</classification-symbol><class-title date-revised="2013-01-01"><title-part><text>Cells or assemblies of cells comprising at least one electrode made of particles</text></title-part><title-part><text>Assemblies of constructional parts thereof</text></title-part></class-title>
<classification-item breakdown-code="false" not-allocatable="false" level="9" additional-only="false" sort-key="C25B9/162" definition-exists="true" ipc-concordant="C25B9/16" c-set-base-allowed="false" c-set-subsequent-allowed="true" date-revised="2013-01-01" status="published"><classification-symbol>C25B9/162</classification-symbol><class-title date-revised="2013-01-01"><title-part><CPC-specific-text><text>comprising fluidised bed electrodes</text></CPC-specific-text></title-part></class-title>
<classification-item breakdown-code="false" not-allocatable="false" level="10" additional-only="false" sort-key="C25B9/164" definition-exists="false" ipc-concordant="C25B9/16" c-set-base-allowed="false" c-set-subsequent-allowed="true" date-revised="2013-01-01" status="published"><classification-symbol>C25B9/164</classification-symbol><class-title date-revised="2013-01-01"><title-part><CPC-specific-text><text>Grouping of such cells into batteries</text></CPC-specific-text></title-part></class-title></classification-item></classification-item>
<classification-item breakdown-code="false" not-allocatable="false" level="9" additional-only="false" sort-key="C25B9/166" definition-exists="true" ipc-concordant="C25B9/16" c-set-base-allowed="false" c-set-subsequent-allowed="true" date-revised="2013-01-01" status="published"><classification-symbol>C25B9/166</classification-symbol><class-title date-revised="2013-01-01"><title-part><CPC-specific-text><text>comprising static bed electrodes</text></CPC-specific-text></title-part></class-title>
<classification-item breakdown-code="false" not-allocatable="false" level="10" additional-only="false" sort-key="C25B9/168" definition-exists="false" ipc-concordant="C25B9/16" c-set-base-allowed="false" c-set-subsequent-allowed="true" date-revised="2013-01-01" status="published"><classification-symbol>C25B9/168</classification-symbol><class-title date-revised="2013-01-01"><title-part><CPC-specific-text><text>Grouping of such cells into batteries</text></CPC-specific-text></title-part></class-title></classification-item></classification-item></classification-item>
<classification-item breakdown-code="false" not-allocatable="false" level="8" additional-only="false" sort-key="C25B9/18" definition-exists="true" ipc-concordant="C25B9/18" c-set-base-allowed="false" c-set-subsequent-allowed="true" date-revised="2013-01-01" status="published"><classification-symbol>C25B9/18</classification-symbol><class-title date-revised="2013-01-01"><title-part><text>Assemblies comprising a plurality of cells </text><reference><CPC-specific-text><text><class-ref scheme="cpc">C25B9/005</class-ref> takes precedence</text></CPC-specific-text><text>; assemblies of cells with movable electrodes <class-ref scheme="cpc">C25B9/12</class-ref>; assemblies of cells with electrodes made of particles <class-ref scheme="cpc">C25B9/16</class-ref></text></reference></title-part></class-title>
<classification-item breakdown-code="false" not-allocatable="false" level="9" additional-only="false" sort-key="C25B9/20" definition-exists="true" ipc-concordant="C25B9/20" c-set-base-allowed="false" c-set-subsequent-allowed="true" date-revised="2013-01-01" status="published"><classification-symbol>C25B9/20</classification-symbol><class-title date-revised="2013-01-01"><title-part><text>of the filter-press type</text></title-part></class-title>
<classification-item breakdown-code="false" not-allocatable="false" level="10" additional-only="false" sort-key="C25B9/203" definition-exists="true" ipc-concordant="C25B9/20" c-set-base-allowed="false" c-set-subsequent-allowed="true" date-revised="2013-01-01" status="published"><classification-symbol>C25B9/203</classification-symbol><class-title date-revised="2013-01-01"><title-part><CPC-specific-text><text>with bipolar electrodes</text></CPC-specific-text></title-part></class-title>
<classification-item breakdown-code="false" not-allocatable="false" level="11" additional-only="false" sort-key="C25B9/206" definition-exists="false" ipc-concordant="C25B9/20" c-set-base-allowed="false" c-set-subsequent-allowed="true" date-revised="2013-01-01" status="published"><classification-symbol>C25B9/206</classification-symbol><class-title date-revised="2013-01-01"><title-part><CPC-specific-text><text>with diaphragms</text></CPC-specific-text></title-part></class-title></classification-item></classification-item></classification-item></classification-item></classification-item>
<classification-item breakdown-code="false" not-allocatable="false" level="7" additional-only="false" sort-key="C25B11/00" definition-exists="true" ipc-concordant="C25B11/00" c-set-base-allowed="false" c-set-subsequent-allowed="true" date-revised="2013-01-01" status="published"><classification-symbol>C25B11/00</classification-symbol><class-title date-revised="2013-01-01"><title-part><text>Electrodes</text></title-part><title-part><text>Manufacture thereof not otherwise provided for</text></title-part></class-title>
<classification-item breakdown-code="false" not-allocatable="false" level="8" additional-only="false" sort-key="C25B11/02" definition-exists="true" ipc-concordant="C25B11/02" c-set-base-allowed="false" c-set-subsequent-allowed="true" date-revised="2013-01-01" status="published"><classification-symbol>C25B11/02</classification-symbol><class-title date-revised="2013-01-01"><title-part><text>characterised by shape or form</text></title-part></class-title>
<classification-item breakdown-code="false" not-allocatable="false" level="9" additional-only="false" sort-key="C25B11/03" definition-exists="true" ipc-concordant="C25B11/03" c-set-base-allowed="false" c-set-subsequent-allowed="true" date-revised="2013-01-01" status="published"><classification-symbol>C25B11/03</classification-symbol><class-title date-revised="2013-01-01"><title-part><text>perforated or foraminous</text></title-part></class-title>
<classification-item breakdown-code="false" not-allocatable="false" level="10" additional-only="false" sort-key="C25B11/035" definition-exists="true" ipc-concordant="C25B11/03" c-set-base-allowed="false" c-set-subsequent-allowed="true" date-revised="2015-10-01" status="published"><classification-symbol>C25B11/035</classification-symbol><class-title date-revised="2015-10-01"><title-part><CPC-specific-text><text>Porous electrodes</text></CPC-specific-text></title-part></class-title></classification-item></classification-item></classification-item>
<classification-item breakdown-code="false" not-allocatable="false" level="8" additional-only="false" sort-key="C25B11/04" definition-exists="false" ipc-concordant="C25B11/04" c-set-base-allowed="false" c-set-subsequent-allowed="true" date-revised="2013-01-01" status="published"><classification-symbol>C25B11/04</classification-symbol><class-title date-revised="2013-01-01"><title-part><text>characterised by the material</text></title-part></class-title>
<classification-item breakdown-code="false" not-allocatable="false" level="9" additional-only="false" sort-key="C25B11/0405" definition-exists="true" ipc-concordant="C25B11/04" c-set-base-allowed="false" c-set-subsequent-allowed="true" date-revised="2013-01-01" status="published"><classification-symbol>C25B11/0405</classification-symbol><class-title date-revised="2013-01-01"><title-part><CPC-specific-text><text>of electrodes having a substrate and a coating</text></CPC-specific-text></title-part></class-title></classification-item>
<classification-item breakdown-code="false" not-allocatable="false" level="9" additional-only="false" sort-key="C25B11/041" definition-exists="false" ipc-concordant="C25B11/04" c-set-base-allowed="false" c-set-subsequent-allowed="true" date-revised="2013-01-01" status="published"><classification-symbol>C25B11/041</classification-symbol><class-title date-revised="2013-01-01"><title-part><CPC-specific-text><text>characterised by the material of the substrate</text></CPC-specific-text></title-part></class-title>
<classification-item breakdown-code="false" not-allocatable="false" level="10" additional-only="false" sort-key="C25B11/0415" definition-exists="false" ipc-concordant="C25B11/04" c-set-base-allowed="false" c-set-subsequent-allowed="true" date-revised="2013-01-01" status="published"><classification-symbol>C25B11/0415</classification-symbol><class-title date-revised="2013-01-01"><title-part><CPC-specific-text><text>consisting of one single element or compound</text></CPC-specific-text></title-part></class-title>
<classification-item breakdown-code="false" not-allocatable="false" level="11" additional-only="false" sort-key="C25B11/0421" definition-exists="false" ipc-concordant="C25B11/04" c-set-base-allowed="false" c-set-subsequent-allowed="true" date-revised="2013-01-01" status="published"><classification-symbol>C25B11/0421</classification-symbol><class-title date-revised="2013-01-01"><title-part><CPC-specific-text><text>Silicon</text></CPC-specific-text></title-part></class-title></classification-item></classification-item>
<classification-item breakdown-code="false" not-allocatable="false" level="10" additional-only="false" sort-key="C25B11/0426" definition-exists="false" ipc-concordant="C25B11/04" c-set-base-allowed="false" c-set-subsequent-allowed="true" date-revised="2013-01-01" status="published"><classification-symbol>C25B11/0426</classification-symbol><class-title date-revised="2013-01-01"><title-part><CPC-specific-text><text>consisting of plurality elements or compounds</text></CPC-specific-text></title-part></class-title>
<classification-item breakdown-code="false" not-allocatable="false" level="11" additional-only="false" sort-key="C25B11/0431" definition-exists="false" ipc-concordant="C25B11/04" c-set-base-allowed="false" c-set-subsequent-allowed="true" date-revised="2013-01-01" status="published"><classification-symbol>C25B11/0431</classification-symbol><class-title date-revised="2013-01-01"><title-part><CPC-specific-text><text>Metal alloys</text></CPC-specific-text></title-part></class-title></classification-item>
<classification-item breakdown-code="false" not-allocatable="false" level="11" additional-only="false" sort-key="C25B11/0436" definition-exists="false" ipc-concordant="C25B11/04" c-set-base-allowed="false" c-set-subsequent-allowed="true" date-revised="2013-01-01" status="published"><classification-symbol>C25B11/0436</classification-symbol><class-title date-revised="2013-01-01"><title-part><CPC-specific-text><text>comprising metal powder and a non-metallic binder</text></CPC-specific-text></title-part></class-title></classification-item></classification-item></classification-item>
<classification-item breakdown-code="false" not-allocatable="false" level="9" additional-only="false" sort-key="C25B11/0442" definition-exists="false" ipc-concordant="C25B11/04" c-set-base-allowed="false" c-set-subsequent-allowed="true" date-revised="2013-01-01" status="published"><classification-symbol>C25B11/0442</classification-symbol><class-title date-revised="2013-01-01"><title-part><CPC-specific-text><text>characterised by the material of the coating</text></CPC-specific-text></title-part></class-title>
<classification-item breakdown-code="false" not-allocatable="false" level="10" additional-only="false" sort-key="C25B11/0447" definition-exists="false" ipc-concordant="C25B11/04" c-set-base-allowed="false" c-set-subsequent-allowed="true" date-revised="2013-01-01" status="published"><classification-symbol>C25B11/0447</classification-symbol><class-title date-revised="2013-01-01"><title-part><CPC-specific-text><text>Coatings consisting of a single component</text></CPC-specific-text></title-part></class-title>
<classification-item breakdown-code="false" not-allocatable="false" level="11" additional-only="false" sort-key="C25B11/0452" definition-exists="false" ipc-concordant="C25B11/04" c-set-base-allowed="false" c-set-subsequent-allowed="true" date-revised="2013-01-01" status="published"><classification-symbol>C25B11/0452</classification-symbol><class-title date-revised="2013-01-01"><title-part><CPC-specific-text><text>Non-noble metal oxides</text></CPC-specific-text></title-part></class-title>
<classification-item breakdown-code="false" not-allocatable="false" level="12" additional-only="false" sort-key="C25B11/0457" definition-exists="false" ipc-concordant="C25B11/04" c-set-base-allowed="false" c-set-subsequent-allowed="true" date-revised="2013-01-01" status="published"><classification-symbol>C25B11/0457</classification-symbol><class-title date-revised="2013-01-01"><title-part><CPC-specific-text><text>of the spinel type</text></CPC-specific-text></title-part></class-title></classification-item>
<classification-item breakdown-code="false" not-allocatable="false" level="12" additional-only="false" sort-key="C25B11/0463" definition-exists="false" ipc-concordant="C25B11/04" c-set-base-allowed="false" c-set-subsequent-allowed="true" date-revised="2013-01-01" status="published"><classification-symbol>C25B11/0463</classification-symbol><class-title date-revised="2013-01-01"><title-part><CPC-specific-text><text>of the perouskite type</text></CPC-specific-text></title-part></class-title></classification-item>
<classification-item breakdown-code="false" not-allocatable="false" level="12" additional-only="false" sort-key="C25B11/0468" definition-exists="false" ipc-concordant="C25B11/04" c-set-base-allowed="false" c-set-subsequent-allowed="true" date-revised="2013-01-01" status="published"><classification-symbol>C25B11/0468</classification-symbol><class-title date-revised="2013-01-01"><title-part><CPC-specific-text><text>of the rutile type</text></CPC-specific-text></title-part></class-title></classification-item></classification-item>
<classification-item breakdown-code="false" not-allocatable="false" level="11" additional-only="false" sort-key="C25B11/0473" definition-exists="false" ipc-concordant="C25B11/04" c-set-base-allowed="false" c-set-subsequent-allowed="true" date-revised="2013-01-01" status="published"><classification-symbol>C25B11/0473</classification-symbol><class-title date-revised="2013-01-01"><title-part><CPC-specific-text><text>Noble metals</text></CPC-specific-text></title-part></class-title></classification-item></classification-item>
<classification-item breakdown-code="false" not-allocatable="false" level="10" additional-only="false" sort-key="C25B11/0478" definition-exists="false" ipc-concordant="C25B11/04" c-set-base-allowed="false" c-set-subsequent-allowed="true" date-revised="2013-01-01" status="published"><classification-symbol>C25B11/0478</classification-symbol><class-title date-revised="2013-01-01"><title-part><CPC-specific-text><text>Coatings consisting of two or more components</text></CPC-specific-text></title-part></class-title>
<classification-item breakdown-code="false" not-allocatable="false" level="11" additional-only="false" sort-key="C25B11/0484" definition-exists="false" ipc-concordant="C25B11/04" c-set-base-allowed="false" c-set-subsequent-allowed="true" date-revised="2013-01-01" status="published"><classification-symbol>C25B11/0484</classification-symbol><class-title date-revised="2013-01-01"><title-part><CPC-specific-text><text>comprising at least a noble metal or noble metal oxide and a non-noble metal oxide</text></CPC-specific-text></title-part></class-title></classification-item>
<classification-item breakdown-code="false" not-allocatable="false" level="11" additional-only="false" sort-key="C25B11/0489" definition-exists="false" ipc-concordant="C25B11/04" c-set-base-allowed="false" c-set-subsequent-allowed="true" date-revised="2013-01-01" status="published"><classification-symbol>C25B11/0489</classification-symbol><class-title date-revised="2013-01-01"><title-part><CPC-specific-text><text>at least one of the components being an organic compound</text></CPC-specific-text></title-part></class-title></classification-item>
<classification-item breakdown-code="false" not-allocatable="false" level="11" additional-only="false" sort-key="C25B11/0494" definition-exists="false" ipc-concordant="C25B11/04" c-set-base-allowed="false" c-set-subsequent-allowed="true" date-revised="2013-01-01" status="published"><classification-symbol>C25B11/0494</classification-symbol><class-title date-revised="2013-01-01"><title-part><CPC-specific-text><text>comprising two or more noble metals or noble metal alloys</text></CPC-specific-text></title-part></class-title></classification-item></classification-item></classification-item>
<classification-item breakdown-code="false" not-allocatable="false" level="9" additional-only="false" sort-key="C25B11/12" definition-exists="true" ipc-concordant="C25B11/12" c-set-base-allowed="false" c-set-subsequent-allowed="true" date-revised="2013-01-01" status="published"><classification-symbol>C25B11/12</classification-symbol><class-title date-revised="2013-01-01"><title-part><text>Electrodes based on carbon </text><reference><text>carbon masses in general <class-ref scheme="cpc">C04B35/52</class-ref> </text></reference><CPC-specific-text><reference><text><class-ref scheme="cpc">C25B11/0405</class-ref> takes precedence</text></reference></CPC-specific-text></title-part></class-title>
<classification-item breakdown-code="false" not-allocatable="false" level="10" additional-only="false" sort-key="C25B11/14" definition-exists="false" ipc-concordant="C25B11/14" c-set-base-allowed="false" c-set-subsequent-allowed="true" date-revised="2013-01-01" status="published"><classification-symbol>C25B11/14</classification-symbol><class-title date-revised="2013-01-01"><title-part><text>Impregnation of carbon electrodes </text><CPC-specific-text><reference><text><class-ref scheme="cpc">C25B11/0405</class-ref> takes precedence</text></reference></CPC-specific-text></title-part></class-title></classification-item></classification-item>
<classification-item breakdown-code="false" not-allocatable="false" level="9" additional-only="false" sort-key="C25B11/16" definition-exists="true" ipc-concordant="C25B11/16" c-set-base-allowed="false" c-set-subsequent-allowed="true" date-revised="2013-01-01" status="published"><classification-symbol>C25B11/16</classification-symbol><class-title date-revised="2013-01-01"><title-part><text>Electrodes based on manganese dioxide or lead dioxide </text><CPC-specific-text><reference><text><class-ref scheme="cpc">C25B11/0405</class-ref> takes precedence</text></reference></CPC-specific-text></title-part></class-title></classification-item>
<classification-item breakdown-code="false" not-allocatable="false" level="9" additional-only="false" sort-key="C25B11/18" definition-exists="true" ipc-concordant="C25B11/18" c-set-base-allowed="false" c-set-subsequent-allowed="true" date-revised="2013-01-01" status="published"><classification-symbol>C25B11/18</classification-symbol><class-title date-revised="2013-01-01"><title-part><text>Mercury or amalgam electrodes </text><CPC-specific-text><reference><text><class-ref scheme="cpc">C25B11/0405</class-ref> takes precedence</text></reference></CPC-specific-text></title-part></class-title></classification-item></classification-item></classification-item>
<classification-item breakdown-code="false" not-allocatable="false" level="7" additional-only="false" sort-key="C25B13/00" definition-exists="true" ipc-concordant="C25B13/00" c-set-base-allowed="false" c-set-subsequent-allowed="true" date-revised="2013-01-01" status="published"><classification-symbol>C25B13/00</classification-symbol><class-title date-revised="2013-01-01"><title-part><text>Diaphragms</text></title-part><title-part><text>Spacing elements</text></title-part></class-title>
<classification-item breakdown-code="false" not-allocatable="false" level="8" additional-only="false" sort-key="C25B13/02" definition-exists="false" ipc-concordant="C25B13/02" c-set-base-allowed="false" c-set-subsequent-allowed="true" date-revised="2013-01-01" status="published"><classification-symbol>C25B13/02</classification-symbol><class-title date-revised="2013-01-01"><title-part><text>characterised by form or shape</text></title-part></class-title></classification-item>
<classification-item breakdown-code="false" not-allocatable="false" level="8" additional-only="false" sort-key="C25B13/04" definition-exists="true" ipc-concordant="C25B13/04" c-set-base-allowed="false" c-set-subsequent-allowed="true" date-revised="2013-01-01" status="published"><classification-symbol>C25B13/04</classification-symbol><class-title date-revised="2013-01-01"><title-part><text>characterised by the material</text></title-part></class-title>
<classification-item breakdown-code="false" not-allocatable="false" level="9" additional-only="false" sort-key="C25B13/06" definition-exists="false" ipc-concordant="C25B13/06" c-set-base-allowed="false" c-set-subsequent-allowed="true" date-revised="2013-01-01" status="published"><classification-symbol>C25B13/06</classification-symbol><class-title date-revised="2013-01-01"><title-part><text>based on asbestos</text></title-part></class-title></classification-item>
<classification-item breakdown-code="false" not-allocatable="false" level="9" additional-only="false" sort-key="C25B13/08" definition-exists="true" ipc-concordant="C25B13/08" c-set-base-allowed="false" c-set-subsequent-allowed="true" date-revised="2013-01-01" status="published"><classification-symbol>C25B13/08</classification-symbol><class-title date-revised="2013-01-01"><title-part><text>based on organic materials</text></title-part></class-title></classification-item></classification-item></classification-item>
<classification-item breakdown-code="false" not-allocatable="false" level="7" additional-only="false" sort-key="C25B15/00" definition-exists="true" ipc-concordant="C25B15/00" c-set-base-allowed="false" c-set-subsequent-allowed="true" date-revised="2013-01-01" status="published"><classification-symbol>C25B15/00</classification-symbol><class-title date-revised="2013-01-01"><title-part><text>Operating or servicing of cells</text></title-part></class-title>
<classification-item breakdown-code="false" not-allocatable="false" level="8" additional-only="false" sort-key="C25B15/02" definition-exists="true" ipc-concordant="C25B15/02" c-set-base-allowed="false" c-set-subsequent-allowed="true" date-revised="2013-01-01" status="published"><classification-symbol>C25B15/02</classification-symbol><class-title date-revised="2013-01-01"><title-part><text>Process control or regulation </text><reference><text>controlling or regulating in general <class-ref scheme="cpc">G05</class-ref></text></reference></title-part></class-title></classification-item>
<classification-item breakdown-code="false" not-allocatable="false" level="8" additional-only="false" sort-key="C25B15/04" definition-exists="true" ipc-concordant="C25B15/04" c-set-base-allowed="false" c-set-subsequent-allowed="true" date-revised="2013-01-01" status="published"><classification-symbol>C25B15/04</classification-symbol><class-title date-revised="2013-01-01"><title-part><text>Regulation of the inter-electrode distance </text><reference><text>electro-machining <class-ref scheme="cpc">B23P</class-ref></text></reference></title-part></class-title></classification-item>
<classification-item breakdown-code="false" not-allocatable="false" level="8" additional-only="false" sort-key="C25B15/06" definition-exists="false" ipc-concordant="C25B15/06" c-set-base-allowed="false" c-set-subsequent-allowed="true" date-revised="2013-01-01" status="published"><classification-symbol>C25B15/06</classification-symbol><class-title date-revised="2013-01-01"><title-part><text>Detection or inhibition of short circuits in the cell</text></title-part></class-title></classification-item>
<classification-item breakdown-code="false" not-allocatable="false" level="8" additional-only="false" sort-key="C25B15/08" definition-exists="false" ipc-concordant="C25B15/08" c-set-base-allowed="false" c-set-subsequent-allowed="true" date-revised="2013-01-01" status="published"><classification-symbol>C25B15/08</classification-symbol><class-title date-revised="2013-01-01"><title-part><text>Supplying or removing reactants or electrolytes</text></title-part><title-part><text>Regeneration of electrolytes</text></title-part></class-title></classification-item></classification-item></classification-item></classification-item></class-scheme>