<?xml version="1.0" encoding="UTF-8"?>
<class-scheme publication-date="2018-02-01" scheme-type="cpc" publication-type="official">
<classification-item breakdown-code="false" not-allocatable="true" level="5" additional-only="false" sort-key="A42B" definition-exists="true" date-revised="2013-01-01" status="published"><classification-symbol>A42B</classification-symbol><class-title date-revised="2013-01-01"><title-part><text>HATS</text></title-part><title-part><text>HEAD COVERINGS </text><reference><text>headbands, head-scarves <class-ref scheme="cpc">A41D20/00</class-ref>, <class-ref scheme="cpc">A41D23/00</class-ref></text></reference></title-part></class-title>
<classification-item breakdown-code="false" not-allocatable="true" level="6" additional-only="false" sort-key="A42B1/00" date-revised="2013-01-01" status="published"><classification-symbol>A42B1/00</classification-symbol>
<classification-item breakdown-code="false" not-allocatable="false" level="7" additional-only="false" sort-key="A42B1/00" definition-exists="true" ipc-concordant="A42B1/00" c-set-base-allowed="false" c-set-subsequent-allowed="true" date-revised="2013-01-01" status="published"><classification-symbol>A42B1/00</classification-symbol><class-title date-revised="2013-01-01"><title-part><text>Hats</text></title-part><title-part><text>Caps</text></title-part><title-part><text>Hoods</text></title-part></class-title>
<classification-item breakdown-code="false" not-allocatable="false" level="8" additional-only="false" sort-key="A42B1/002" definition-exists="true" ipc-concordant="A42B1/00" c-set-base-allowed="false" c-set-subsequent-allowed="true" date-revised="2013-01-01" status="published"><classification-symbol>A42B1/002</classification-symbol><class-title date-revised="2013-01-01"><title-part><CPC-specific-text><text>Devices or supports adapted to retain the shape of hats </text><reference><text>for changing the size <class-ref scheme="cpc">A42C3/00</class-ref></text></reference></CPC-specific-text></title-part></class-title></classification-item>
<classification-item breakdown-code="false" not-allocatable="false" level="8" additional-only="false" sort-key="A42B1/004" definition-exists="true" ipc-concordant="A42B1/00" c-set-base-allowed="false" c-set-subsequent-allowed="true" date-revised="2013-01-01" status="published"><classification-symbol>A42B1/004</classification-symbol><class-title date-revised="2013-01-01"><title-part><CPC-specific-text><text>with special decorative arrangements or effects</text></CPC-specific-text></title-part></class-title></classification-item>
<classification-item breakdown-code="false" not-allocatable="false" level="8" additional-only="false" sort-key="A42B1/006" definition-exists="true" ipc-concordant="A42B1/00" c-set-base-allowed="false" c-set-subsequent-allowed="true" date-revised="2013-01-01" status="published"><classification-symbol>A42B1/006</classification-symbol><class-title date-revised="2013-01-01"><title-part><CPC-specific-text><text>convertible or adapted for other uses</text></CPC-specific-text></title-part></class-title></classification-item>
<classification-item breakdown-code="false" not-allocatable="false" level="8" additional-only="false" sort-key="A42B1/008" definition-exists="false" ipc-concordant="A42B1/00" c-set-base-allowed="false" c-set-subsequent-allowed="true" date-revised="2013-01-01" status="published"><classification-symbol>A42B1/008</classification-symbol><class-title date-revised="2013-01-01"><title-part><CPC-specific-text><text>Head coverings with environmental control, e.g. for heating or cooling </text><reference><text>ventilating arrangements for head coverings <class-ref scheme="cpc">A42C5/04</class-ref></text></reference></CPC-specific-text></title-part></class-title></classification-item>
<classification-item breakdown-code="false" not-allocatable="false" level="8" additional-only="false" sort-key="A42B1/02" definition-exists="false" ipc-concordant="A42B1/02" c-set-base-allowed="false" c-set-subsequent-allowed="true" date-revised="2013-01-01" status="published"><classification-symbol>A42B1/02</classification-symbol><class-title date-revised="2013-01-01"><title-part><text>Hats</text></title-part><title-part><text>Stiff caps</text></title-part></class-title></classification-item>
<classification-item breakdown-code="false" not-allocatable="false" level="8" additional-only="false" sort-key="A42B1/04" definition-exists="true" ipc-concordant="A42B1/04" c-set-base-allowed="false" c-set-subsequent-allowed="true" date-revised="2013-01-01" status="published"><classification-symbol>A42B1/04</classification-symbol><class-title date-revised="2013-01-01"><title-part><text>Soft caps</text></title-part><title-part><text>Hoods</text></title-part></class-title>
<classification-item breakdown-code="false" not-allocatable="false" level="9" additional-only="false" sort-key="A42B1/041" definition-exists="false" ipc-concordant="A42B1/04" c-set-base-allowed="false" c-set-subsequent-allowed="true" date-revised="2013-01-01" status="published"><classification-symbol>A42B1/041</classification-symbol><class-title date-revised="2013-01-01"><title-part><CPC-specific-text><text>Generally peakless soft head coverings, e.g. turbans, berets </text><reference><text><class-ref scheme="cpc">A42B1/045</class-ref>, <class-ref scheme="cpc">A42B1/046</class-ref> take precedence</text></reference></CPC-specific-text></title-part></class-title>
<classification-item breakdown-code="false" not-allocatable="false" level="10" additional-only="false" sort-key="A42B1/043" definition-exists="true" ipc-concordant="A42B1/04" c-set-base-allowed="false" c-set-subsequent-allowed="true" date-revised="2013-01-01" status="published"><classification-symbol>A42B1/043</classification-symbol><class-title date-revised="2013-01-01"><title-part><CPC-specific-text><text>for use in hospital or food industries, e.g. sanitary or disposable caps</text></CPC-specific-text></title-part></class-title></classification-item></classification-item>
<classification-item breakdown-code="false" not-allocatable="false" level="9" additional-only="false" sort-key="A42B1/045" definition-exists="false" ipc-concordant="A42B1/04" c-set-base-allowed="false" c-set-subsequent-allowed="true" date-revised="2013-01-01" status="published"><classification-symbol>A42B1/045</classification-symbol><class-title date-revised="2013-01-01"><title-part><CPC-specific-text><text>fastened under the chin, e.g. bonnets</text></CPC-specific-text></title-part></class-title></classification-item>
<classification-item breakdown-code="false" not-allocatable="false" level="9" additional-only="false" sort-key="A42B1/046" definition-exists="false" ipc-concordant="A42B1/04" c-set-base-allowed="false" c-set-subsequent-allowed="true" date-revised="2013-01-01" status="published"><classification-symbol>A42B1/046</classification-symbol><class-title date-revised="2013-01-01"><title-part><CPC-specific-text><text>Balaclavas or the like</text></CPC-specific-text></title-part></class-title></classification-item>
<classification-item breakdown-code="false" not-allocatable="false" level="9" additional-only="false" sort-key="A42B1/048" definition-exists="true" ipc-concordant="A42B1/04" c-set-base-allowed="false" c-set-subsequent-allowed="true" date-revised="2013-01-01" status="published"><classification-symbol>A42B1/048</classification-symbol><class-title date-revised="2013-01-01"><title-part><CPC-specific-text><text>characterised by hoods being attachable to garments</text></CPC-specific-text></title-part></class-title></classification-item>
<classification-item breakdown-code="false" not-allocatable="false" level="9" additional-only="false" sort-key="A42B1/06" definition-exists="false" ipc-concordant="A42B1/06" c-set-base-allowed="false" c-set-subsequent-allowed="true" date-revised="2013-01-01" status="published"><classification-symbol>A42B1/06</classification-symbol><class-title date-revised="2013-01-01"><title-part><text>Caps with flaps</text></title-part><title-part><text>Motoring caps</text></title-part><title-part><text>Caps with means for protecting the eyes, ears, or nape of neck </text><reference><text>ear and nape protecting devices in general <class-ref scheme="cpc">A41D</class-ref></text></reference></title-part><title-part><text>Caps with airpads or removable linings</text></title-part></class-title>
<classification-item breakdown-code="false" not-allocatable="false" level="10" additional-only="false" sort-key="A42B1/061" definition-exists="false" ipc-concordant="A42B1/06" c-set-base-allowed="false" c-set-subsequent-allowed="true" date-revised="2013-01-01" status="published"><classification-symbol>A42B1/061</classification-symbol><class-title date-revised="2013-01-01"><title-part><CPC-specific-text><text>Caps or soft head coverings with means for protecting the eyes; Uniform caps</text></CPC-specific-text></title-part></class-title>
<classification-item breakdown-code="false" not-allocatable="false" level="11" additional-only="false" sort-key="A42B1/062" definition-exists="true" ipc-concordant="A42B1/06" c-set-base-allowed="false" c-set-subsequent-allowed="true" date-revised="2013-01-01" status="published"><classification-symbol>A42B1/062</classification-symbol><class-title date-revised="2013-01-01"><title-part><CPC-specific-text><text>Peaks; Visors</text></CPC-specific-text></title-part></class-title>
<classification-item breakdown-code="false" not-allocatable="false" level="12" additional-only="false" sort-key="A42B1/063" definition-exists="false" ipc-concordant="A42B1/06" c-set-base-allowed="false" c-set-subsequent-allowed="true" date-revised="2013-01-01" status="published"><classification-symbol>A42B1/063</classification-symbol><class-title date-revised="2013-01-01"><title-part><CPC-specific-text><text>with stiffening means</text></CPC-specific-text></title-part></class-title></classification-item>
<classification-item breakdown-code="false" not-allocatable="false" level="12" additional-only="false" sort-key="A42B1/064" definition-exists="false" ipc-concordant="A42B1/06" c-set-base-allowed="false" c-set-subsequent-allowed="true" date-revised="2013-01-01" status="published"><classification-symbol>A42B1/064</classification-symbol><class-title date-revised="2013-01-01"><title-part><CPC-specific-text><text>detachable or movable, e.g. rotatable</text></CPC-specific-text></title-part></class-title></classification-item>
<classification-item breakdown-code="false" not-allocatable="false" level="12" additional-only="false" sort-key="A42B1/065" definition-exists="false" ipc-concordant="A42B1/06" c-set-base-allowed="false" c-set-subsequent-allowed="true" date-revised="2013-01-01" status="published"><classification-symbol>A42B1/065</classification-symbol><class-title date-revised="2013-01-01"><title-part><CPC-specific-text><text>extensible or telescopic</text></CPC-specific-text></title-part></class-title></classification-item></classification-item></classification-item>
<classification-item breakdown-code="false" not-allocatable="false" level="10" additional-only="false" sort-key="A42B1/066" definition-exists="false" ipc-concordant="A42B1/06" c-set-base-allowed="false" c-set-subsequent-allowed="true" date-revised="2013-01-01" status="published"><classification-symbol>A42B1/066</classification-symbol><class-title date-revised="2013-01-01"><title-part><CPC-specific-text><text>Caps or soft head coverings with means for protecting the ears or nape of neck; Caps with flaps; Motoring caps</text></CPC-specific-text></title-part></class-title>
<classification-item breakdown-code="false" not-allocatable="false" level="11" additional-only="false" sort-key="A42B1/067" definition-exists="true" ipc-concordant="A42B1/06" c-set-base-allowed="false" c-set-subsequent-allowed="true" date-revised="2013-01-01" status="published"><classification-symbol>A42B1/067</classification-symbol><class-title date-revised="2013-01-01"><title-part><CPC-specific-text><text>with removable protection of the nape of neck, e.g. sun or rain shields</text></CPC-specific-text></title-part></class-title></classification-item>
<classification-item breakdown-code="false" not-allocatable="false" level="11" additional-only="false" sort-key="A42B1/068" definition-exists="true" ipc-concordant="A42B1/06" c-set-base-allowed="false" c-set-subsequent-allowed="true" date-revised="2013-01-01" status="published"><classification-symbol>A42B1/068</classification-symbol><class-title date-revised="2013-01-01"><title-part><CPC-specific-text><text>with additional protection for the ears; Removable ear muffs</text></CPC-specific-text></title-part></class-title></classification-item></classification-item>
<classification-item breakdown-code="false" not-allocatable="false" level="10" additional-only="false" sort-key="A42B1/069" definition-exists="false" ipc-concordant="A42B1/06" c-set-base-allowed="false" c-set-subsequent-allowed="true" date-revised="2013-01-01" status="published"><classification-symbol>A42B1/069</classification-symbol><class-title date-revised="2013-01-01"><title-part><CPC-specific-text><text>Linings</text></CPC-specific-text></title-part></class-title></classification-item></classification-item>
<classification-item breakdown-code="false" not-allocatable="false" level="9" additional-only="false" sort-key="A42B1/08" definition-exists="false" ipc-concordant="A42B1/08" c-set-base-allowed="false" c-set-subsequent-allowed="true" date-revised="2013-01-01" status="published"><classification-symbol>A42B1/08</classification-symbol><class-title date-revised="2013-01-01"><title-part><text>with protection against blows </text><reference><text>head-guards for sporting purposes <class-ref scheme="cpc">A63B71/10</class-ref></text></reference></title-part></class-title>
<classification-item breakdown-code="false" not-allocatable="false" level="10" additional-only="false" sort-key="A42B1/10" definition-exists="false" ipc-concordant="A42B1/10" c-set-base-allowed="false" c-set-subsequent-allowed="true" date-revised="2013-01-01" status="published"><classification-symbol>A42B1/10</classification-symbol><class-title date-revised="2013-01-01"><title-part><text>Miners&apos; caps </text><CPC-specific-text><reference><text><class-ref scheme="cpc">A42B3/04</class-ref> takes precedence</text></reference></CPC-specific-text></title-part></class-title></classification-item></classification-item>
<classification-item breakdown-code="false" not-allocatable="false" level="9" additional-only="false" sort-key="A42B1/12" definition-exists="true" ipc-concordant="A42B1/12" c-set-base-allowed="false" c-set-subsequent-allowed="true" date-revised="2013-01-01" status="published"><classification-symbol>A42B1/12</classification-symbol><class-title date-revised="2013-01-01"><title-part><text>Bathing caps</text></title-part></class-title></classification-item></classification-item>
<classification-item breakdown-code="false" not-allocatable="false" level="8" additional-only="false" sort-key="A42B1/14" definition-exists="false" ipc-concordant="A42B1/14" c-set-base-allowed="false" c-set-subsequent-allowed="true" date-revised="2013-01-01" status="published"><classification-symbol>A42B1/14</classification-symbol><class-title date-revised="2013-01-01"><title-part><text>Straw hats</text></title-part><title-part><text>Substitutes therefor</text></title-part></class-title></classification-item>
<classification-item breakdown-code="false" not-allocatable="false" level="8" additional-only="false" sort-key="A42B1/16" definition-exists="false" ipc-concordant="A42B1/16" c-set-base-allowed="false" c-set-subsequent-allowed="true" date-revised="2013-01-01" status="published"><classification-symbol>A42B1/16</classification-symbol><class-title date-revised="2013-01-01"><title-part><text>Ladies&apos; millinery</text></title-part></class-title></classification-item>
<classification-item breakdown-code="false" not-allocatable="false" level="8" additional-only="false" sort-key="A42B1/18" definition-exists="true" ipc-concordant="A42B1/18" c-set-base-allowed="false" c-set-subsequent-allowed="true" date-revised="2013-01-01" status="published"><classification-symbol>A42B1/18</classification-symbol><class-title date-revised="2013-01-01"><title-part><text>with coverings for protecting against dust, rain, or sunshine</text></title-part></class-title></classification-item>
<classification-item breakdown-code="false" not-allocatable="false" level="8" additional-only="false" sort-key="A42B1/20" definition-exists="false" ipc-concordant="A42B1/20" c-set-base-allowed="false" c-set-subsequent-allowed="true" date-revised="2013-01-01" status="published"><classification-symbol>A42B1/20</classification-symbol><class-title date-revised="2013-01-01"><title-part><text>Collapsible hats</text></title-part><title-part><text>Hats made of separable parts</text></title-part></class-title>
<classification-item breakdown-code="false" not-allocatable="false" level="9" additional-only="false" sort-key="A42B1/201" definition-exists="false" ipc-concordant="A42B1/20" c-set-base-allowed="false" c-set-subsequent-allowed="true" date-revised="2013-01-01" status="published"><classification-symbol>A42B1/201</classification-symbol><class-title date-revised="2013-01-01"><title-part><CPC-specific-text><text>Collapsible or foldable hats</text></CPC-specific-text></title-part></class-title></classification-item>
<classification-item breakdown-code="false" not-allocatable="false" level="9" additional-only="false" sort-key="A42B1/203" definition-exists="false" ipc-concordant="A42B1/20" c-set-base-allowed="false" c-set-subsequent-allowed="true" date-revised="2013-01-01" status="published"><classification-symbol>A42B1/203</classification-symbol><class-title date-revised="2013-01-01"><title-part><CPC-specific-text><text>Inflatable hats</text></CPC-specific-text></title-part></class-title></classification-item>
<classification-item breakdown-code="false" not-allocatable="false" level="9" additional-only="false" sort-key="A42B1/205" definition-exists="false" ipc-concordant="A42B1/20" c-set-base-allowed="false" c-set-subsequent-allowed="true" date-revised="2013-01-01" status="published"><classification-symbol>A42B1/205</classification-symbol><class-title date-revised="2013-01-01"><title-part><CPC-specific-text><text>Hats made of separable parts</text></CPC-specific-text></title-part></class-title></classification-item>
<classification-item breakdown-code="false" not-allocatable="false" level="9" additional-only="false" sort-key="A42B1/206" definition-exists="false" ipc-concordant="A42B1/20" c-set-base-allowed="false" c-set-subsequent-allowed="true" date-revised="2013-01-01" status="published"><classification-symbol>A42B1/206</classification-symbol><class-title date-revised="2013-01-01"><title-part><CPC-specific-text><text>Transformable, convertible, reversible hats</text></CPC-specific-text></title-part></class-title></classification-item>
<classification-item breakdown-code="false" not-allocatable="false" level="9" additional-only="false" sort-key="A42B1/208" definition-exists="true" ipc-concordant="A42B1/20" c-set-base-allowed="false" c-set-subsequent-allowed="true" date-revised="2013-01-01" status="published"><classification-symbol>A42B1/208</classification-symbol><class-title date-revised="2013-01-01"><title-part><CPC-specific-text><text>Hats made from a flat sheet</text></CPC-specific-text></title-part></class-title></classification-item></classification-item>
<classification-item breakdown-code="false" not-allocatable="false" level="8" additional-only="false" sort-key="A42B1/22" definition-exists="false" ipc-concordant="A42B1/22" c-set-base-allowed="false" c-set-subsequent-allowed="true" date-revised="2017-08-01" status="published"><classification-symbol>A42B1/22</classification-symbol><class-title date-revised="2017-08-01"><title-part><text>adjustable in size </text><CPC-specific-text><text>; Form-fitting or self adjusting head coverings; Devices for reducing hat size</text></CPC-specific-text></title-part></class-title>
<classification-item breakdown-code="false" not-allocatable="false" level="9" additional-only="false" sort-key="A42B1/225" definition-exists="false" ipc-concordant="A42B1/22" c-set-base-allowed="false" c-set-subsequent-allowed="true" date-revised="2013-01-01" status="published"><classification-symbol>A42B1/225</classification-symbol><class-title date-revised="2013-01-01"><title-part><CPC-specific-text><text>with openings for hair</text></CPC-specific-text></title-part></class-title></classification-item></classification-item>
<classification-item breakdown-code="false" not-allocatable="false" level="8" additional-only="false" sort-key="A42B1/24" definition-exists="false" ipc-concordant="A42B1/24" c-set-base-allowed="false" c-set-subsequent-allowed="true" date-revised="2017-08-01" status="published"><classification-symbol>A42B1/24</classification-symbol><class-title date-revised="2017-08-01"><title-part><text>with means for attaching articles thereto, e.g. memorandum tablets, mirrors, lamps, insignia </text><CPC-specific-text><text>; Head coverings with pockets</text></CPC-specific-text></title-part></class-title>
<classification-item breakdown-code="false" not-allocatable="false" level="9" additional-only="false" sort-key="A42B1/241" definition-exists="false" ipc-concordant="A42B1/24" c-set-base-allowed="false" c-set-subsequent-allowed="true" date-revised="2013-01-01" status="published"><classification-symbol>A42B1/241</classification-symbol><class-title date-revised="2013-01-01"><title-part><CPC-specific-text><text>Pockets therefor; Headcoverings with pockets</text></CPC-specific-text></title-part></class-title></classification-item>
<classification-item breakdown-code="false" not-allocatable="false" level="9" additional-only="false" sort-key="A42B1/242" definition-exists="false" ipc-concordant="A42B1/24" c-set-base-allowed="false" c-set-subsequent-allowed="true" date-revised="2013-01-01" status="published"><classification-symbol>A42B1/242</classification-symbol><class-title date-revised="2013-01-01"><title-part><CPC-specific-text><text>Means for mounting detecting, signalling or lighting devices</text></CPC-specific-text></title-part></class-title>
<classification-item breakdown-code="false" not-allocatable="false" level="10" additional-only="false" sort-key="A42B1/244" definition-exists="false" ipc-concordant="A42B1/24" c-set-base-allowed="false" c-set-subsequent-allowed="true" date-revised="2013-01-01" status="published"><classification-symbol>A42B1/244</classification-symbol><class-title date-revised="2013-01-01"><title-part><CPC-specific-text><text>Means for mounting lamps</text></CPC-specific-text></title-part></class-title></classification-item></classification-item>
<classification-item breakdown-code="false" not-allocatable="false" level="9" additional-only="false" sort-key="A42B1/245" definition-exists="false" ipc-concordant="A42B1/24" c-set-base-allowed="false" c-set-subsequent-allowed="true" date-revised="2013-01-01" status="published"><classification-symbol>A42B1/245</classification-symbol><class-title date-revised="2013-01-01"><title-part><CPC-specific-text><text>Means for mounting audio or communication systems</text></CPC-specific-text></title-part></class-title></classification-item>
<classification-item breakdown-code="false" not-allocatable="false" level="9" additional-only="false" sort-key="A42B1/247" definition-exists="false" ipc-concordant="A42B1/24" c-set-base-allowed="false" c-set-subsequent-allowed="true" date-revised="2013-01-01" status="published"><classification-symbol>A42B1/247</classification-symbol><class-title date-revised="2013-01-01"><title-part><CPC-specific-text><text>Means for attaching eyewear </text><reference><text>arrangements for supporting by headgear <class-ref scheme="cpc">G02C3/02</class-ref></text></reference></CPC-specific-text></title-part></class-title></classification-item>
<classification-item breakdown-code="false" not-allocatable="false" level="9" additional-only="false" sort-key="A42B1/248" definition-exists="false" ipc-concordant="A42B1/24" c-set-base-allowed="false" c-set-subsequent-allowed="true" date-revised="2013-01-01" status="published"><classification-symbol>A42B1/248</classification-symbol><class-title date-revised="2013-01-01"><title-part><CPC-specific-text><text>Insignia, logo emblems or the like</text></CPC-specific-text></title-part></class-title></classification-item></classification-item></classification-item>
<classification-item breakdown-code="false" not-allocatable="false" level="7" additional-only="false" sort-key="A42B3/00" definition-exists="false" ipc-concordant="A42B3/00" c-set-base-allowed="false" c-set-subsequent-allowed="true" date-revised="2013-01-01" status="published"><classification-symbol>A42B3/00</classification-symbol><class-title date-revised="2013-01-01"><title-part><text>Helmets</text></title-part><title-part><text>Helmet covers; </text><CPC-specific-text><text>Other protective head coverings</text></CPC-specific-text><reference><CPC-specific-text><text>protective garments <class-ref scheme="cpc">A41D13/00</class-ref>; hoods for welders <class-ref scheme="cpc">A61F9/06</class-ref></text></CPC-specific-text><text>; hoods as protection against chemical agents or for use at high altitudes <class-ref scheme="cpc">A62B17/00</class-ref>; gas helmets <class-ref scheme="cpc">A62B18/04</class-ref>; swimming helmets <class-ref scheme="cpc">A63B33/00</class-ref>; </text><CPC-specific-text><text>head guards for sporting purposes <class-ref scheme="cpc">A63B71/10</class-ref></text></CPC-specific-text><text>; defence protection helmets <class-ref scheme="cpc">F41H1/04</class-ref></text></reference></title-part></class-title>
<classification-item breakdown-code="false" not-allocatable="false" level="8" additional-only="false" sort-key="A42B3/003" definition-exists="false" ipc-concordant="A42B3/00" c-set-base-allowed="false" c-set-subsequent-allowed="true" date-revised="2013-01-01" status="published"><classification-symbol>A42B3/003</classification-symbol><class-title date-revised="2013-01-01"><title-part><CPC-specific-text><text>Helmet covers</text></CPC-specific-text></title-part></class-title></classification-item>
<classification-item breakdown-code="false" not-allocatable="false" level="8" additional-only="false" sort-key="A42B3/006" definition-exists="true" ipc-concordant="A42B3/00" c-set-base-allowed="false" c-set-subsequent-allowed="true" date-revised="2013-01-01" status="published"><classification-symbol>A42B3/006</classification-symbol><class-title date-revised="2013-01-01"><title-part><CPC-specific-text><text>Means for transporting or storing helmets</text></CPC-specific-text></title-part></class-title></classification-item>
<classification-item breakdown-code="false" not-allocatable="false" level="8" additional-only="false" sort-key="A42B3/04" definition-exists="true" ipc-concordant="A42B3/04" c-set-base-allowed="false" c-set-subsequent-allowed="true" date-revised="2013-01-01" status="published"><classification-symbol>A42B3/04</classification-symbol><class-title date-revised="2013-01-01"><title-part><text>Parts, details or accessories of helmets</text></title-part></class-title>
<classification-item breakdown-code="false" not-allocatable="false" level="9" additional-only="false" sort-key="A42B3/0406" definition-exists="true" ipc-concordant="A42B3/04" c-set-base-allowed="false" c-set-subsequent-allowed="true" date-revised="2013-01-01" status="published"><classification-symbol>A42B3/0406</classification-symbol><class-title date-revised="2013-01-01"><title-part><CPC-specific-text><text>Accessories for helmets</text></CPC-specific-text></title-part></class-title>
<classification-item breakdown-code="false" not-allocatable="false" level="10" additional-only="false" sort-key="A42B3/0413" definition-exists="true" ipc-concordant="A42B3/04" c-set-base-allowed="false" c-set-subsequent-allowed="true" date-revised="2013-01-01" status="published"><classification-symbol>A42B3/0413</classification-symbol><class-title date-revised="2013-01-01"><title-part><CPC-specific-text><text>Anti-theft arrangements </text><reference><text>attaching helmets to cycles <class-ref scheme="cpc">B62J11/005</class-ref>; locks <class-ref scheme="cpc">E05</class-ref></text></reference></CPC-specific-text></title-part></class-title></classification-item>
<classification-item breakdown-code="false" not-allocatable="false" level="10" additional-only="false" sort-key="A42B3/042" definition-exists="true" ipc-concordant="A42B3/04" c-set-base-allowed="false" c-set-subsequent-allowed="true" date-revised="2013-01-01" status="published"><classification-symbol>A42B3/042</classification-symbol><class-title date-revised="2013-01-01"><title-part><CPC-specific-text><text>Optical devices </text><reference><text>night vision goggles <class-ref scheme="cpc">G02B23/12</class-ref></text></reference></CPC-specific-text></title-part></class-title>
<classification-item breakdown-code="false" not-allocatable="false" level="11" additional-only="false" sort-key="A42B3/0426" definition-exists="false" ipc-concordant="A42B3/04" c-set-base-allowed="false" c-set-subsequent-allowed="true" date-revised="2013-01-01" status="published"><classification-symbol>A42B3/0426</classification-symbol><class-title date-revised="2013-01-01"><title-part><CPC-specific-text><text>Rear view devices or the like</text></CPC-specific-text></title-part></class-title></classification-item></classification-item>
<classification-item breakdown-code="false" not-allocatable="false" level="10" additional-only="false" sort-key="A42B3/0433" definition-exists="true" ipc-concordant="A42B3/04" c-set-base-allowed="false" c-set-subsequent-allowed="true" date-revised="2013-01-01" status="published"><classification-symbol>A42B3/0433</classification-symbol><class-title date-revised="2013-01-01"><title-part><CPC-specific-text><text>Detecting, signalling or lighting devices</text></CPC-specific-text></title-part></class-title>
<classification-item breakdown-code="false" not-allocatable="false" level="11" additional-only="false" sort-key="A42B3/044" definition-exists="true" ipc-concordant="A42B3/04" c-set-base-allowed="false" c-set-subsequent-allowed="true" date-revised="2013-01-01" status="published"><classification-symbol>A42B3/044</classification-symbol><class-title date-revised="2013-01-01"><title-part><CPC-specific-text><text>Lighting devices, e.g. helmets with lamps</text></CPC-specific-text></title-part></class-title>
<classification-item breakdown-code="false" not-allocatable="false" level="12" additional-only="false" sort-key="A42B3/0446" definition-exists="false" ipc-concordant="A42B3/04" c-set-base-allowed="false" c-set-subsequent-allowed="true" date-revised="2013-01-01" status="published"><classification-symbol>A42B3/0446</classification-symbol><class-title date-revised="2013-01-01"><title-part><CPC-specific-text><text>intended to light the way ahead</text></CPC-specific-text></title-part></class-title></classification-item></classification-item>
<classification-item breakdown-code="false" not-allocatable="false" level="11" additional-only="false" sort-key="A42B3/0453" definition-exists="true" ipc-concordant="A42B3/04" c-set-base-allowed="false" c-set-subsequent-allowed="true" date-revised="2013-01-01" status="published"><classification-symbol>A42B3/0453</classification-symbol><class-title date-revised="2013-01-01"><title-part><CPC-specific-text><text>Signalling devices, e.g. auxiliary brake or indicator lights</text></CPC-specific-text></title-part></class-title></classification-item>
<classification-item breakdown-code="false" not-allocatable="false" level="11" additional-only="false" sort-key="A42B3/046" definition-exists="false" ipc-concordant="A42B3/04" c-set-base-allowed="false" c-set-subsequent-allowed="true" date-revised="2013-01-01" status="published"><classification-symbol>A42B3/046</classification-symbol><class-title date-revised="2013-01-01"><title-part><CPC-specific-text><text>Means for detecting hazards or accidents</text></CPC-specific-text></title-part></class-title></classification-item>
<classification-item breakdown-code="false" not-allocatable="false" level="11" additional-only="false" sort-key="A42B3/0466" definition-exists="false" ipc-concordant="A42B3/04" c-set-base-allowed="false" c-set-subsequent-allowed="true" date-revised="2013-01-01" status="published"><classification-symbol>A42B3/0466</classification-symbol><class-title date-revised="2013-01-01"><title-part><CPC-specific-text><text>Means for detecting that the user is wearing a helmet</text></CPC-specific-text></title-part></class-title></classification-item></classification-item>
<classification-item breakdown-code="false" not-allocatable="false" level="10" additional-only="false" sort-key="A42B3/0473" definition-exists="true" ipc-concordant="A42B3/04" c-set-base-allowed="false" c-set-subsequent-allowed="true" date-revised="2013-01-01" status="published"><classification-symbol>A42B3/0473</classification-symbol><class-title date-revised="2013-01-01"><title-part><CPC-specific-text><text>Neck restraints</text></CPC-specific-text></title-part></class-title></classification-item>
<classification-item breakdown-code="false" not-allocatable="false" level="10" additional-only="false" sort-key="A42B3/048" definition-exists="true" ipc-concordant="A42B3/04" c-set-base-allowed="false" c-set-subsequent-allowed="true" date-revised="2013-01-01" status="published"><classification-symbol>A42B3/048</classification-symbol><class-title date-revised="2013-01-01"><title-part><CPC-specific-text><text>Hydration systems</text></CPC-specific-text></title-part></class-title></classification-item>
<classification-item breakdown-code="false" not-allocatable="false" level="10" additional-only="false" sort-key="A42B3/0486" definition-exists="false" ipc-concordant="A42B3/04" c-set-base-allowed="false" c-set-subsequent-allowed="true" date-revised="2013-01-01" status="published"><classification-symbol>A42B3/0486</classification-symbol><class-title date-revised="2013-01-01"><title-part><CPC-specific-text><text>Airbags</text></CPC-specific-text></title-part></class-title></classification-item></classification-item>
<classification-item breakdown-code="false" not-allocatable="false" level="9" additional-only="false" sort-key="A42B3/0493" definition-exists="false" ipc-concordant="A42B3/04" c-set-base-allowed="false" c-set-subsequent-allowed="true" date-revised="2013-01-01" status="published"><classification-symbol>A42B3/0493</classification-symbol><class-title date-revised="2013-01-01"><title-part><CPC-specific-text><text>Aerodynamic helmets; Air guiding means therefor</text></CPC-specific-text></title-part></class-title></classification-item>
<classification-item breakdown-code="false" not-allocatable="false" level="9" additional-only="false" sort-key="A42B3/06" definition-exists="false" ipc-concordant="A42B3/06" c-set-base-allowed="false" c-set-subsequent-allowed="true" date-revised="2013-01-01" status="published"><classification-symbol>A42B3/06</classification-symbol><class-title date-revised="2013-01-01"><title-part><text>Impact-absorbing shells, e.g. of crash helmets</text></title-part></class-title>
<classification-item breakdown-code="false" not-allocatable="false" level="10" additional-only="false" sort-key="A42B3/061" definition-exists="false" ipc-concordant="A42B3/06" c-set-base-allowed="false" c-set-subsequent-allowed="true" date-revised="2013-01-01" status="published"><classification-symbol>A42B3/061</classification-symbol><class-title date-revised="2013-01-01"><title-part><CPC-specific-text><text>External coatings, e.g. with light reflective material </text><reference><text>helmet covers <class-ref scheme="cpc">A42B3/003</class-ref></text></reference></CPC-specific-text></title-part></class-title></classification-item>
<classification-item breakdown-code="false" not-allocatable="false" level="10" additional-only="false" sort-key="A42B3/062" definition-exists="false" ipc-concordant="A42B3/06" c-set-base-allowed="false" c-set-subsequent-allowed="true" date-revised="2013-01-01" status="published"><classification-symbol>A42B3/062</classification-symbol><class-title date-revised="2013-01-01"><title-part><CPC-specific-text><text>with reinforcing means</text></CPC-specific-text></title-part></class-title>
<classification-item breakdown-code="false" not-allocatable="false" level="11" additional-only="false" sort-key="A42B3/063" definition-exists="false" ipc-concordant="A42B3/06" c-set-base-allowed="false" c-set-subsequent-allowed="true" date-revised="2013-01-01" status="published"><classification-symbol>A42B3/063</classification-symbol><class-title date-revised="2013-01-01"><title-part><CPC-specific-text><text>using layered structures</text></CPC-specific-text></title-part></class-title>
<classification-item breakdown-code="false" not-allocatable="false" level="12" additional-only="false" sort-key="A42B3/064" definition-exists="false" ipc-concordant="A42B3/06" c-set-base-allowed="false" c-set-subsequent-allowed="true" date-revised="2013-01-01" status="published"><classification-symbol>A42B3/064</classification-symbol><class-title date-revised="2013-01-01"><title-part><CPC-specific-text><text>with relative movement between layers</text></CPC-specific-text></title-part></class-title></classification-item></classification-item>
<classification-item breakdown-code="false" not-allocatable="false" level="11" additional-only="false" sort-key="A42B3/065" definition-exists="false" ipc-concordant="A42B3/06" c-set-base-allowed="false" c-set-subsequent-allowed="true" date-revised="2013-01-01" status="published"><classification-symbol>A42B3/065</classification-symbol><class-title date-revised="2013-01-01"><title-part><CPC-specific-text><text>Corrugated or ribbed shells</text></CPC-specific-text></title-part></class-title></classification-item></classification-item>
<classification-item breakdown-code="false" not-allocatable="false" level="10" additional-only="false" sort-key="A42B3/066" definition-exists="false" ipc-concordant="A42B3/06" c-set-base-allowed="false" c-set-subsequent-allowed="true" date-revised="2013-01-01" status="published"><classification-symbol>A42B3/066</classification-symbol><class-title date-revised="2013-01-01"><title-part><CPC-specific-text><text>specially adapted for cycling helmets, e.g. for soft shelled helmets</text></CPC-specific-text></title-part></class-title></classification-item>
<classification-item breakdown-code="false" not-allocatable="false" level="10" additional-only="false" sort-key="A42B3/067" definition-exists="true" ipc-concordant="A42B3/06" c-set-base-allowed="false" c-set-subsequent-allowed="true" date-revised="2013-01-01" status="published"><classification-symbol>A42B3/067</classification-symbol><class-title date-revised="2013-01-01"><title-part><CPC-specific-text><text>with damage indication means</text></CPC-specific-text></title-part></class-title></classification-item>
<classification-item breakdown-code="false" not-allocatable="false" level="10" additional-only="false" sort-key="A42B3/068" definition-exists="false" ipc-concordant="A42B3/06" c-set-base-allowed="false" c-set-subsequent-allowed="true" date-revised="2013-01-01" status="published"><classification-symbol>A42B3/068</classification-symbol><class-title date-revised="2013-01-01"><title-part><CPC-specific-text><text>with preferential fracture zones</text></CPC-specific-text></title-part></class-title></classification-item>
<classification-item breakdown-code="false" not-allocatable="false" level="10" additional-only="false" sort-key="A42B3/069" definition-exists="false" ipc-concordant="A42B3/06" c-set-base-allowed="false" c-set-subsequent-allowed="true" date-revised="2013-01-01" status="published"><classification-symbol>A42B3/069</classification-symbol><class-title date-revised="2013-01-01"><title-part><CPC-specific-text><text>with soft external layer, e.g. for use in impact sports</text></CPC-specific-text></title-part></class-title></classification-item></classification-item>
<classification-item breakdown-code="false" not-allocatable="false" level="9" additional-only="false" sort-key="A42B3/08" definition-exists="false" ipc-concordant="A42B3/08" c-set-base-allowed="false" c-set-subsequent-allowed="true" date-revised="2013-01-01" status="published"><classification-symbol>A42B3/08</classification-symbol><class-title date-revised="2013-01-01"><title-part><text>Chin straps or similar retention devices</text></title-part></class-title>
<classification-item breakdown-code="false" not-allocatable="false" level="10" additional-only="false" sort-key="A42B3/085" definition-exists="false" ipc-concordant="A42B3/08" c-set-base-allowed="false" c-set-subsequent-allowed="true" date-revised="2013-01-01" status="published"><classification-symbol>A42B3/085</classification-symbol><class-title date-revised="2013-01-01"><title-part><CPC-specific-text><text>Occipital retention systems</text></CPC-specific-text></title-part></class-title></classification-item></classification-item>
<classification-item breakdown-code="false" not-allocatable="false" level="9" additional-only="false" sort-key="A42B3/10" definition-exists="false" ipc-concordant="A42B3/10" c-set-base-allowed="false" c-set-subsequent-allowed="true" date-revised="2013-01-01" status="published"><classification-symbol>A42B3/10</classification-symbol><class-title date-revised="2013-01-01"><title-part><text>Linings </text><reference><text><class-ref scheme="cpc">A42B3/16</class-ref> takes precedence</text></reference></title-part></class-title>
<classification-item breakdown-code="false" not-allocatable="false" level="10" additional-only="false" sort-key="A42B3/105" definition-exists="false" ipc-concordant="A42B3/10" c-set-base-allowed="false" c-set-subsequent-allowed="true" date-revised="2013-01-01" status="published"><classification-symbol>A42B3/105</classification-symbol><class-title date-revised="2013-01-01"><title-part><CPC-specific-text><text>with additional protection for the neck </text><reference><text>protective garments for neck or shoulder area <class-ref scheme="cpc">A41D13/0512</class-ref></text></reference></CPC-specific-text></title-part></class-title></classification-item>
<classification-item breakdown-code="false" not-allocatable="false" level="10" additional-only="false" sort-key="A42B3/12" definition-exists="false" ipc-concordant="A42B3/12" c-set-base-allowed="false" c-set-subsequent-allowed="true" date-revised="2013-01-01" status="published"><classification-symbol>A42B3/12</classification-symbol><class-title date-revised="2013-01-01"><title-part><text>Cushioning devices</text></title-part></class-title>
<classification-item breakdown-code="false" not-allocatable="false" level="11" additional-only="false" sort-key="A42B3/121" definition-exists="false" ipc-concordant="A42B3/12" c-set-base-allowed="false" c-set-subsequent-allowed="true" date-revised="2013-01-01" status="published"><classification-symbol>A42B3/121</classification-symbol><class-title date-revised="2013-01-01"><title-part><CPC-specific-text><text>with at least one layer or pad containing a fluid</text></CPC-specific-text></title-part></class-title>
<classification-item breakdown-code="false" not-allocatable="false" level="12" additional-only="false" sort-key="A42B3/122" definition-exists="false" ipc-concordant="A42B3/12" c-set-base-allowed="false" c-set-subsequent-allowed="true" date-revised="2013-01-01" status="published"><classification-symbol>A42B3/122</classification-symbol><class-title date-revised="2013-01-01"><title-part><CPC-specific-text><text>inflatable</text></CPC-specific-text></title-part></class-title></classification-item></classification-item>
<classification-item breakdown-code="false" not-allocatable="false" level="11" additional-only="false" sort-key="A42B3/124" definition-exists="false" ipc-concordant="A42B3/12" c-set-base-allowed="false" c-set-subsequent-allowed="true" date-revised="2013-01-01" status="published"><classification-symbol>A42B3/124</classification-symbol><class-title date-revised="2013-01-01"><title-part><CPC-specific-text><text>with at least one corrugated or ribbed layer</text></CPC-specific-text></title-part></class-title></classification-item>
<classification-item breakdown-code="false" not-allocatable="false" level="11" additional-only="false" sort-key="A42B3/125" definition-exists="false" ipc-concordant="A42B3/12" c-set-base-allowed="false" c-set-subsequent-allowed="true" date-revised="2013-01-01" status="published"><classification-symbol>A42B3/125</classification-symbol><class-title date-revised="2013-01-01"><title-part><CPC-specific-text><text>with a padded structure, e.g. foam</text></CPC-specific-text></title-part></class-title>
<classification-item breakdown-code="false" not-allocatable="false" level="12" additional-only="false" sort-key="A42B3/127" definition-exists="false" ipc-concordant="A42B3/12" c-set-base-allowed="false" c-set-subsequent-allowed="true" date-revised="2013-01-01" status="published"><classification-symbol>A42B3/127</classification-symbol><class-title date-revised="2013-01-01"><title-part><CPC-specific-text><text>with removable or adjustable pads</text></CPC-specific-text></title-part></class-title></classification-item>
<classification-item breakdown-code="false" not-allocatable="false" level="12" additional-only="false" sort-key="A42B3/128" definition-exists="false" ipc-concordant="A42B3/12" c-set-base-allowed="false" c-set-subsequent-allowed="true" date-revised="2013-01-01" status="published"><classification-symbol>A42B3/128</classification-symbol><class-title date-revised="2013-01-01"><title-part><CPC-specific-text><text>with zones of different density</text></CPC-specific-text></title-part></class-title></classification-item></classification-item></classification-item>
<classification-item breakdown-code="false" not-allocatable="false" level="10" additional-only="false" sort-key="A42B3/14" definition-exists="false" ipc-concordant="A42B3/14" c-set-base-allowed="false" c-set-subsequent-allowed="true" date-revised="2013-01-01" status="published"><classification-symbol>A42B3/14</classification-symbol><class-title date-revised="2013-01-01"><title-part><text>Suspension devices</text></title-part></class-title>
<classification-item breakdown-code="false" not-allocatable="false" level="11" additional-only="false" sort-key="A42B3/142" definition-exists="false" ipc-concordant="A42B3/14" c-set-base-allowed="false" c-set-subsequent-allowed="true" date-revised="2013-01-01" status="published"><classification-symbol>A42B3/142</classification-symbol><class-title date-revised="2013-01-01"><title-part><CPC-specific-text><text>with restraining or stabilizing means, e.g. nape straps </text><reference><text><class-ref scheme="cpc">A42B3/085</class-ref> takes precedence</text></reference></CPC-specific-text></title-part></class-title></classification-item>
<classification-item breakdown-code="false" not-allocatable="false" level="11" additional-only="false" sort-key="A42B3/145" definition-exists="false" ipc-concordant="A42B3/14" c-set-base-allowed="false" c-set-subsequent-allowed="true" date-revised="2013-01-01" status="published"><classification-symbol>A42B3/145</classification-symbol><class-title date-revised="2013-01-01"><title-part><CPC-specific-text><text>Size adjustment devices</text></CPC-specific-text></title-part></class-title></classification-item>
<classification-item breakdown-code="false" not-allocatable="false" level="11" additional-only="false" sort-key="A42B3/147" definition-exists="false" ipc-concordant="A42B3/14" c-set-base-allowed="false" c-set-subsequent-allowed="true" date-revised="2013-01-01" status="published"><classification-symbol>A42B3/147</classification-symbol><class-title date-revised="2013-01-01"><title-part><CPC-specific-text><text>Anchoring means</text></CPC-specific-text></title-part></class-title></classification-item></classification-item></classification-item>
<classification-item breakdown-code="false" not-allocatable="false" level="9" additional-only="false" sort-key="A42B3/16" definition-exists="true" ipc-concordant="A42B3/16" c-set-base-allowed="false" c-set-subsequent-allowed="true" date-revised="2013-01-01" status="published"><classification-symbol>A42B3/16</classification-symbol><class-title date-revised="2013-01-01"><title-part><text>Ear protection devices</text></title-part></class-title>
<classification-item breakdown-code="false" not-allocatable="false" level="10" additional-only="false" sort-key="A42B3/163" definition-exists="false" ipc-concordant="A42B3/16" c-set-base-allowed="false" c-set-subsequent-allowed="true" date-revised="2013-01-01" status="published"><classification-symbol>A42B3/163</classification-symbol><class-title date-revised="2013-01-01"><title-part><CPC-specific-text><text>Wind or noise deflectors</text></CPC-specific-text></title-part></class-title></classification-item>
<classification-item breakdown-code="false" not-allocatable="false" level="10" additional-only="false" sort-key="A42B3/166" definition-exists="false" ipc-concordant="A42B3/16" c-set-base-allowed="false" c-set-subsequent-allowed="true" date-revised="2013-01-01" status="published"><classification-symbol>A42B3/166</classification-symbol><class-title date-revised="2013-01-01"><title-part><CPC-specific-text><text>Integral hearing protection</text></CPC-specific-text></title-part></class-title></classification-item></classification-item>
<classification-item breakdown-code="false" not-allocatable="false" level="9" additional-only="false" sort-key="A42B3/18" definition-exists="true" ipc-concordant="A42B3/18" c-set-base-allowed="false" c-set-subsequent-allowed="true" date-revised="2013-01-01" status="published"><classification-symbol>A42B3/18</classification-symbol><class-title date-revised="2013-01-01"><title-part><text>Face protection devices</text></title-part></class-title>
<classification-item breakdown-code="false" not-allocatable="false" level="10" additional-only="false" sort-key="A42B3/185" definition-exists="true" ipc-concordant="A42B3/18" c-set-base-allowed="false" c-set-subsequent-allowed="true" date-revised="2013-01-01" status="published"><classification-symbol>A42B3/185</classification-symbol><class-title date-revised="2013-01-01"><title-part><CPC-specific-text><text>Securing goggles or spectacles on helmet shells</text></CPC-specific-text></title-part></class-title></classification-item>
<classification-item breakdown-code="false" not-allocatable="false" level="10" additional-only="false" sort-key="A42B3/20" definition-exists="false" ipc-concordant="A42B3/20" c-set-base-allowed="false" c-set-subsequent-allowed="true" date-revised="2013-01-01" status="published"><classification-symbol>A42B3/20</classification-symbol><class-title date-revised="2013-01-01"><title-part><text>Face guards, e.g. for ice hockey </text><reference><text><class-ref scheme="cpc">A42B3/22</class-ref> takes precedence</text></reference></title-part></class-title>
<classification-item breakdown-code="false" not-allocatable="false" level="11" additional-only="false" sort-key="A42B3/205" definition-exists="false" ipc-concordant="A42B3/20" c-set-base-allowed="false" c-set-subsequent-allowed="true" date-revised="2013-01-01" status="published"><classification-symbol>A42B3/205</classification-symbol><class-title date-revised="2013-01-01"><title-part><CPC-specific-text><text>Chin protectors</text></CPC-specific-text></title-part></class-title></classification-item></classification-item>
<classification-item breakdown-code="false" not-allocatable="false" level="10" additional-only="false" sort-key="A42B3/22" definition-exists="false" ipc-concordant="A42B3/22" c-set-base-allowed="false" c-set-subsequent-allowed="true" date-revised="2013-01-01" status="published"><classification-symbol>A42B3/22</classification-symbol><class-title date-revised="2013-01-01"><title-part><text>Visors</text></title-part></class-title>
<classification-item breakdown-code="false" not-allocatable="false" level="11" additional-only="false" sort-key="A42B3/221" definition-exists="false" ipc-concordant="A42B3/22" c-set-base-allowed="false" c-set-subsequent-allowed="true" date-revised="2013-01-01" status="published"><classification-symbol>A42B3/221</classification-symbol><class-title date-revised="2013-01-01"><title-part><CPC-specific-text><text>Attaching visors to helmet shells, e.g. on motorcycle helmets</text></CPC-specific-text></title-part></class-title>
<classification-item breakdown-code="false" not-allocatable="false" level="12" additional-only="false" sort-key="A42B3/222" definition-exists="false" ipc-concordant="A42B3/22" c-set-base-allowed="false" c-set-subsequent-allowed="true" date-revised="2013-01-01" status="published"><classification-symbol>A42B3/222</classification-symbol><class-title date-revised="2013-01-01"><title-part><CPC-specific-text><text>in an articulated manner, e.g. hinge devices</text></CPC-specific-text></title-part></class-title>
<classification-item breakdown-code="false" not-allocatable="false" level="13" additional-only="false" sort-key="A42B3/223" definition-exists="false" ipc-concordant="A42B3/22" c-set-base-allowed="false" c-set-subsequent-allowed="true" date-revised="2013-01-01" status="published"><classification-symbol>A42B3/223</classification-symbol><class-title date-revised="2013-01-01"><title-part><CPC-specific-text><text>with means for locking the visor in a fully open, intermediate or closed position</text></CPC-specific-text></title-part></class-title></classification-item></classification-item>
<classification-item breakdown-code="false" not-allocatable="false" level="12" additional-only="false" sort-key="A42B3/224" definition-exists="false" ipc-concordant="A42B3/22" c-set-base-allowed="false" c-set-subsequent-allowed="true" date-revised="2013-01-01" status="published"><classification-symbol>A42B3/224</classification-symbol><class-title date-revised="2013-01-01"><title-part><CPC-specific-text><text>with electrical actuation means</text></CPC-specific-text></title-part></class-title></classification-item></classification-item>
<classification-item breakdown-code="false" not-allocatable="false" level="11" additional-only="false" sort-key="A42B3/225" definition-exists="false" ipc-concordant="A42B3/22" c-set-base-allowed="false" c-set-subsequent-allowed="true" date-revised="2013-01-01" status="published"><classification-symbol>A42B3/225</classification-symbol><class-title date-revised="2013-01-01"><title-part><CPC-specific-text><text>with full face protection, e.g. for industrial safety applications</text></CPC-specific-text></title-part></class-title></classification-item>
<classification-item breakdown-code="false" not-allocatable="false" level="11" additional-only="false" sort-key="A42B3/226" definition-exists="false" ipc-concordant="A42B3/22" c-set-base-allowed="false" c-set-subsequent-allowed="true" date-revised="2013-01-01" status="published"><classification-symbol>A42B3/226</classification-symbol><class-title date-revised="2013-01-01"><title-part><CPC-specific-text><text>with sunscreens, e.g. tinted or dual visor</text></CPC-specific-text></title-part></class-title></classification-item>
<classification-item breakdown-code="false" not-allocatable="false" level="11" additional-only="false" sort-key="A42B3/227" definition-exists="false" ipc-concordant="A42B3/22" c-set-base-allowed="false" c-set-subsequent-allowed="true" date-revised="2013-01-01" status="published"><classification-symbol>A42B3/227</classification-symbol><class-title date-revised="2013-01-01"><title-part><CPC-specific-text><text>with sun visors, e.g. peaks above face opening</text></CPC-specific-text></title-part></class-title></classification-item>
<classification-item breakdown-code="false" not-allocatable="false" level="11" additional-only="false" sort-key="A42B3/228" definition-exists="false" ipc-concordant="A42B3/22" c-set-base-allowed="false" c-set-subsequent-allowed="true" date-revised="2013-01-01" status="published"><classification-symbol>A42B3/228</classification-symbol><class-title date-revised="2013-01-01"><title-part><CPC-specific-text><text>for military or aviation applications </text><reference><text>protection helmets <class-ref scheme="cpc">F41H1/04</class-ref>; breathing masks or helmets <class-ref scheme="cpc">A62B18/00</class-ref></text></reference></CPC-specific-text></title-part></class-title></classification-item>
<classification-item breakdown-code="false" not-allocatable="false" level="11" additional-only="false" sort-key="A42B3/24" definition-exists="false" ipc-concordant="A42B3/24" c-set-base-allowed="false" c-set-subsequent-allowed="true" date-revised="2013-01-01" status="published"><classification-symbol>A42B3/24</classification-symbol><class-title date-revised="2013-01-01"><title-part><text>with means for avoiding fogging or misting</text></title-part></class-title>
<classification-item breakdown-code="false" not-allocatable="false" level="12" additional-only="false" sort-key="A42B3/245" definition-exists="false" ipc-concordant="A42B3/24" c-set-base-allowed="false" c-set-subsequent-allowed="true" date-revised="2013-01-01" status="published"><classification-symbol>A42B3/245</classification-symbol><class-title date-revised="2013-01-01"><title-part><CPC-specific-text><text>using means for heating, e.g. electric heating of the visor</text></CPC-specific-text></title-part></class-title></classification-item></classification-item>
<classification-item breakdown-code="false" not-allocatable="false" level="11" additional-only="false" sort-key="A42B3/26" definition-exists="false" ipc-concordant="A42B3/26" c-set-base-allowed="false" c-set-subsequent-allowed="true" date-revised="2017-08-01" status="published"><classification-symbol>A42B3/26</classification-symbol><class-title date-revised="2017-08-01"><title-part><text>with cleaning means, e.g. wipers </text><CPC-specific-text><text>; Movable or interchangeable vision films or sheets</text></CPC-specific-text></title-part></class-title></classification-item></classification-item></classification-item>
<classification-item breakdown-code="false" not-allocatable="false" level="9" additional-only="false" sort-key="A42B3/28" definition-exists="false" ipc-concordant="A42B3/28" c-set-base-allowed="false" c-set-subsequent-allowed="true" date-revised="2013-01-01" status="published"><classification-symbol>A42B3/28</classification-symbol><class-title date-revised="2013-01-01"><title-part><text>Ventilating arrangements </text><reference><text><class-ref scheme="cpc">A42B3/24</class-ref> takes precedence</text></reference></title-part></class-title>
<classification-item breakdown-code="false" not-allocatable="false" level="10" additional-only="false" sort-key="A42B3/281" definition-exists="false" ipc-concordant="A42B3/28" c-set-base-allowed="false" c-set-subsequent-allowed="true" date-revised="2013-01-01" status="published"><classification-symbol>A42B3/281</classification-symbol><class-title date-revised="2013-01-01"><title-part><CPC-specific-text><text>Air ducting systems</text></CPC-specific-text></title-part></class-title>
<classification-item breakdown-code="false" not-allocatable="false" level="11" additional-only="false" sort-key="A42B3/283" definition-exists="false" ipc-concordant="A42B3/28" c-set-base-allowed="false" c-set-subsequent-allowed="true" date-revised="2013-01-01" status="published"><classification-symbol>A42B3/283</classification-symbol><class-title date-revised="2013-01-01"><title-part><CPC-specific-text><text>Air inlets or outlets, with or without closure shutters</text></CPC-specific-text></title-part></class-title></classification-item></classification-item>
<classification-item breakdown-code="false" not-allocatable="false" level="10" additional-only="false" sort-key="A42B3/285" definition-exists="false" ipc-concordant="A42B3/28" c-set-base-allowed="false" c-set-subsequent-allowed="true" date-revised="2013-01-01" status="published"><classification-symbol>A42B3/285</classification-symbol><class-title date-revised="2013-01-01"><title-part><CPC-specific-text><text>with additional heating or cooling means</text></CPC-specific-text></title-part></class-title></classification-item>
<classification-item breakdown-code="false" not-allocatable="false" level="10" additional-only="false" sort-key="A42B3/286" definition-exists="false" ipc-concordant="A42B3/28" c-set-base-allowed="false" c-set-subsequent-allowed="true" date-revised="2013-01-01" status="published"><classification-symbol>A42B3/286</classification-symbol><class-title date-revised="2013-01-01"><title-part><CPC-specific-text><text>with forced flow, e.g. by a fan</text></CPC-specific-text></title-part></class-title></classification-item>
<classification-item breakdown-code="false" not-allocatable="false" level="10" additional-only="false" sort-key="A42B3/288" definition-exists="false" ipc-concordant="A42B3/28" c-set-base-allowed="false" c-set-subsequent-allowed="true" date-revised="2013-01-01" status="published"><classification-symbol>A42B3/288</classification-symbol><class-title date-revised="2013-01-01"><title-part><CPC-specific-text><text>with means for attaching respirators or breathing masks</text></CPC-specific-text></title-part></class-title></classification-item></classification-item>
<classification-item breakdown-code="false" not-allocatable="false" level="9" additional-only="false" sort-key="A42B3/30" definition-exists="true" ipc-concordant="A42B3/30" c-set-base-allowed="false" c-set-subsequent-allowed="true" date-revised="2013-01-01" status="published"><classification-symbol>A42B3/30</classification-symbol><class-title date-revised="2013-01-01"><title-part><text>Mounting radio sets or communication systems </text><reference><text>methods or devices for transmitting, conducting or directing sound <class-ref scheme="cpc">G10K11/18</class-ref>; electric communication technique <class-ref scheme="cpc">H04</class-ref></text></reference></title-part></class-title>
<classification-item breakdown-code="false" not-allocatable="false" level="10" additional-only="false" sort-key="A42B3/303" definition-exists="false" ipc-concordant="A42B3/30" c-set-base-allowed="false" c-set-subsequent-allowed="true" date-revised="2013-01-01" status="published"><classification-symbol>A42B3/303</classification-symbol><class-title date-revised="2013-01-01"><title-part><CPC-specific-text><text>Communication between riders or passengers</text></CPC-specific-text></title-part></class-title></classification-item>
<classification-item breakdown-code="false" not-allocatable="false" level="10" additional-only="false" sort-key="A42B3/306" definition-exists="false" ipc-concordant="A42B3/30" c-set-base-allowed="false" c-set-subsequent-allowed="true" date-revised="2013-01-01" status="published"><classification-symbol>A42B3/306</classification-symbol><class-title date-revised="2013-01-01"><title-part><CPC-specific-text><text>Audio entertainment systems</text></CPC-specific-text></title-part></class-title></classification-item></classification-item></classification-item>
<classification-item breakdown-code="false" not-allocatable="false" level="8" additional-only="false" sort-key="A42B3/32" definition-exists="false" ipc-concordant="A42B3/32" c-set-base-allowed="false" c-set-subsequent-allowed="true" date-revised="2017-08-01" status="published"><classification-symbol>A42B3/32</classification-symbol><class-title date-revised="2017-08-01"><title-part><text>Collapsible helmets</text></title-part><title-part><text>Helmets made of separable parts </text><reference><text><class-ref scheme="cpc">A42B3/04</class-ref> takes precedence</text></reference><CPC-specific-text><text>; Helmets with movable parts, e.g. adjustable</text></CPC-specific-text></title-part></class-title>
<classification-item breakdown-code="false" not-allocatable="false" level="9" additional-only="false" sort-key="A42B3/322" definition-exists="false" ipc-concordant="A42B3/32" c-set-base-allowed="false" c-set-subsequent-allowed="true" date-revised="2013-01-01" status="published"><classification-symbol>A42B3/322</classification-symbol><class-title date-revised="2013-01-01"><title-part><CPC-specific-text><text>Collapsible helmets</text></CPC-specific-text></title-part></class-title></classification-item>
<classification-item breakdown-code="false" not-allocatable="false" level="9" additional-only="false" sort-key="A42B3/324" definition-exists="false" ipc-concordant="A42B3/32" c-set-base-allowed="false" c-set-subsequent-allowed="true" date-revised="2013-01-01" status="published"><classification-symbol>A42B3/324</classification-symbol><class-title date-revised="2013-01-01"><title-part><CPC-specific-text><text>Adjustable helmets</text></CPC-specific-text></title-part></class-title></classification-item>
<classification-item breakdown-code="false" not-allocatable="false" level="9" additional-only="false" sort-key="A42B3/326" definition-exists="false" ipc-concordant="A42B3/32" c-set-base-allowed="false" c-set-subsequent-allowed="true" date-revised="2013-01-01" status="published"><classification-symbol>A42B3/326</classification-symbol><class-title date-revised="2013-01-01"><title-part><CPC-specific-text><text>Helmets with movable or separable chin or jaw guard</text></CPC-specific-text></title-part></class-title></classification-item>
<classification-item breakdown-code="false" not-allocatable="false" level="9" additional-only="false" sort-key="A42B3/328" definition-exists="false" ipc-concordant="A42B3/32" c-set-base-allowed="false" c-set-subsequent-allowed="true" date-revised="2013-01-01" status="published"><classification-symbol>A42B3/328</classification-symbol><class-title date-revised="2013-01-01"><title-part><CPC-specific-text><text>with means to facilitate removal, e.g. after an accident</text></CPC-specific-text></title-part></class-title></classification-item></classification-item></classification-item>
<classification-item breakdown-code="false" not-allocatable="false" level="7" additional-only="false" sort-key="A42B5/00" definition-exists="false" ipc-concordant="A42B5/00" c-set-base-allowed="false" c-set-subsequent-allowed="true" date-revised="2013-01-01" status="published"><classification-symbol>A42B5/00</classification-symbol><class-title date-revised="2013-01-01"><title-part><text>Veils</text></title-part><title-part><text>Holders for veils</text></title-part></class-title></classification-item>
<classification-item breakdown-code="false" not-allocatable="false" level="7" additional-only="false" sort-key="A42B7/00" definition-exists="true" ipc-concordant="A42B7/00" c-set-base-allowed="false" c-set-subsequent-allowed="true" date-revised="2013-01-01" status="published"><classification-symbol>A42B7/00</classification-symbol><class-title date-revised="2013-01-01"><title-part><text>Fastening means for head coverings</text></title-part><title-part><text>Elastic cords</text></title-part><title-part><text>Ladies&apos; hat fasteners </text><reference><text>hat-pins <class-ref scheme="cpc">A44B9/06</class-ref></text></reference></title-part></class-title></classification-item></classification-item></classification-item></class-scheme>