<?xml version="1.0" encoding="UTF-8"?>
<class-scheme publication-date="2018-02-01" scheme-type="cpc" publication-type="official">
<classification-item breakdown-code="false" not-allocatable="true" level="5" additional-only="false" sort-key="A46D" definition-exists="true" date-revised="2013-01-01" status="published"><classification-symbol>A46D</classification-symbol><class-title date-revised="2013-01-01"><title-part><text>MANUFACTURE OF BRUSHES</text></title-part></class-title>
<classification-item breakdown-code="false" not-allocatable="true" level="6" additional-only="false" sort-key="A46D1/00" date-revised="2013-01-01" status="published"><classification-symbol>A46D1/00</classification-symbol>
<classification-item breakdown-code="false" not-allocatable="false" level="7" additional-only="false" sort-key="A46D1/00" definition-exists="true" ipc-concordant="A46D1/00" c-set-base-allowed="false" c-set-subsequent-allowed="true" date-revised="2013-01-01" status="published"><classification-symbol>A46D1/00</classification-symbol><class-title date-revised="2013-01-01"><title-part><text>Bristles</text></title-part><title-part><text>Selection of materials for bristles </text><reference><text>making artificial bristles <class-ref scheme="cpc">D01D</class-ref>, <class-ref scheme="cpc">D01F</class-ref></text></reference></title-part></class-title>
<classification-item breakdown-code="false" not-allocatable="false" level="8" additional-only="false" sort-key="A46D1/003" definition-exists="false" ipc-concordant="A46D1/00" c-set-base-allowed="false" c-set-subsequent-allowed="true" date-revised="2013-01-01" status="published"><classification-symbol>A46D1/003</classification-symbol><class-title date-revised="2013-01-01"><title-part><CPC-specific-text><text>Testing of brushes</text></CPC-specific-text></title-part></class-title></classification-item>
<classification-item breakdown-code="false" not-allocatable="false" level="8" additional-only="false" sort-key="A46D1/006" definition-exists="false" ipc-concordant="A46D1/00" c-set-base-allowed="false" c-set-subsequent-allowed="true" date-revised="2013-01-01" status="published"><classification-symbol>A46D1/006</classification-symbol><class-title date-revised="2013-01-01"><title-part><CPC-specific-text><text>Antimicrobial, disinfectant bristles, handle, bristle-carrier or packaging</text></CPC-specific-text></title-part></class-title></classification-item>
<classification-item breakdown-code="false" not-allocatable="false" level="8" additional-only="false" sort-key="A46D1/02" definition-exists="false" ipc-concordant="A46D1/00" c-set-base-allowed="false" c-set-subsequent-allowed="true" date-revised="2013-01-01" status="published"><classification-symbol>A46D1/02</classification-symbol><class-title date-revised="2013-01-01"><title-part><CPC-specific-text><text>Bristles details</text></CPC-specific-text></title-part></class-title>
<classification-item breakdown-code="false" not-allocatable="false" level="9" additional-only="false" sort-key="A46D1/0207" definition-exists="false" ipc-concordant="A46D1/00" c-set-base-allowed="false" c-set-subsequent-allowed="true" date-revised="2016-08-01" status="published"><classification-symbol>A46D1/0207</classification-symbol><class-title date-revised="2016-08-01"><title-part><CPC-specific-text><text>Bristles characterised by the choice of material, e.g. metal</text></CPC-specific-text></title-part></class-title></classification-item>
<classification-item breakdown-code="false" not-allocatable="false" level="9" additional-only="false" sort-key="A46D1/0215" definition-exists="false" ipc-concordant="A46D1/00" c-set-base-allowed="false" c-set-subsequent-allowed="true" date-revised="2013-01-01" status="published"><classification-symbol>A46D1/0215</classification-symbol><class-title date-revised="2013-01-01"><title-part><CPC-specific-text><text>Bristles characterised by the material being biodegradable</text></CPC-specific-text></title-part></class-title></classification-item>
<classification-item breakdown-code="false" not-allocatable="false" level="9" additional-only="false" sort-key="A46D1/0223" definition-exists="false" ipc-concordant="A46D1/00" c-set-base-allowed="false" c-set-subsequent-allowed="true" date-revised="2013-01-01" status="published"><classification-symbol>A46D1/0223</classification-symbol><class-title date-revised="2013-01-01"><title-part><CPC-specific-text><text>Bristles characterised by being electrostatically charged</text></CPC-specific-text></title-part></class-title></classification-item>
<classification-item breakdown-code="false" not-allocatable="false" level="9" additional-only="false" sort-key="A46D1/023" definition-exists="false" ipc-concordant="A46D1/00" c-set-base-allowed="false" c-set-subsequent-allowed="true" date-revised="2013-01-01" status="published"><classification-symbol>A46D1/023</classification-symbol><class-title date-revised="2013-01-01"><title-part><CPC-specific-text><text>Bristles with at least a core and at least a partial sheath</text></CPC-specific-text></title-part></class-title></classification-item>
<classification-item breakdown-code="false" not-allocatable="false" level="9" additional-only="false" sort-key="A46D1/0238" definition-exists="false" ipc-concordant="A46D1/00" c-set-base-allowed="false" c-set-subsequent-allowed="true" date-revised="2013-01-01" status="published"><classification-symbol>A46D1/0238</classification-symbol><class-title date-revised="2013-01-01"><title-part><CPC-specific-text><text>Bristles with non-round cross-section</text></CPC-specific-text></title-part></class-title></classification-item>
<classification-item breakdown-code="false" not-allocatable="false" level="9" additional-only="false" sort-key="A46D1/0246" definition-exists="false" ipc-concordant="A46D1/00" c-set-base-allowed="false" c-set-subsequent-allowed="true" date-revised="2013-01-01" status="published"><classification-symbol>A46D1/0246</classification-symbol><class-title date-revised="2013-01-01"><title-part><CPC-specific-text><text>Hollow bristles</text></CPC-specific-text></title-part></class-title></classification-item>
<classification-item breakdown-code="false" not-allocatable="false" level="9" additional-only="false" sort-key="A46D1/0253" definition-exists="false" ipc-concordant="A46D1/00" c-set-base-allowed="false" c-set-subsequent-allowed="true" date-revised="2016-08-01" status="published"><classification-symbol>A46D1/0253</classification-symbol><class-title date-revised="2016-08-01"><title-part><CPC-specific-text><text>Bristles having a shape which is not a straight line, e.g. curved, &quot;S&quot;, hook, loop</text></CPC-specific-text></title-part></class-title></classification-item>
<classification-item breakdown-code="false" not-allocatable="false" level="9" additional-only="false" sort-key="A46D1/0261" definition-exists="false" ipc-concordant="A46D1/00" c-set-base-allowed="false" c-set-subsequent-allowed="true" date-revised="2013-01-01" status="published"><classification-symbol>A46D1/0261</classification-symbol><class-title date-revised="2013-01-01"><title-part><CPC-specific-text><text>Roughness structure on the bristle surface</text></CPC-specific-text></title-part></class-title></classification-item>
<classification-item breakdown-code="false" not-allocatable="false" level="9" additional-only="false" sort-key="A46D1/0269" definition-exists="false" ipc-concordant="A46D1/00" c-set-base-allowed="false" c-set-subsequent-allowed="true" date-revised="2013-01-01" status="published"><classification-symbol>A46D1/0269</classification-symbol><class-title date-revised="2013-01-01"><title-part><CPC-specific-text><text>Monofilament bristles</text></CPC-specific-text></title-part></class-title></classification-item>
<classification-item breakdown-code="false" not-allocatable="false" level="9" additional-only="false" sort-key="A46D1/0276" definition-exists="false" ipc-concordant="A46D1/00" c-set-base-allowed="false" c-set-subsequent-allowed="true" date-revised="2013-01-01" status="published"><classification-symbol>A46D1/0276</classification-symbol><class-title date-revised="2013-01-01"><title-part><CPC-specific-text><text>Bristles having pointed ends</text></CPC-specific-text></title-part></class-title></classification-item>
<classification-item breakdown-code="false" not-allocatable="false" level="9" additional-only="false" sort-key="A46D1/0284" definition-exists="false" ipc-concordant="A46D1/00" c-set-base-allowed="false" c-set-subsequent-allowed="true" date-revised="2013-01-01" status="published"><classification-symbol>A46D1/0284</classification-symbol><class-title date-revised="2013-01-01"><title-part><CPC-specific-text><text>Bristles having rounded ends</text></CPC-specific-text></title-part></class-title></classification-item>
<classification-item breakdown-code="false" not-allocatable="false" level="9" additional-only="false" sort-key="A46D1/0292" definition-exists="false" ipc-concordant="A46D1/00" c-set-base-allowed="false" c-set-subsequent-allowed="true" date-revised="2013-01-01" status="published"><classification-symbol>A46D1/0292</classification-symbol><class-title date-revised="2013-01-01"><title-part><CPC-specific-text><text>Bristles having split ends</text></CPC-specific-text></title-part></class-title></classification-item></classification-item>
<classification-item breakdown-code="false" not-allocatable="false" level="8" additional-only="false" sort-key="A46D1/04" definition-exists="false" ipc-concordant="A46D1/04" c-set-base-allowed="false" c-set-subsequent-allowed="true" date-revised="2013-01-01" status="published"><classification-symbol>A46D1/04</classification-symbol><class-title date-revised="2013-01-01"><title-part><text>Preparing bristles</text></title-part></class-title>
<classification-item breakdown-code="false" not-allocatable="false" level="9" additional-only="false" sort-key="A46D1/045" definition-exists="false" ipc-concordant="A46D1/045" c-set-base-allowed="false" c-set-subsequent-allowed="true" date-revised="2013-01-01" status="published"><classification-symbol>A46D1/045</classification-symbol><class-title date-revised="2013-01-01"><title-part><text>Cleaning, e.g. washing, drying</text></title-part></class-title></classification-item>
<classification-item breakdown-code="false" not-allocatable="false" level="9" additional-only="false" sort-key="A46D1/05" definition-exists="false" ipc-concordant="A46D1/05" c-set-base-allowed="false" c-set-subsequent-allowed="true" date-revised="2013-01-01" status="published"><classification-symbol>A46D1/05</classification-symbol><class-title date-revised="2013-01-01"><title-part><text>Splitting</text></title-part><title-part><text>Pointing</text></title-part></class-title></classification-item>
<classification-item breakdown-code="false" not-allocatable="false" level="9" additional-only="false" sort-key="A46D1/055" definition-exists="false" ipc-concordant="A46D1/055" c-set-base-allowed="false" c-set-subsequent-allowed="true" date-revised="2013-01-01" status="published"><classification-symbol>A46D1/055</classification-symbol><class-title date-revised="2013-01-01"><title-part><text>Combing</text></title-part><title-part><text>Mixing</text></title-part><title-part><text>Sorting</text></title-part></class-title></classification-item>
<classification-item breakdown-code="false" not-allocatable="false" level="9" additional-only="false" sort-key="A46D1/06" definition-exists="false" ipc-concordant="A46D1/06" c-set-base-allowed="false" c-set-subsequent-allowed="true" date-revised="2013-01-01" status="published"><classification-symbol>A46D1/06</classification-symbol><class-title date-revised="2013-01-01"><title-part><text>Machines or apparatus for cutting bristles</text></title-part></class-title></classification-item></classification-item>
<classification-item breakdown-code="false" not-allocatable="false" level="8" additional-only="false" sort-key="A46D1/08" definition-exists="false" ipc-concordant="A46D1/08" c-set-base-allowed="false" c-set-subsequent-allowed="true" date-revised="2013-01-01" status="published"><classification-symbol>A46D1/08</classification-symbol><class-title date-revised="2013-01-01"><title-part><text>Preparing uniform tufts of bristles</text></title-part></class-title></classification-item>
<classification-item breakdown-code="false" not-allocatable="false" level="8" additional-only="false" sort-key="A46D1/10" definition-exists="false" ipc-concordant="A46D1/10" c-set-base-allowed="false" c-set-subsequent-allowed="true" date-revised="2013-01-01" status="published"><classification-symbol>A46D1/10</classification-symbol><class-title date-revised="2013-01-01"><title-part><text>Vibrating devices for arranging bristles</text></title-part></class-title></classification-item></classification-item>
<classification-item breakdown-code="false" not-allocatable="false" level="7" additional-only="false" sort-key="A46D3/00" definition-exists="true" ipc-concordant="A46D3/00" c-set-base-allowed="false" c-set-subsequent-allowed="true" date-revised="2013-01-01" status="published"><classification-symbol>A46D3/00</classification-symbol><class-title date-revised="2013-01-01"><title-part><text>Preparing, </text><CPC-specific-text><text>i.e. Manufacturing</text></CPC-specific-text><text> brush bodies</text></title-part></class-title>
<classification-item breakdown-code="false" not-allocatable="false" level="8" additional-only="false" sort-key="A46D3/005" definition-exists="true" ipc-concordant="A46D3/00" c-set-base-allowed="false" c-set-subsequent-allowed="true" date-revised="2013-01-01" status="published"><classification-symbol>A46D3/005</classification-symbol><class-title date-revised="2013-01-01"><title-part><CPC-specific-text><text>by moulding or casting a body around bristles or tufts of bristles</text></CPC-specific-text></title-part></class-title></classification-item>
<classification-item breakdown-code="false" not-allocatable="false" level="8" additional-only="false" sort-key="A46D3/02" definition-exists="false" ipc-concordant="A46D3/02" c-set-base-allowed="false" c-set-subsequent-allowed="true" date-revised="2013-01-01" status="published"><classification-symbol>A46D3/02</classification-symbol><class-title date-revised="2013-01-01"><title-part><text>Machines for drilling bodies</text></title-part></class-title></classification-item>
<classification-item breakdown-code="false" not-allocatable="false" level="8" additional-only="false" sort-key="A46D3/04" definition-exists="false" ipc-concordant="A46D3/04" c-set-base-allowed="false" c-set-subsequent-allowed="true" date-revised="2013-01-01" status="published"><classification-symbol>A46D3/04</classification-symbol><class-title date-revised="2013-01-01"><title-part><text>Machines for inserting or fixing bristles in bodies</text></title-part></class-title>
<classification-item breakdown-code="false" not-allocatable="false" level="9" additional-only="false" sort-key="A46D3/042" definition-exists="false" ipc-concordant="A46D3/04" c-set-base-allowed="false" c-set-subsequent-allowed="true" date-revised="2013-01-01" status="published"><classification-symbol>A46D3/042</classification-symbol><class-title date-revised="2013-01-01"><title-part><CPC-specific-text><text>for fixing bristles using an anchor or staple</text></CPC-specific-text></title-part></class-title></classification-item>
<classification-item breakdown-code="false" not-allocatable="false" level="9" additional-only="false" sort-key="A46D3/045" definition-exists="false" ipc-concordant="A46D3/04" c-set-base-allowed="false" c-set-subsequent-allowed="true" date-revised="2013-01-01" status="published"><classification-symbol>A46D3/045</classification-symbol><class-title date-revised="2013-01-01"><title-part><CPC-specific-text><text>for fixing bristles by fusing or gluing to a body</text></CPC-specific-text></title-part></class-title></classification-item>
<classification-item breakdown-code="false" not-allocatable="false" level="9" additional-only="false" sort-key="A46D3/047" definition-exists="false" ipc-concordant="A46D3/04" c-set-base-allowed="false" c-set-subsequent-allowed="true" date-revised="2013-01-01" status="published"><classification-symbol>A46D3/047</classification-symbol><class-title date-revised="2013-01-01"><title-part><CPC-specific-text><text>for clamping or gluing bristles into rings, e.g. paint brushes, brooms</text></CPC-specific-text></title-part></class-title></classification-item>
<classification-item breakdown-code="false" not-allocatable="false" level="9" additional-only="false" sort-key="A46D3/05" definition-exists="false" ipc-concordant="A46D3/05" c-set-base-allowed="false" c-set-subsequent-allowed="true" date-revised="2013-01-01" status="published"><classification-symbol>A46D3/05</classification-symbol><class-title date-revised="2013-01-01"><title-part><text>for fixing the bristles between wires, tapes, or the like</text></title-part></class-title></classification-item></classification-item>
<classification-item breakdown-code="false" not-allocatable="false" level="8" additional-only="false" sort-key="A46D3/06" definition-exists="false" ipc-concordant="A46D3/06" c-set-base-allowed="false" c-set-subsequent-allowed="true" date-revised="2013-01-01" status="published"><classification-symbol>A46D3/06</classification-symbol><class-title date-revised="2013-01-01"><title-part><text>Machines for both drilling bodies and inserting bristles</text></title-part></class-title>
<classification-item breakdown-code="false" not-allocatable="false" level="9" additional-only="false" sort-key="A46D3/062" definition-exists="true" ipc-concordant="A46D3/06" c-set-base-allowed="false" c-set-subsequent-allowed="true" date-revised="2013-01-01" status="published"><classification-symbol>A46D3/062</classification-symbol><class-title date-revised="2013-01-01"><title-part><CPC-specific-text><text>of the carousel or drum type </text><reference><text><class-ref scheme="cpc">A46D3/067</class-ref> takes precedence</text></reference></CPC-specific-text></title-part></class-title></classification-item>
<classification-item breakdown-code="false" not-allocatable="false" level="9" additional-only="false" sort-key="A46D3/065" definition-exists="true" ipc-concordant="A46D3/06" c-set-base-allowed="false" c-set-subsequent-allowed="true" date-revised="2013-01-01" status="published"><classification-symbol>A46D3/065</classification-symbol><class-title date-revised="2013-01-01"><title-part><CPC-specific-text><text>of the belt or chain type </text><reference><text><class-ref scheme="cpc">A46D3/067</class-ref> takes precedence</text></reference></CPC-specific-text></title-part></class-title></classification-item>
<classification-item breakdown-code="false" not-allocatable="false" level="9" additional-only="false" sort-key="A46D3/067" definition-exists="false" ipc-concordant="A46D3/06" c-set-base-allowed="false" c-set-subsequent-allowed="true" date-revised="2013-01-01" status="published"><classification-symbol>A46D3/067</classification-symbol><class-title date-revised="2013-01-01"><title-part><CPC-specific-text><text>featuring simultaneous pivoting of bodies for drilling and filling</text></CPC-specific-text></title-part></class-title></classification-item></classification-item>
<classification-item breakdown-code="false" not-allocatable="false" level="8" additional-only="false" sort-key="A46D3/08" definition-exists="false" ipc-concordant="A46D3/08" c-set-base-allowed="false" c-set-subsequent-allowed="true" date-revised="2013-01-01" status="published"><classification-symbol>A46D3/08</classification-symbol><class-title date-revised="2013-01-01"><title-part><text>Parts of brush-making machines</text></title-part></class-title>
<classification-item breakdown-code="false" not-allocatable="false" level="9" additional-only="false" sort-key="A46D3/082" definition-exists="false" ipc-concordant="A46D3/08" c-set-base-allowed="false" c-set-subsequent-allowed="true" date-revised="2013-01-01" status="published"><classification-symbol>A46D3/082</classification-symbol><class-title date-revised="2013-01-01"><title-part><CPC-specific-text><text>Magazines for bristles; Feeding bristles to magazines; Knot picking</text></CPC-specific-text></title-part></class-title></classification-item>
<classification-item breakdown-code="false" not-allocatable="false" level="9" additional-only="false" sort-key="A46D3/085" definition-exists="false" ipc-concordant="A46D3/08" c-set-base-allowed="false" c-set-subsequent-allowed="true" date-revised="2013-01-01" status="published"><classification-symbol>A46D3/085</classification-symbol><class-title date-revised="2013-01-01"><title-part><CPC-specific-text><text>Magazines for brush bodies; Feeding bodies</text></CPC-specific-text></title-part></class-title></classification-item>
<classification-item breakdown-code="false" not-allocatable="false" level="9" additional-only="false" sort-key="A46D3/087" definition-exists="false" ipc-concordant="A46D3/08" c-set-base-allowed="false" c-set-subsequent-allowed="true" date-revised="2013-01-01" status="published"><classification-symbol>A46D3/087</classification-symbol><class-title date-revised="2013-01-01"><title-part><CPC-specific-text><text>Holders or supports for brush bodies</text></CPC-specific-text></title-part></class-title></classification-item></classification-item></classification-item>
<classification-item breakdown-code="false" not-allocatable="false" level="7" additional-only="false" sort-key="A46D5/00" definition-exists="false" ipc-concordant="A46D5/00" c-set-base-allowed="false" c-set-subsequent-allowed="true" date-revised="2013-01-01" status="published"><classification-symbol>A46D5/00</classification-symbol><class-title date-revised="2013-01-01"><title-part><text>Devices for preparing quills for use as carriers for bristles</text></title-part></class-title></classification-item>
<classification-item breakdown-code="false" not-allocatable="false" level="7" additional-only="false" sort-key="A46D7/00" definition-exists="true" ipc-concordant="A46D7/00" c-set-base-allowed="false" c-set-subsequent-allowed="true" date-revised="2013-01-01" status="published"><classification-symbol>A46D7/00</classification-symbol><class-title date-revised="2013-01-01"><title-part><text>Pressing devices for making brooms composed of brushwood or the like</text></title-part></class-title></classification-item>
<classification-item breakdown-code="false" not-allocatable="false" level="7" additional-only="false" sort-key="A46D9/00" definition-exists="true" ipc-concordant="A46D9/00" c-set-base-allowed="false" c-set-subsequent-allowed="true" date-revised="2013-01-01" status="published"><classification-symbol>A46D9/00</classification-symbol><class-title date-revised="2013-01-01"><title-part><text>Machines for finishing brushes </text><CPC-specific-text><reference><text><class-ref scheme="cpc">A46D1/00</class-ref> and <class-ref scheme="cpc">A46D3/00</class-ref> take precedence</text></reference></CPC-specific-text></title-part></class-title>
<classification-item breakdown-code="false" not-allocatable="false" level="8" additional-only="false" sort-key="A46D9/02" definition-exists="false" ipc-concordant="A46D9/02" c-set-base-allowed="false" c-set-subsequent-allowed="true" date-revised="2013-01-01" status="published"><classification-symbol>A46D9/02</classification-symbol><class-title date-revised="2013-01-01"><title-part><text>Cutting</text></title-part><title-part><text>Trimming</text></title-part></class-title>
<classification-item breakdown-code="false" not-allocatable="false" level="9" additional-only="false" sort-key="A46D9/025" definition-exists="false" ipc-concordant="A46D9/02" c-set-base-allowed="false" c-set-subsequent-allowed="true" date-revised="2013-01-01" status="published"><classification-symbol>A46D9/025</classification-symbol><class-title date-revised="2013-01-01"><title-part><CPC-specific-text><text>Deflecting parts of the bristle field in order to trim the rest</text></CPC-specific-text></title-part></class-title></classification-item></classification-item>
<classification-item breakdown-code="false" not-allocatable="false" level="8" additional-only="false" sort-key="A46D9/04" definition-exists="false" ipc-concordant="A46D9/04" c-set-base-allowed="false" c-set-subsequent-allowed="true" date-revised="2013-01-01" status="published"><classification-symbol>A46D9/04</classification-symbol><class-title date-revised="2013-01-01"><title-part><text>Cleaning</text></title-part></class-title></classification-item>
<classification-item breakdown-code="false" not-allocatable="false" level="8" additional-only="false" sort-key="A46D9/06" definition-exists="false" ipc-concordant="A46D9/06" c-set-base-allowed="false" c-set-subsequent-allowed="true" date-revised="2013-01-01" status="published"><classification-symbol>A46D9/06</classification-symbol><class-title date-revised="2013-01-01"><title-part><text>Impregnating</text></title-part></class-title></classification-item></classification-item>
<classification-item breakdown-code="false" not-allocatable="false" level="7" additional-only="false" sort-key="A46D99/00" definition-exists="false" ipc-concordant="A46D99/00" c-set-base-allowed="false" c-set-subsequent-allowed="true" date-revised="2013-01-01" status="published"><classification-symbol>A46D99/00</classification-symbol><class-title date-revised="2013-01-01"><title-part><text>Subject matter not provided for in other groups of this subclass</text></title-part></class-title></classification-item></classification-item></classification-item></class-scheme>