<?xml version="1.0" encoding="UTF-8"?>
<class-scheme publication-date="2018-02-01" scheme-type="cpc" publication-type="official">
<classification-item breakdown-code="false" not-allocatable="true" level="5" additional-only="false" sort-key="A24C" definition-exists="true" date-revised="2013-01-01" status="published"><classification-symbol>A24C</classification-symbol><class-title date-revised="2013-01-01"><title-part><text>MACHINES FOR MAKING CIGARS OR CIGARETTES</text></title-part></class-title>
<classification-item breakdown-code="false" not-allocatable="true" level="6" additional-only="false" sort-key="A24C1/00" date-revised="2013-01-01" status="published"><classification-symbol>A24C1/00</classification-symbol><class-title date-revised="2013-01-01"><title-part><text>Making cigars</text></title-part></class-title>
<classification-item breakdown-code="false" not-allocatable="false" level="7" additional-only="false" sort-key="A24C1/00" definition-exists="true" ipc-concordant="A24C1/00" c-set-base-allowed="false" c-set-subsequent-allowed="true" date-revised="2013-01-01" status="published"><classification-symbol>A24C1/00</classification-symbol><class-title date-revised="2013-01-01"><title-part><text>Elements of cigar manufacture </text><reference><text>combinations of two or more elements of cigar manufacture <class-ref scheme="cpc">A24C3/00</class-ref>; attaching or incorporating filters or mouthpieces <class-ref scheme="cpc">A24C5/47</class-ref>, <class-ref scheme="cpc">A24C5/52</class-ref>; cutting machines in general <class-ref scheme="cpc">B26D</class-ref></text></reference></title-part></class-title>
<classification-item breakdown-code="false" not-allocatable="false" level="8" additional-only="false" sort-key="A24C1/02" definition-exists="false" ipc-concordant="A24C1/02" c-set-base-allowed="false" c-set-subsequent-allowed="true" date-revised="2013-01-01" status="published"><classification-symbol>A24C1/02</classification-symbol><class-title date-revised="2013-01-01"><title-part><text>Tobacco-feeding devices with or without means for dividing the tobacco into measured quantities</text></title-part></class-title></classification-item>
<classification-item breakdown-code="false" not-allocatable="false" level="8" additional-only="false" sort-key="A24C1/04" definition-exists="false" ipc-concordant="A24C1/04" c-set-base-allowed="false" c-set-subsequent-allowed="true" date-revised="2013-01-01" status="published"><classification-symbol>A24C1/04</classification-symbol><class-title date-revised="2013-01-01"><title-part><text>Devices for cutting cigar binders or wrappers</text></title-part></class-title>
<classification-item breakdown-code="false" not-allocatable="false" level="9" additional-only="false" sort-key="A24C1/045" definition-exists="false" ipc-concordant="A24C1/04" c-set-base-allowed="false" c-set-subsequent-allowed="true" date-revised="2013-01-01" status="published"><classification-symbol>A24C1/045</classification-symbol><class-title date-revised="2013-01-01"><title-part><CPC-specific-text><text>Safety devices therefor</text></CPC-specific-text></title-part></class-title></classification-item></classification-item>
<classification-item breakdown-code="false" not-allocatable="false" level="8" additional-only="false" sort-key="A24C1/08" definition-exists="false" ipc-concordant="A24C1/08" c-set-base-allowed="false" c-set-subsequent-allowed="true" date-revised="2013-01-01" status="published"><classification-symbol>A24C1/08</classification-symbol><class-title date-revised="2013-01-01"><title-part><text>Making tobacco bunches</text></title-part></class-title>
<classification-item breakdown-code="false" not-allocatable="false" level="9" additional-only="false" sort-key="A24C1/10" definition-exists="false" ipc-concordant="A24C1/10" c-set-base-allowed="false" c-set-subsequent-allowed="true" date-revised="2013-01-01" status="published"><classification-symbol>A24C1/10</classification-symbol><class-title date-revised="2013-01-01"><title-part><text>Bunch-making machines with aprons and tables for wrapping</text></title-part></class-title></classification-item>
<classification-item breakdown-code="false" not-allocatable="false" level="9" additional-only="false" sort-key="A24C1/12" definition-exists="false" ipc-concordant="A24C1/12" c-set-base-allowed="false" c-set-subsequent-allowed="true" date-revised="2013-01-01" status="published"><classification-symbol>A24C1/12</classification-symbol><class-title date-revised="2013-01-01"><title-part><text>Bunch-making machines with wrapping rollers</text></title-part></class-title></classification-item>
<classification-item breakdown-code="false" not-allocatable="false" level="9" additional-only="false" sort-key="A24C1/14" definition-exists="false" ipc-concordant="A24C1/14" c-set-base-allowed="false" c-set-subsequent-allowed="true" date-revised="2013-01-01" status="published"><classification-symbol>A24C1/14</classification-symbol><class-title date-revised="2013-01-01"><title-part><text>Bunch-making machines with grippers</text></title-part></class-title></classification-item></classification-item>
<classification-item breakdown-code="false" not-allocatable="false" level="8" additional-only="false" sort-key="A24C1/16" definition-exists="false" ipc-concordant="A24C1/16" c-set-base-allowed="false" c-set-subsequent-allowed="true" date-revised="2013-01-01" status="published"><classification-symbol>A24C1/16</classification-symbol><class-title date-revised="2013-01-01"><title-part><text>Treating bunches</text></title-part></class-title>
<classification-item breakdown-code="false" not-allocatable="false" level="9" additional-only="false" sort-key="A24C1/18" definition-exists="false" ipc-concordant="A24C1/18" c-set-base-allowed="false" c-set-subsequent-allowed="true" date-revised="2013-01-01" status="published"><classification-symbol>A24C1/18</classification-symbol><class-title date-revised="2013-01-01"><title-part><text>Moulds or presses for cigar bunches</text></title-part></class-title>
<classification-item breakdown-code="false" not-allocatable="false" level="10" additional-only="false" sort-key="A24C1/20" definition-exists="false" ipc-concordant="A24C1/20" c-set-base-allowed="false" c-set-subsequent-allowed="true" date-revised="2013-01-01" status="published"><classification-symbol>A24C1/20</classification-symbol><class-title date-revised="2013-01-01"><title-part><text>Rotating moulds for cigar bunches</text></title-part></class-title></classification-item></classification-item>
<classification-item breakdown-code="false" not-allocatable="false" level="9" additional-only="false" sort-key="A24C1/22" definition-exists="false" ipc-concordant="A24C1/22" c-set-base-allowed="false" c-set-subsequent-allowed="true" date-revised="2013-01-01" status="published"><classification-symbol>A24C1/22</classification-symbol><class-title date-revised="2013-01-01"><title-part><text>Rolling formed bunches</text></title-part></class-title></classification-item>
<classification-item breakdown-code="false" not-allocatable="false" level="9" additional-only="false" sort-key="A24C1/24" definition-exists="false" ipc-concordant="A24C1/24" c-set-base-allowed="false" c-set-subsequent-allowed="true" date-revised="2013-01-01" status="published"><classification-symbol>A24C1/24</classification-symbol><class-title date-revised="2013-01-01"><title-part><text>Cutting bunches to length</text></title-part></class-title></classification-item></classification-item>
<classification-item breakdown-code="false" not-allocatable="false" level="8" additional-only="false" sort-key="A24C1/26" definition-exists="false" ipc-concordant="A24C1/26" c-set-base-allowed="false" c-set-subsequent-allowed="true" date-revised="2013-01-01" status="published"><classification-symbol>A24C1/26</classification-symbol><class-title date-revised="2013-01-01"><title-part><text>Applying the wrapper</text></title-part></class-title>
<classification-item breakdown-code="false" not-allocatable="false" level="9" additional-only="false" sort-key="A24C1/28" definition-exists="false" ipc-concordant="A24C1/28" c-set-base-allowed="false" c-set-subsequent-allowed="true" date-revised="2013-01-01" status="published"><classification-symbol>A24C1/28</classification-symbol><class-title date-revised="2013-01-01"><title-part><text>Wrapper transferring mechanisms</text></title-part></class-title></classification-item>
<classification-item breakdown-code="false" not-allocatable="false" level="9" additional-only="false" sort-key="A24C1/30" definition-exists="false" ipc-concordant="A24C1/30" c-set-base-allowed="false" c-set-subsequent-allowed="true" date-revised="2013-01-01" status="published"><classification-symbol>A24C1/30</classification-symbol><class-title date-revised="2013-01-01"><title-part><text>Devices for applying the wrapper to the bunch</text></title-part></class-title></classification-item>
<classification-item breakdown-code="false" not-allocatable="false" level="9" additional-only="false" sort-key="A24C1/32" definition-exists="false" ipc-concordant="A24C1/32" c-set-base-allowed="false" c-set-subsequent-allowed="true" date-revised="2013-01-01" status="published"><classification-symbol>A24C1/32</classification-symbol><class-title date-revised="2013-01-01"><title-part><text>Devices for forming the tips of cigars </text><reference><text>filter-tips, mouthpieces <class-ref scheme="cpc">A24D3/00</class-ref></text></reference></title-part></class-title></classification-item>
<classification-item breakdown-code="false" not-allocatable="false" level="9" additional-only="false" sort-key="A24C1/34" definition-exists="false" ipc-concordant="A24C1/34" c-set-base-allowed="false" c-set-subsequent-allowed="true" date-revised="2013-01-01" status="published"><classification-symbol>A24C1/34</classification-symbol><class-title date-revised="2013-01-01"><title-part><text>Adhesive-applying means</text></title-part></class-title></classification-item>
<classification-item breakdown-code="false" not-allocatable="false" level="9" additional-only="false" sort-key="A24C1/36" definition-exists="false" ipc-concordant="A24C1/36" c-set-base-allowed="false" c-set-subsequent-allowed="true" date-revised="2013-01-01" status="published"><classification-symbol>A24C1/36</classification-symbol><class-title date-revised="2013-01-01"><title-part><text>Cutting wrapped bunches to length</text></title-part></class-title></classification-item></classification-item>
<classification-item breakdown-code="false" not-allocatable="false" level="8" additional-only="false" sort-key="A24C1/38" definition-exists="false" ipc-concordant="A24C1/38" c-set-base-allowed="false" c-set-subsequent-allowed="true" date-revised="2013-01-01" status="published"><classification-symbol>A24C1/38</classification-symbol><class-title date-revised="2013-01-01"><title-part><text>Final treatment of cigars, e.g. sorting</text></title-part></class-title>
<classification-item breakdown-code="false" not-allocatable="false" level="9" additional-only="false" sort-key="A24C1/383" definition-exists="false" ipc-concordant="A24C1/38" c-set-base-allowed="false" c-set-subsequent-allowed="true" date-revised="2013-01-01" status="published"><classification-symbol>A24C1/383</classification-symbol><class-title date-revised="2013-01-01"><title-part><CPC-specific-text><text>Final drying of cigars</text></CPC-specific-text></title-part></class-title></classification-item>
<classification-item breakdown-code="false" not-allocatable="false" level="9" additional-only="false" sort-key="A24C1/386" definition-exists="false" ipc-concordant="A24C1/38" c-set-base-allowed="false" c-set-subsequent-allowed="true" date-revised="2013-01-01" status="published"><classification-symbol>A24C1/386</classification-symbol><class-title date-revised="2013-01-01"><title-part><CPC-specific-text><text>Perforating cigars</text></CPC-specific-text></title-part></class-title></classification-item>
<classification-item breakdown-code="false" not-allocatable="false" level="9" additional-only="false" sort-key="A24C1/40" definition-exists="false" ipc-concordant="A24C1/40" c-set-base-allowed="false" c-set-subsequent-allowed="true" date-revised="2013-01-01" status="published"><classification-symbol>A24C1/40</classification-symbol><class-title date-revised="2013-01-01"><title-part><text>Delustering or powdering cigars</text></title-part></class-title></classification-item>
<classification-item breakdown-code="false" not-allocatable="false" level="9" additional-only="false" sort-key="A24C1/42" definition-exists="false" ipc-concordant="A24C1/42" c-set-base-allowed="false" c-set-subsequent-allowed="true" date-revised="2013-01-01" status="published"><classification-symbol>A24C1/42</classification-symbol><class-title date-revised="2013-01-01"><title-part><text>Marking, printing, or decorating cigars</text></title-part></class-title></classification-item>
<classification-item breakdown-code="false" not-allocatable="false" level="9" additional-only="false" sort-key="A24C1/44" definition-exists="false" ipc-concordant="A24C1/44" c-set-base-allowed="false" c-set-subsequent-allowed="true" date-revised="2013-01-01" status="published"><classification-symbol>A24C1/44</classification-symbol><class-title date-revised="2013-01-01"><title-part><text>Bundling and pressing devices for cigars</text></title-part></class-title></classification-item></classification-item></classification-item>
<classification-item breakdown-code="false" not-allocatable="false" level="7" additional-only="false" sort-key="A24C3/00" definition-exists="true" ipc-concordant="A24C3/00" c-set-base-allowed="false" c-set-subsequent-allowed="true" date-revised="2013-01-01" status="published"><classification-symbol>A24C3/00</classification-symbol><class-title date-revised="2013-01-01"><title-part><text>Complete manufacture of cigars</text></title-part><title-part><text>Combinations of two or more elements of cigar manufacture</text></title-part></class-title></classification-item>
<classification-item breakdown-code="false" not-allocatable="false" level="7" additional-only="false" sort-key="A24C5/00" definition-exists="true" ipc-concordant="A24C5/00" c-set-base-allowed="false" c-set-subsequent-allowed="true" date-revised="2013-01-01" status="published"><classification-symbol>A24C5/00</classification-symbol><class-title date-revised="2013-01-01"><title-part><text>Making cigarettes</text></title-part><title-part><text>Making tipping materials for, or attaching filters or mouthpieces to, cigars or cigarettes</text></title-part></class-title>
<classification-item breakdown-code="false" not-allocatable="false" level="8" additional-only="false" sort-key="A24C5/002" definition-exists="false" ipc-concordant="A24C5/00" c-set-base-allowed="false" c-set-subsequent-allowed="true" date-revised="2013-01-01" status="published"><classification-symbol>A24C5/002</classification-symbol><class-title date-revised="2013-01-01"><title-part><CPC-specific-text><text>Feeding arrangements for individual paper wrappers</text></CPC-specific-text></title-part></class-title></classification-item>
<classification-item breakdown-code="false" not-allocatable="false" level="8" additional-only="false" sort-key="A24C5/005" definition-exists="false" ipc-concordant="A24C5/00" c-set-base-allowed="false" c-set-subsequent-allowed="true" date-revised="2013-01-01" status="published"><classification-symbol>A24C5/005</classification-symbol><class-title date-revised="2013-01-01"><title-part><CPC-specific-text><text>Treatment of cigarette paper</text></CPC-specific-text></title-part></class-title>
<classification-item breakdown-code="false" not-allocatable="false" level="9" additional-only="false" sort-key="A24C5/007" definition-exists="false" ipc-concordant="A24C5/00" c-set-base-allowed="false" c-set-subsequent-allowed="true" date-revised="2013-01-01" status="published"><classification-symbol>A24C5/007</classification-symbol><class-title date-revised="2013-01-01"><title-part><CPC-specific-text><text>Perforating</text></CPC-specific-text></title-part></class-title></classification-item></classification-item>
<classification-item breakdown-code="false" not-allocatable="false" level="8" additional-only="false" sort-key="A24C5/02" definition-exists="false" ipc-concordant="A24C5/02" c-set-base-allowed="false" c-set-subsequent-allowed="true" date-revised="2013-01-01" status="published"><classification-symbol>A24C5/02</classification-symbol><class-title date-revised="2013-01-01"><title-part><text>Cigarette-filling machines</text></title-part></class-title>
<classification-item breakdown-code="false" not-allocatable="false" level="9" additional-only="false" sort-key="A24C5/04" definition-exists="false" ipc-concordant="A24C5/04" c-set-base-allowed="false" c-set-subsequent-allowed="true" date-revised="2013-01-01" status="published"><classification-symbol>A24C5/04</classification-symbol><class-title date-revised="2013-01-01"><title-part><text>with continuous rod </text><reference><text><class-ref scheme="cpc">A24C5/14</class-ref> takes precedence</text></reference></title-part></class-title></classification-item>
<classification-item breakdown-code="false" not-allocatable="false" level="9" additional-only="false" sort-key="A24C5/06" definition-exists="false" ipc-concordant="A24C5/06" c-set-base-allowed="false" c-set-subsequent-allowed="true" date-revised="2013-01-01" status="published"><classification-symbol>A24C5/06</classification-symbol><class-title date-revised="2013-01-01"><title-part><text>with pressing-chamber</text></title-part></class-title></classification-item></classification-item>
<classification-item breakdown-code="false" not-allocatable="false" level="8" additional-only="false" sort-key="A24C5/08" definition-exists="false" ipc-concordant="A24C5/08" c-set-base-allowed="false" c-set-subsequent-allowed="true" date-revised="2013-01-01" status="published"><classification-symbol>A24C5/08</classification-symbol><class-title date-revised="2013-01-01"><title-part><text>Machines with aprons and tables for wrapping</text></title-part></class-title></classification-item>
<classification-item breakdown-code="false" not-allocatable="false" level="8" additional-only="false" sort-key="A24C5/10" definition-exists="false" ipc-concordant="A24C5/10" c-set-base-allowed="false" c-set-subsequent-allowed="true" date-revised="2013-01-01" status="published"><classification-symbol>A24C5/10</classification-symbol><class-title date-revised="2013-01-01"><title-part><text>Machines with wrapping rollers</text></title-part></class-title></classification-item>
<classification-item breakdown-code="false" not-allocatable="false" level="8" additional-only="false" sort-key="A24C5/12" definition-exists="false" ipc-concordant="A24C5/12" c-set-base-allowed="false" c-set-subsequent-allowed="true" date-revised="2013-01-01" status="published"><classification-symbol>A24C5/12</classification-symbol><class-title date-revised="2013-01-01"><title-part><text>Cutting the ends of filled and rolled cigarettes</text></title-part></class-title></classification-item>
<classification-item breakdown-code="false" not-allocatable="false" level="8" additional-only="false" sort-key="A24C5/14" definition-exists="false" ipc-concordant="A24C5/14" c-set-base-allowed="false" c-set-subsequent-allowed="true" date-revised="2013-01-01" status="published"><classification-symbol>A24C5/14</classification-symbol><class-title date-revised="2013-01-01"><title-part><text>Machines of the continuous-rod type </text><reference><text>tobacco feeding devices <class-ref scheme="cpc">A24C5/39</class-ref></text></reference></title-part></class-title>
<classification-item breakdown-code="false" not-allocatable="false" level="9" additional-only="false" sort-key="A24C5/18" definition-exists="true" ipc-concordant="A24C5/18" c-set-base-allowed="false" c-set-subsequent-allowed="true" date-revised="2013-01-01" status="published"><classification-symbol>A24C5/18</classification-symbol><class-title date-revised="2013-01-01"><title-part><text>Forming the rod</text></title-part></class-title>
<classification-item breakdown-code="false" not-allocatable="false" level="10" additional-only="false" sort-key="A24C5/1807" definition-exists="false" ipc-concordant="A24C5/18" c-set-base-allowed="false" c-set-subsequent-allowed="true" date-revised="2013-01-01" status="published"><classification-symbol>A24C5/1807</classification-symbol><class-title date-revised="2013-01-01"><title-part><CPC-specific-text><text>with compressing means, e.g. garniture</text></CPC-specific-text></title-part></class-title></classification-item>
<classification-item breakdown-code="false" not-allocatable="false" level="10" additional-only="false" sort-key="A24C5/1814" definition-exists="false" ipc-concordant="A24C5/18" c-set-base-allowed="false" c-set-subsequent-allowed="true" date-revised="2013-01-01" status="published"><classification-symbol>A24C5/1814</classification-symbol><class-title date-revised="2013-01-01"><title-part><CPC-specific-text><text>containing parts of different densities, e.g. dense ends</text></CPC-specific-text></title-part></class-title></classification-item>
<classification-item breakdown-code="false" not-allocatable="false" level="10" additional-only="false" sort-key="A24C5/1821" definition-exists="false" ipc-concordant="A24C5/18" c-set-base-allowed="false" c-set-subsequent-allowed="true" date-revised="2013-01-01" status="published"><classification-symbol>A24C5/1821</classification-symbol><class-title date-revised="2013-01-01"><title-part><CPC-specific-text><text>containing different tobacco mixtures, e.g. composite rods</text></CPC-specific-text></title-part></class-title></classification-item>
<classification-item breakdown-code="false" not-allocatable="false" level="10" additional-only="false" sort-key="A24C5/1828" definition-exists="false" ipc-concordant="A24C5/18" c-set-base-allowed="false" c-set-subsequent-allowed="true" date-revised="2013-01-01" status="published"><classification-symbol>A24C5/1828</classification-symbol><class-title date-revised="2013-01-01"><title-part><CPC-specific-text><text>by cutting tobacco sheet material</text></CPC-specific-text></title-part></class-title></classification-item>
<classification-item breakdown-code="false" not-allocatable="false" level="10" additional-only="false" sort-key="A24C5/1835" definition-exists="false" ipc-concordant="A24C5/18" c-set-base-allowed="false" c-set-subsequent-allowed="true" date-revised="2013-01-01" status="published"><classification-symbol>A24C5/1835</classification-symbol><class-title date-revised="2013-01-01"><title-part><CPC-specific-text><text>Multiple rod making devices</text></CPC-specific-text></title-part></class-title></classification-item>
<classification-item breakdown-code="false" not-allocatable="false" level="10" additional-only="false" sort-key="A24C5/1842" definition-exists="false" ipc-concordant="A24C5/18" c-set-base-allowed="false" c-set-subsequent-allowed="true" date-revised="2013-01-01" status="published"><classification-symbol>A24C5/1842</classification-symbol><class-title date-revised="2013-01-01"><title-part><CPC-specific-text><text>Trimming devices</text></CPC-specific-text></title-part></class-title></classification-item>
<classification-item breakdown-code="false" not-allocatable="false" level="10" additional-only="false" sort-key="A24C5/185" definition-exists="false" ipc-concordant="A24C5/18" c-set-base-allowed="false" c-set-subsequent-allowed="true" date-revised="2013-01-01" status="published"><classification-symbol>A24C5/185</classification-symbol><class-title date-revised="2013-01-01"><title-part><CPC-specific-text><text>Separating devices, e.g. winnowing, removing impurities</text></CPC-specific-text></title-part></class-title></classification-item>
<classification-item breakdown-code="false" not-allocatable="false" level="10" additional-only="false" sort-key="A24C5/1857" definition-exists="false" ipc-concordant="A24C5/18" c-set-base-allowed="false" c-set-subsequent-allowed="true" date-revised="2013-01-01" status="published"><classification-symbol>A24C5/1857</classification-symbol><class-title date-revised="2013-01-01"><title-part><CPC-specific-text><text>Belt construction or driving means</text></CPC-specific-text></title-part></class-title></classification-item>
<classification-item breakdown-code="false" not-allocatable="false" level="10" additional-only="false" sort-key="A24C5/1864" definition-exists="false" ipc-concordant="A24C5/18" c-set-base-allowed="false" c-set-subsequent-allowed="true" date-revised="2013-01-01" status="published"><classification-symbol>A24C5/1864</classification-symbol><class-title date-revised="2013-01-01"><title-part><CPC-specific-text><text>Conditioning means, e.g. drying</text></CPC-specific-text></title-part></class-title></classification-item>
<classification-item breakdown-code="false" not-allocatable="false" level="10" additional-only="false" sort-key="A24C5/1871" definition-exists="false" ipc-concordant="A24C5/18" c-set-base-allowed="false" c-set-subsequent-allowed="true" date-revised="2013-01-01" status="published"><classification-symbol>A24C5/1871</classification-symbol><class-title date-revised="2013-01-01"><title-part><CPC-specific-text><text>Devices for regulating the tobacco quantity</text></CPC-specific-text></title-part></class-title></classification-item>
<classification-item breakdown-code="false" not-allocatable="false" level="10" additional-only="false" sort-key="A24C5/1878" definition-exists="false" ipc-concordant="A24C5/18" c-set-base-allowed="false" c-set-subsequent-allowed="true" date-revised="2013-01-01" status="published"><classification-symbol>A24C5/1878</classification-symbol><class-title date-revised="2013-01-01"><title-part><CPC-specific-text><text>for oval cigarettes</text></CPC-specific-text></title-part></class-title></classification-item>
<classification-item breakdown-code="false" not-allocatable="false" level="10" additional-only="false" sort-key="A24C5/1885" definition-exists="false" ipc-concordant="A24C5/18" c-set-base-allowed="false" c-set-subsequent-allowed="true" date-revised="2013-01-01" status="published"><classification-symbol>A24C5/1885</classification-symbol><class-title date-revised="2013-01-01"><title-part><CPC-specific-text><text>for cigarettes with an axial air duct</text></CPC-specific-text></title-part></class-title></classification-item>
<classification-item breakdown-code="false" not-allocatable="false" level="10" additional-only="false" sort-key="A24C5/1892" definition-exists="false" ipc-concordant="A24C5/18" c-set-base-allowed="false" c-set-subsequent-allowed="true" date-revised="2013-01-01" status="published"><classification-symbol>A24C5/1892</classification-symbol><class-title date-revised="2013-01-01"><title-part><CPC-specific-text><text>with additives, e.g. binding agent, flavorants</text></CPC-specific-text></title-part></class-title></classification-item></classification-item>
<classification-item breakdown-code="false" not-allocatable="false" level="9" additional-only="false" sort-key="A24C5/20" definition-exists="true" ipc-concordant="A24C5/20" c-set-base-allowed="false" c-set-subsequent-allowed="true" date-revised="2013-01-01" status="published"><classification-symbol>A24C5/20</classification-symbol><class-title date-revised="2013-01-01"><title-part><text>Reels</text></title-part><title-part><text>Supports for bobbins</text></title-part><title-part><text>Other accessories</text></title-part></class-title></classification-item>
<classification-item breakdown-code="false" not-allocatable="false" level="9" additional-only="false" sort-key="A24C5/22" definition-exists="false" ipc-concordant="A24C5/22" c-set-base-allowed="false" c-set-subsequent-allowed="true" date-revised="2013-01-01" status="published"><classification-symbol>A24C5/22</classification-symbol><class-title date-revised="2013-01-01"><title-part><text>Creasing the paper seam</text></title-part></class-title></classification-item>
<classification-item breakdown-code="false" not-allocatable="false" level="9" additional-only="false" sort-key="A24C5/24" definition-exists="false" ipc-concordant="A24C5/24" c-set-base-allowed="false" c-set-subsequent-allowed="true" date-revised="2013-01-01" status="published"><classification-symbol>A24C5/24</classification-symbol><class-title date-revised="2013-01-01"><title-part><text>Pasting the seam</text></title-part></class-title></classification-item>
<classification-item breakdown-code="false" not-allocatable="false" level="9" additional-only="false" sort-key="A24C5/26" definition-exists="false" ipc-concordant="A24C5/26" c-set-base-allowed="false" c-set-subsequent-allowed="true" date-revised="2013-01-01" status="published"><classification-symbol>A24C5/26</classification-symbol><class-title date-revised="2013-01-01"><title-part><text>Drying the seam</text></title-part></class-title></classification-item>
<classification-item breakdown-code="false" not-allocatable="false" level="9" additional-only="false" sort-key="A24C5/28" definition-exists="false" ipc-concordant="A24C5/28" c-set-base-allowed="false" c-set-subsequent-allowed="true" date-revised="2013-01-01" status="published"><classification-symbol>A24C5/28</classification-symbol><class-title date-revised="2013-01-01"><title-part><text>Cutting-off the tobacco rod</text></title-part></class-title>
<classification-item breakdown-code="false" not-allocatable="false" level="10" additional-only="false" sort-key="A24C5/30" definition-exists="false" ipc-concordant="A24C5/30" c-set-base-allowed="false" c-set-subsequent-allowed="true" date-revised="2013-01-01" status="published"><classification-symbol>A24C5/30</classification-symbol><class-title date-revised="2013-01-01"><title-part><text>Machines combined with devices for grinding the knives</text></title-part></class-title></classification-item></classification-item>
<classification-item breakdown-code="false" not-allocatable="false" level="9" additional-only="false" sort-key="A24C5/31" definition-exists="false" ipc-concordant="A24C5/31" c-set-base-allowed="false" c-set-subsequent-allowed="true" date-revised="2013-01-01" status="published"><classification-symbol>A24C5/31</classification-symbol><class-title date-revised="2013-01-01"><title-part><text>with special arrangements coming into operation during starting, slowing-down or breakdown of the machine, e.g. for diverting or breaking the continuous rod</text></title-part></class-title></classification-item></classification-item>
<classification-item breakdown-code="false" not-allocatable="false" level="8" additional-only="false" sort-key="A24C5/32" definition-exists="false" ipc-concordant="A24C5/32" c-set-base-allowed="false" c-set-subsequent-allowed="true" date-revised="2013-01-01" status="published"><classification-symbol>A24C5/32</classification-symbol><class-title date-revised="2013-01-01"><title-part><text>Separating, ordering, counting, or examining cigarettes </text><reference><text>in relation to packaging <class-ref scheme="cpc">B65B19/00</class-ref></text></reference></title-part><title-part><text>Regulating the feeding of tobacco according to rod or cigarette condition </text><reference><text>investigating or analysing materials by determining their chemical or physical properties <class-ref scheme="cpc">G01N</class-ref>; controlling in general <class-ref scheme="cpc">G05</class-ref></text></reference></title-part></class-title>
<classification-item breakdown-code="false" not-allocatable="false" level="9" additional-only="false" sort-key="A24C5/321" definition-exists="false" ipc-concordant="A24C5/32" c-set-base-allowed="false" c-set-subsequent-allowed="true" date-revised="2013-01-01" status="published"><classification-symbol>A24C5/321</classification-symbol><class-title date-revised="2013-01-01"><title-part><CPC-specific-text><text>Counting means</text></CPC-specific-text></title-part></class-title></classification-item>
<classification-item breakdown-code="false" not-allocatable="false" level="9" additional-only="false" sort-key="A24C5/322" definition-exists="false" ipc-concordant="A24C5/32" c-set-base-allowed="false" c-set-subsequent-allowed="true" date-revised="2013-01-01" status="published"><classification-symbol>A24C5/322</classification-symbol><class-title date-revised="2013-01-01"><title-part><CPC-specific-text><text>Transporting cigarettes during manufacturing</text></CPC-specific-text></title-part></class-title>
<classification-item breakdown-code="false" not-allocatable="false" level="10" additional-only="false" sort-key="A24C5/323" definition-exists="true" ipc-concordant="A24C5/32" c-set-base-allowed="false" c-set-subsequent-allowed="true" date-revised="2013-01-01" status="published"><classification-symbol>A24C5/323</classification-symbol><class-title date-revised="2013-01-01"><title-part><CPC-specific-text><text>pneumatically</text></CPC-specific-text></title-part></class-title></classification-item>
<classification-item breakdown-code="false" not-allocatable="false" level="10" additional-only="false" sort-key="A24C5/325" definition-exists="false" ipc-concordant="A24C5/32" c-set-base-allowed="false" c-set-subsequent-allowed="true" date-revised="2013-01-01" status="published"><classification-symbol>A24C5/325</classification-symbol><class-title date-revised="2013-01-01"><title-part><CPC-specific-text><text>from a hopper</text></CPC-specific-text></title-part></class-title></classification-item>
<classification-item breakdown-code="false" not-allocatable="false" level="10" additional-only="false" sort-key="A24C5/326" definition-exists="true" ipc-concordant="A24C5/32" c-set-base-allowed="false" c-set-subsequent-allowed="true" date-revised="2013-01-01" status="published"><classification-symbol>A24C5/326</classification-symbol><class-title date-revised="2013-01-01"><title-part><CPC-specific-text><text>with lateral transferring means</text></CPC-specific-text></title-part></class-title></classification-item>
<classification-item breakdown-code="false" not-allocatable="false" level="10" additional-only="false" sort-key="A24C5/327" definition-exists="false" ipc-concordant="A24C5/32" c-set-base-allowed="false" c-set-subsequent-allowed="true" date-revised="2013-01-01" status="published"><classification-symbol>A24C5/327</classification-symbol><class-title date-revised="2013-01-01"><title-part><CPC-specific-text><text>Construction details of the cigarette transport drum</text></CPC-specific-text></title-part></class-title></classification-item>
<classification-item breakdown-code="false" not-allocatable="false" level="10" additional-only="false" sort-key="A24C5/328" definition-exists="false" ipc-concordant="A24C5/32" c-set-base-allowed="false" c-set-subsequent-allowed="true" date-revised="2013-01-01" status="published"><classification-symbol>A24C5/328</classification-symbol><class-title date-revised="2013-01-01"><title-part><CPC-specific-text><text>Controlling means</text></CPC-specific-text></title-part></class-title></classification-item></classification-item>
<classification-item breakdown-code="false" not-allocatable="false" level="9" additional-only="false" sort-key="A24C5/33" definition-exists="false" ipc-concordant="A24C5/33" c-set-base-allowed="false" c-set-subsequent-allowed="true" date-revised="2013-01-01" status="published"><classification-symbol>A24C5/33</classification-symbol><class-title date-revised="2013-01-01"><title-part><text>Catching or ordering devices</text></title-part></class-title>
<classification-item breakdown-code="false" not-allocatable="false" level="10" additional-only="false" sort-key="A24C5/333" definition-exists="false" ipc-concordant="A24C5/33" c-set-base-allowed="false" c-set-subsequent-allowed="true" date-revised="2013-01-01" status="published"><classification-symbol>A24C5/333</classification-symbol><class-title date-revised="2013-01-01"><title-part><CPC-specific-text><text>for combining several rows into one</text></CPC-specific-text></title-part></class-title></classification-item>
<classification-item breakdown-code="false" not-allocatable="false" level="10" additional-only="false" sort-key="A24C5/336" definition-exists="false" ipc-concordant="A24C5/33" c-set-base-allowed="false" c-set-subsequent-allowed="true" date-revised="2013-01-01" status="published"><classification-symbol>A24C5/336</classification-symbol><class-title date-revised="2013-01-01"><title-part><CPC-specific-text><text>Turning means</text></CPC-specific-text></title-part></class-title></classification-item></classification-item>
<classification-item breakdown-code="false" not-allocatable="false" level="9" additional-only="false" sort-key="A24C5/34" definition-exists="true" ipc-concordant="A24C5/34" c-set-base-allowed="false" c-set-subsequent-allowed="true" date-revised="2013-01-01" status="published"><classification-symbol>A24C5/34</classification-symbol><class-title date-revised="2013-01-01"><title-part><text>Examining cigarettes or the rod, e.g. for regulating the feeding of tobacco</text></title-part><title-part><text>Removing defective cigarettes</text></title-part></class-title>
<classification-item breakdown-code="false" not-allocatable="false" level="10" additional-only="false" sort-key="A24C5/3406" definition-exists="false" ipc-concordant="A24C5/34" c-set-base-allowed="false" c-set-subsequent-allowed="true" date-revised="2013-01-01" status="published"><classification-symbol>A24C5/3406</classification-symbol><class-title date-revised="2013-01-01"><title-part><CPC-specific-text><text>Controlling cigarette combustion</text></CPC-specific-text></title-part></class-title></classification-item>
<classification-item breakdown-code="false" not-allocatable="false" level="10" additional-only="false" sort-key="A24C5/3412" definition-exists="true" ipc-concordant="A24C5/34" c-set-base-allowed="false" c-set-subsequent-allowed="true" date-revised="2013-01-01" status="published"><classification-symbol>A24C5/3412</classification-symbol><class-title date-revised="2013-01-01"><title-part><CPC-specific-text><text>by means of light, radiation or electrostatic fields </text><reference><text><class-ref scheme="cpc">A24C5/3406</class-ref> takes precedence</text></reference></CPC-specific-text></title-part></class-title></classification-item>
<classification-item breakdown-code="false" not-allocatable="false" level="10" additional-only="false" sort-key="A24C5/3418" definition-exists="false" ipc-concordant="A24C5/34" c-set-base-allowed="false" c-set-subsequent-allowed="true" date-revised="2013-01-01" status="published"><classification-symbol>A24C5/3418</classification-symbol><class-title date-revised="2013-01-01"><title-part><CPC-specific-text><text>by pneumatic means </text><reference><text><class-ref scheme="cpc">A24C5/3406</class-ref> takes precedence</text></reference></CPC-specific-text></title-part></class-title></classification-item>
<classification-item breakdown-code="false" not-allocatable="false" level="10" additional-only="false" sort-key="A24C5/3424" definition-exists="false" ipc-concordant="A24C5/34" c-set-base-allowed="false" c-set-subsequent-allowed="true" date-revised="2013-01-01" status="published"><classification-symbol>A24C5/3424</classification-symbol><class-title date-revised="2013-01-01"><title-part><CPC-specific-text><text>by weighing </text><reference><text><class-ref scheme="cpc">A24C5/3406</class-ref> takes precedence</text></reference></CPC-specific-text></title-part></class-title></classification-item>
<classification-item breakdown-code="false" not-allocatable="false" level="10" additional-only="false" sort-key="A24C5/343" definition-exists="false" ipc-concordant="A24C5/343" c-set-base-allowed="false" c-set-subsequent-allowed="true" date-revised="2013-01-01" status="published"><classification-symbol>A24C5/343</classification-symbol><class-title date-revised="2013-01-01"><title-part><text>by mechanical means, e.g. feelers</text></title-part></class-title></classification-item>
<classification-item breakdown-code="false" not-allocatable="false" level="10" additional-only="false" sort-key="A24C5/345" definition-exists="false" ipc-concordant="A24C5/345" c-set-base-allowed="false" c-set-subsequent-allowed="true" date-revised="2013-01-01" status="published"><classification-symbol>A24C5/345</classification-symbol><class-title date-revised="2013-01-01"><title-part><text>Removing defective cigarettes </text><reference><text><class-ref scheme="cpc">A24C5/31</class-ref> takes precedence</text></reference></title-part></class-title></classification-item></classification-item></classification-item>
<classification-item breakdown-code="false" not-allocatable="false" level="8" additional-only="false" sort-key="A24C5/35" definition-exists="true" ipc-concordant="A24C5/35" c-set-base-allowed="false" c-set-subsequent-allowed="true" date-revised="2013-01-01" status="published"><classification-symbol>A24C5/35</classification-symbol><class-title date-revised="2013-01-01"><title-part><text>Adaptations of conveying apparatus for transporting cigarettes from making machine to packaging machine</text></title-part></class-title>
<classification-item breakdown-code="false" not-allocatable="false" level="9" additional-only="false" sort-key="A24C5/352" definition-exists="false" ipc-concordant="A24C5/352" c-set-base-allowed="false" c-set-subsequent-allowed="true" date-revised="2017-08-01" status="published"><classification-symbol>A24C5/352</classification-symbol><class-title date-revised="2017-08-01"><title-part><text>using containers, i.e. boats</text></title-part></class-title>
<classification-item breakdown-code="false" not-allocatable="false" level="10" additional-only="false" sort-key="A24C5/354" definition-exists="false" ipc-concordant="A24C5/354" c-set-base-allowed="false" c-set-subsequent-allowed="true" date-revised="2013-01-01" status="published"><classification-symbol>A24C5/354</classification-symbol><class-title date-revised="2013-01-01"><title-part><text>Filling the boats at the making machine</text></title-part></class-title></classification-item>
<classification-item breakdown-code="false" not-allocatable="false" level="10" additional-only="false" sort-key="A24C5/356" definition-exists="false" ipc-concordant="A24C5/356" c-set-base-allowed="false" c-set-subsequent-allowed="true" date-revised="2013-01-01" status="published"><classification-symbol>A24C5/356</classification-symbol><class-title date-revised="2013-01-01"><title-part><text>Emptying the boats into the hopper of the packaging machine </text><reference><text>hopper construction <class-ref scheme="cpc">B65B19/04</class-ref></text></reference></title-part></class-title></classification-item>
<classification-item breakdown-code="false" not-allocatable="false" level="10" additional-only="false" sort-key="A24C5/358" definition-exists="false" ipc-concordant="A24C5/358" c-set-base-allowed="false" c-set-subsequent-allowed="true" date-revised="2013-01-01" status="published"><classification-symbol>A24C5/358</classification-symbol><class-title date-revised="2013-01-01"><title-part><text>Boat constructions</text></title-part></class-title></classification-item></classification-item></classification-item>
<classification-item breakdown-code="false" not-allocatable="false" level="8" additional-only="false" sort-key="A24C5/36" definition-exists="false" ipc-concordant="A24C5/36" c-set-base-allowed="false" c-set-subsequent-allowed="true" date-revised="2013-01-01" status="published"><classification-symbol>A24C5/36</classification-symbol><class-title date-revised="2013-01-01"><title-part><text>Removing papers or other parts from defective cigarettes</text></title-part></class-title></classification-item>
<classification-item breakdown-code="false" not-allocatable="false" level="8" additional-only="false" sort-key="A24C5/38" definition-exists="false" ipc-concordant="A24C5/38" c-set-base-allowed="false" c-set-subsequent-allowed="true" date-revised="2013-01-01" status="published"><classification-symbol>A24C5/38</classification-symbol><class-title date-revised="2013-01-01"><title-part><text>Machines combined with printing devices</text></title-part></class-title></classification-item>
<classification-item breakdown-code="false" not-allocatable="false" level="8" additional-only="false" sort-key="A24C5/39" definition-exists="true" ipc-concordant="A24C5/39" c-set-base-allowed="false" c-set-subsequent-allowed="true" date-revised="2013-01-01" status="published"><classification-symbol>A24C5/39</classification-symbol><class-title date-revised="2013-01-01"><title-part><text>Tobacco feeding devices </text><reference><text>regulating feed according to rod or cigarette condition <class-ref scheme="cpc">A24C5/34</class-ref></text></reference></title-part></class-title>
<classification-item breakdown-code="false" not-allocatable="false" level="9" additional-only="false" sort-key="A24C5/391" definition-exists="false" ipc-concordant="A24C5/39" c-set-base-allowed="false" c-set-subsequent-allowed="true" date-revised="2013-01-01" status="published"><classification-symbol>A24C5/391</classification-symbol><class-title date-revised="2013-01-01"><title-part><CPC-specific-text><text>feeding to several cigarette making machines</text></CPC-specific-text></title-part></class-title></classification-item>
<classification-item breakdown-code="false" not-allocatable="false" level="9" additional-only="false" sort-key="A24C5/392" definition-exists="false" ipc-concordant="A24C5/39" c-set-base-allowed="false" c-set-subsequent-allowed="true" date-revised="2013-01-01" status="published"><classification-symbol>A24C5/392</classification-symbol><class-title date-revised="2013-01-01"><title-part><CPC-specific-text><text>feeding pneumatically</text></CPC-specific-text></title-part></class-title></classification-item>
<classification-item breakdown-code="false" not-allocatable="false" level="9" additional-only="false" sort-key="A24C5/393" definition-exists="false" ipc-concordant="A24C5/39" c-set-base-allowed="false" c-set-subsequent-allowed="true" date-revised="2016-05-01" status="published"><classification-symbol>A24C5/393</classification-symbol><class-title date-revised="2016-05-01"><title-part><CPC-specific-text><text>with a vibrating conveyor</text></CPC-specific-text></title-part></class-title></classification-item>
<classification-item breakdown-code="false" not-allocatable="false" level="9" additional-only="false" sort-key="A24C5/394" definition-exists="false" ipc-concordant="A24C5/39" c-set-base-allowed="false" c-set-subsequent-allowed="true" date-revised="2013-01-01" status="published"><classification-symbol>A24C5/394</classification-symbol><class-title date-revised="2013-01-01"><title-part><CPC-specific-text><text>with an auxiliary feed unit</text></CPC-specific-text></title-part></class-title></classification-item>
<classification-item breakdown-code="false" not-allocatable="false" level="9" additional-only="false" sort-key="A24C5/395" definition-exists="false" ipc-concordant="A24C5/39" c-set-base-allowed="false" c-set-subsequent-allowed="true" date-revised="2013-01-01" status="published"><classification-symbol>A24C5/395</classification-symbol><class-title date-revised="2013-01-01"><title-part><CPC-specific-text><text>with arrangements in the hopper, e.g. for spreading, tamping</text></CPC-specific-text></title-part></class-title></classification-item>
<classification-item breakdown-code="false" not-allocatable="false" level="9" additional-only="false" sort-key="A24C5/396" definition-exists="false" ipc-concordant="A24C5/39" c-set-base-allowed="false" c-set-subsequent-allowed="true" date-revised="2013-01-01" status="published"><classification-symbol>A24C5/396</classification-symbol><class-title date-revised="2013-01-01"><title-part><CPC-specific-text><text>with separating means, e.g. winnowing, removing impurities</text></CPC-specific-text></title-part></class-title></classification-item>
<classification-item breakdown-code="false" not-allocatable="false" level="9" additional-only="false" sort-key="A24C5/397" definition-exists="false" ipc-concordant="A24C5/39" c-set-base-allowed="false" c-set-subsequent-allowed="true" date-revised="2013-01-01" status="published"><classification-symbol>A24C5/397</classification-symbol><class-title date-revised="2013-01-01"><title-part><CPC-specific-text><text>with means for regulating the tobacco quantity</text></CPC-specific-text></title-part></class-title></classification-item>
<classification-item breakdown-code="false" not-allocatable="false" level="9" additional-only="false" sort-key="A24C5/398" definition-exists="false" ipc-concordant="A24C5/39" c-set-base-allowed="false" c-set-subsequent-allowed="true" date-revised="2013-01-01" status="published"><classification-symbol>A24C5/398</classification-symbol><class-title date-revised="2013-01-01"><title-part><CPC-specific-text><text>Driving arrangements</text></CPC-specific-text></title-part></class-title></classification-item>
<classification-item breakdown-code="false" not-allocatable="false" level="9" additional-only="false" sort-key="A24C5/399" definition-exists="false" ipc-concordant="A24C5/39" c-set-base-allowed="false" c-set-subsequent-allowed="true" date-revised="2013-01-01" status="published"><classification-symbol>A24C5/399</classification-symbol><class-title date-revised="2013-01-01"><title-part><CPC-specific-text><text>Component parts or details, e.g. feed roller, feed belt</text></CPC-specific-text></title-part></class-title></classification-item></classification-item>
<classification-item breakdown-code="false" not-allocatable="false" level="8" additional-only="false" sort-key="A24C5/40" definition-exists="false" ipc-concordant="A24C5/40" c-set-base-allowed="false" c-set-subsequent-allowed="true" date-revised="2013-01-01" status="published"><classification-symbol>A24C5/40</classification-symbol><class-title date-revised="2013-01-01"><title-part><text>Hand-driven apparatus for making cigarettes</text></title-part></class-title>
<classification-item breakdown-code="false" not-allocatable="false" level="9" additional-only="false" sort-key="A24C5/42" definition-exists="false" ipc-concordant="A24C5/42" c-set-base-allowed="false" c-set-subsequent-allowed="true" date-revised="2013-01-01" status="published"><classification-symbol>A24C5/42</classification-symbol><class-title date-revised="2013-01-01"><title-part><text>Pocket cigarette-fillers</text></title-part></class-title>
<classification-item breakdown-code="false" not-allocatable="false" level="10" additional-only="false" sort-key="A24C5/425" definition-exists="false" ipc-concordant="A24C5/42" c-set-base-allowed="false" c-set-subsequent-allowed="true" date-revised="2013-01-01" status="published"><classification-symbol>A24C5/425</classification-symbol><class-title date-revised="2013-01-01"><title-part><CPC-specific-text><text>for obtaining cigarettes of various lengths</text></CPC-specific-text></title-part></class-title></classification-item></classification-item>
<classification-item breakdown-code="false" not-allocatable="false" level="9" additional-only="false" sort-key="A24C5/44" definition-exists="false" ipc-concordant="A24C5/44" c-set-base-allowed="false" c-set-subsequent-allowed="true" date-revised="2013-01-01" status="published"><classification-symbol>A24C5/44</classification-symbol><class-title date-revised="2013-01-01"><title-part><text>Pocket cigarette-rollers</text></title-part></class-title></classification-item></classification-item>
<classification-item breakdown-code="false" not-allocatable="false" level="8" additional-only="false" sort-key="A24C5/46" definition-exists="false" ipc-concordant="A24C5/46" c-set-base-allowed="false" c-set-subsequent-allowed="true" date-revised="2013-01-01" status="published"><classification-symbol>A24C5/46</classification-symbol><class-title date-revised="2013-01-01"><title-part><text>Making paper tubes for cigarettes </text><reference><text>making paper tubes in general <class-ref scheme="cpc">B31C</class-ref></text></reference></title-part></class-title>
<classification-item breakdown-code="false" not-allocatable="false" level="9" additional-only="false" sort-key="A24C5/465" definition-exists="false" ipc-concordant="A24C5/46" c-set-base-allowed="false" c-set-subsequent-allowed="true" date-revised="2013-01-01" status="published"><classification-symbol>A24C5/465</classification-symbol><class-title date-revised="2013-01-01"><title-part><CPC-specific-text><text>the paper tubes partially containing a filter element</text></CPC-specific-text></title-part></class-title></classification-item></classification-item>
<classification-item breakdown-code="false" not-allocatable="false" level="8" additional-only="false" sort-key="A24C5/47" definition-exists="false" ipc-concordant="A24C5/47" c-set-base-allowed="false" c-set-subsequent-allowed="true" date-revised="2013-01-01" status="published"><classification-symbol>A24C5/47</classification-symbol><class-title date-revised="2013-01-01"><title-part><text>Attaching filters or mouthpieces to cigars or cigarettes, e.g. inserting filters into cigarettes or their mouthpieces </text><reference><text><class-ref scheme="cpc">A24C5/52</class-ref> takes precedence; filters, their manufacture, mouthpieces <class-ref scheme="cpc">A24D3/00</class-ref></text></reference></title-part></class-title>
<classification-item breakdown-code="false" not-allocatable="false" level="9" additional-only="false" sort-key="A24C5/471" definition-exists="false" ipc-concordant="A24C5/47" c-set-base-allowed="false" c-set-subsequent-allowed="true" date-revised="2013-01-01" status="published"><classification-symbol>A24C5/471</classification-symbol><class-title date-revised="2013-01-01"><title-part><CPC-specific-text><text>by means of a connecting band</text></CPC-specific-text></title-part></class-title>
<classification-item breakdown-code="false" not-allocatable="false" level="10" additional-only="false" sort-key="A24C5/472" definition-exists="false" ipc-concordant="A24C5/47" c-set-base-allowed="false" c-set-subsequent-allowed="true" date-revised="2013-01-01" status="published"><classification-symbol>A24C5/472</classification-symbol><class-title date-revised="2013-01-01"><title-part><CPC-specific-text><text>Applying adhesives to the connecting band</text></CPC-specific-text></title-part></class-title></classification-item>
<classification-item breakdown-code="false" not-allocatable="false" level="10" additional-only="false" sort-key="A24C5/473" definition-exists="false" ipc-concordant="A24C5/47" c-set-base-allowed="false" c-set-subsequent-allowed="true" date-revised="2013-01-01" status="published"><classification-symbol>A24C5/473</classification-symbol><class-title date-revised="2013-01-01"><title-part><CPC-specific-text><text>Cutting the connecting band</text></CPC-specific-text></title-part></class-title></classification-item></classification-item>
<classification-item breakdown-code="false" not-allocatable="false" level="9" additional-only="false" sort-key="A24C5/474" definition-exists="false" ipc-concordant="A24C5/47" c-set-base-allowed="false" c-set-subsequent-allowed="true" date-revised="2013-01-01" status="published"><classification-symbol>A24C5/474</classification-symbol><class-title date-revised="2013-01-01"><title-part><CPC-specific-text><text>by inserting filters into cigarettes or their mouthpieces</text></CPC-specific-text></title-part></class-title></classification-item>
<classification-item breakdown-code="false" not-allocatable="false" level="9" additional-only="false" sort-key="A24C5/475" definition-exists="false" ipc-concordant="A24C5/47" c-set-base-allowed="false" c-set-subsequent-allowed="true" date-revised="2013-01-01" status="published"><classification-symbol>A24C5/475</classification-symbol><class-title date-revised="2013-01-01"><title-part><CPC-specific-text><text>adapted for composite filters</text></CPC-specific-text></title-part></class-title></classification-item>
<classification-item breakdown-code="false" not-allocatable="false" level="9" additional-only="false" sort-key="A24C5/476" definition-exists="false" ipc-concordant="A24C5/47" c-set-base-allowed="false" c-set-subsequent-allowed="true" date-revised="2013-01-01" status="published"><classification-symbol>A24C5/476</classification-symbol><class-title date-revised="2013-01-01"><title-part><CPC-specific-text><text>adapted for cigars or cigarettes with a hollow mouthpiece, e.g. recess filter cigarettes</text></CPC-specific-text></title-part></class-title>
<classification-item breakdown-code="false" not-allocatable="false" level="10" additional-only="false" sort-key="A24C5/477" definition-exists="false" ipc-concordant="A24C5/47" c-set-base-allowed="false" c-set-subsequent-allowed="true" date-revised="2013-01-01" status="published"><classification-symbol>A24C5/477</classification-symbol><class-title date-revised="2013-01-01"><title-part><CPC-specific-text><text>with a mouthpiece made from plastic, wood or the like</text></CPC-specific-text></title-part></class-title></classification-item></classification-item>
<classification-item breakdown-code="false" not-allocatable="false" level="9" additional-only="false" sort-key="A24C5/478" definition-exists="false" ipc-concordant="A24C5/47" c-set-base-allowed="false" c-set-subsequent-allowed="true" date-revised="2013-01-01" status="published"><classification-symbol>A24C5/478</classification-symbol><class-title date-revised="2013-01-01"><title-part><CPC-specific-text><text>Transport means for filter- or cigarette-rods in view of their assembling</text></CPC-specific-text></title-part></class-title></classification-item></classification-item>
<classification-item breakdown-code="false" not-allocatable="false" level="8" additional-only="false" sort-key="A24C5/52" definition-exists="false" ipc-concordant="A24C5/52" c-set-base-allowed="false" c-set-subsequent-allowed="true" date-revised="2013-01-01" status="published"><classification-symbol>A24C5/52</classification-symbol><class-title date-revised="2013-01-01"><title-part><text>Incorporating filters or mouthpieces into a cigarette rod or a tobacco rod </text><reference><text>filters, their manufacture, mouthpieces <class-ref scheme="cpc">A24D3/00</class-ref></text></reference></title-part></class-title></classification-item>
<classification-item breakdown-code="false" not-allocatable="false" level="8" additional-only="false" sort-key="A24C5/54" definition-exists="false" ipc-concordant="A24C5/54" c-set-base-allowed="false" c-set-subsequent-allowed="true" date-revised="2013-01-01" status="published"><classification-symbol>A24C5/54</classification-symbol><class-title date-revised="2013-01-01"><title-part><text>Folding the ends of cigarette paper tubes after filling them with tobacco</text></title-part></class-title></classification-item>
<classification-item breakdown-code="false" not-allocatable="false" level="8" additional-only="false" sort-key="A24C5/56" definition-exists="false" ipc-concordant="A24C5/56" c-set-base-allowed="false" c-set-subsequent-allowed="true" date-revised="2013-01-01" status="published"><classification-symbol>A24C5/56</classification-symbol><class-title date-revised="2013-01-01"><title-part><text>Making tipping materials, e.g. sheet cork for mouthpieces of cigars or cigarettes, by mechanical means </text><reference><text>chemical part of making tipping material <class-ref scheme="cpc">C08</class-ref>; wrapping papers for cigarettes <class-ref scheme="cpc">D21H</class-ref></text></reference></title-part></class-title>
<classification-item breakdown-code="false" not-allocatable="false" level="9" additional-only="false" sort-key="A24C5/565" definition-exists="false" ipc-concordant="A24C5/56" c-set-base-allowed="false" c-set-subsequent-allowed="true" date-revised="2013-01-01" status="published"><classification-symbol>A24C5/565</classification-symbol><class-title date-revised="2013-01-01"><title-part><CPC-specific-text><text>by treating the tipping material with a liquid or viscous solution, e.g. paraffine </text><reference><text>final treatment <class-ref scheme="cpc">A24C5/608</class-ref></text></reference></CPC-specific-text></title-part></class-title></classification-item>
<classification-item breakdown-code="false" not-allocatable="false" level="9" additional-only="false" sort-key="A24C5/58" definition-exists="false" ipc-concordant="A24C5/58" c-set-base-allowed="false" c-set-subsequent-allowed="true" date-revised="2013-01-01" status="published"><classification-symbol>A24C5/58</classification-symbol><class-title date-revised="2013-01-01"><title-part><text>Applying the tipping materials</text></title-part></class-title>
<classification-item breakdown-code="false" not-allocatable="false" level="10" additional-only="false" sort-key="A24C5/583" definition-exists="false" ipc-concordant="A24C5/58" c-set-base-allowed="false" c-set-subsequent-allowed="true" date-revised="2013-01-01" status="published"><classification-symbol>A24C5/583</classification-symbol><class-title date-revised="2013-01-01"><title-part><CPC-specific-text><text>to a continuous web of cigarette paper</text></CPC-specific-text></title-part></class-title></classification-item>
<classification-item breakdown-code="false" not-allocatable="false" level="10" additional-only="false" sort-key="A24C5/586" definition-exists="false" ipc-concordant="A24C5/58" c-set-base-allowed="false" c-set-subsequent-allowed="true" date-revised="2013-01-01" status="published"><classification-symbol>A24C5/586</classification-symbol><class-title date-revised="2013-01-01"><title-part><CPC-specific-text><text>to a cigarette</text></CPC-specific-text></title-part></class-title></classification-item></classification-item></classification-item>
<classification-item breakdown-code="false" not-allocatable="false" level="8" additional-only="false" sort-key="A24C5/60" definition-exists="false" ipc-concordant="A24C5/60" c-set-base-allowed="false" c-set-subsequent-allowed="true" date-revised="2013-01-01" status="published"><classification-symbol>A24C5/60</classification-symbol><class-title date-revised="2013-01-01"><title-part><text>Final treatment of cigarettes, e.g. marking, printing, branding, decorating</text></title-part></class-title>
<classification-item breakdown-code="false" not-allocatable="false" level="9" additional-only="false" sort-key="A24C5/601" definition-exists="false" ipc-concordant="A24C5/60" c-set-base-allowed="false" c-set-subsequent-allowed="true" date-revised="2013-01-01" status="published"><classification-symbol>A24C5/601</classification-symbol><class-title date-revised="2013-01-01"><title-part><CPC-specific-text><text>Marking, printing or decorating cigarettes</text></CPC-specific-text></title-part></class-title>
<classification-item breakdown-code="false" not-allocatable="false" level="10" additional-only="false" sort-key="A24C5/602" definition-exists="false" ipc-concordant="A24C5/60" c-set-base-allowed="false" c-set-subsequent-allowed="true" date-revised="2013-01-01" status="published"><classification-symbol>A24C5/602</classification-symbol><class-title date-revised="2013-01-01"><title-part><CPC-specific-text><text>Bronzing</text></CPC-specific-text></title-part></class-title></classification-item></classification-item>
<classification-item breakdown-code="false" not-allocatable="false" level="9" additional-only="false" sort-key="A24C5/603" definition-exists="false" ipc-concordant="A24C5/60" c-set-base-allowed="false" c-set-subsequent-allowed="true" date-revised="2013-01-01" status="published"><classification-symbol>A24C5/603</classification-symbol><class-title date-revised="2013-01-01"><title-part><CPC-specific-text><text>Final drying of cigarettes</text></CPC-specific-text></title-part></class-title></classification-item>
<classification-item breakdown-code="false" not-allocatable="false" level="9" additional-only="false" sort-key="A24C5/605" definition-exists="false" ipc-concordant="A24C5/60" c-set-base-allowed="false" c-set-subsequent-allowed="true" date-revised="2013-01-01" status="published"><classification-symbol>A24C5/605</classification-symbol><class-title date-revised="2013-01-01"><title-part><CPC-specific-text><text>Pressing of cigarettes, e.g. for obtaining an oval form</text></CPC-specific-text></title-part></class-title></classification-item>
<classification-item breakdown-code="false" not-allocatable="false" level="9" additional-only="false" sort-key="A24C5/606" definition-exists="false" ipc-concordant="A24C5/60" c-set-base-allowed="false" c-set-subsequent-allowed="true" date-revised="2013-01-01" status="published"><classification-symbol>A24C5/606</classification-symbol><class-title date-revised="2013-01-01"><title-part><CPC-specific-text><text>Perforating cigarettes</text></CPC-specific-text></title-part></class-title>
<classification-item breakdown-code="false" not-allocatable="false" level="10" additional-only="false" sort-key="A24C5/607" definition-exists="false" ipc-concordant="A24C5/60" c-set-base-allowed="false" c-set-subsequent-allowed="true" date-revised="2013-01-01" status="published"><classification-symbol>A24C5/607</classification-symbol><class-title date-revised="2013-01-01"><title-part><CPC-specific-text><text>by mechanical means</text></CPC-specific-text></title-part></class-title></classification-item></classification-item>
<classification-item breakdown-code="false" not-allocatable="false" level="9" additional-only="false" sort-key="A24C5/608" definition-exists="false" ipc-concordant="A24C5/60" c-set-base-allowed="false" c-set-subsequent-allowed="true" date-revised="2013-01-01" status="published"><classification-symbol>A24C5/608</classification-symbol><class-title date-revised="2013-01-01"><title-part><CPC-specific-text><text>Treating cigarettes with a liquid or viscous solution</text></CPC-specific-text></title-part></class-title></classification-item></classification-item></classification-item></classification-item></classification-item></class-scheme>