<?xml version="1.0" encoding="UTF-8"?>
<class-scheme publication-date="2018-02-01" scheme-type="cpc" publication-type="official">
<classification-item breakdown-code="false" not-allocatable="true" level="5" additional-only="false" sort-key="D04D" definition-exists="true" date-revised="2013-01-01" status="published"><classification-symbol>D04D</classification-symbol><class-title date-revised="2013-01-01"><title-part><text>TRIMMINGS</text></title-part><title-part><text>RIBBONS, TAPES OR BANDS, NOT OTHERWISE PROVIDED FOR </text><reference><text>fittings or trimmings for hats, e.g. hat bands <class-ref scheme="cpc">A42C5/00</class-ref>; decorating art <class-ref scheme="cpc">B44</class-ref>; yarns or threads <class-ref scheme="cpc">D02G</class-ref>; weaving <class-ref scheme="cpc">D03</class-ref>; braid or lace <class-ref scheme="cpc">D04C</class-ref>; non-woven fabrics <class-ref scheme="cpc">D04H</class-ref></text></reference></title-part></class-title><notes-and-warnings date-revised="2013-01-01"><note type="note"><note-paragraph>In this subclass, the following term is used with the meaning indicated: <subnote type="bullet"><note-paragraph>&quot;trimmings&quot; means decorative or ornamental articles made  wholly or partly of textile or analogous material, or  strips of textile or analogous material intended to be  used for decorative or ornamental purposes, not otherwise  provided for</note-paragraph></subnote></note-paragraph></note></notes-and-warnings>
<classification-item breakdown-code="false" not-allocatable="true" level="6" additional-only="false" sort-key="D04D1/00" date-revised="2013-01-01" status="published"><classification-symbol>D04D1/00</classification-symbol>
<classification-item breakdown-code="false" not-allocatable="false" level="7" additional-only="false" sort-key="D04D1/00" definition-exists="true" ipc-concordant="D04D1/00" c-set-base-allowed="false" c-set-subsequent-allowed="true" date-revised="2013-01-01" status="published"><classification-symbol>D04D1/00</classification-symbol><class-title date-revised="2013-01-01"><title-part><text>Ropes or like decorative or ornamental elongated trimmings made from filamentary material </text><reference><text>ropes or cords in general <class-ref scheme="cpc">D07B</class-ref></text></reference></title-part></class-title>
<classification-item breakdown-code="false" not-allocatable="false" level="8" additional-only="false" sort-key="D04D1/02" definition-exists="true" ipc-concordant="D04D1/02" c-set-base-allowed="false" c-set-subsequent-allowed="true" date-revised="2013-01-01" status="published"><classification-symbol>D04D1/02</classification-symbol><class-title date-revised="2013-01-01"><title-part><text>by twisting strands around centrally arranged cores</text></title-part></class-title></classification-item>
<classification-item breakdown-code="false" not-allocatable="false" level="8" additional-only="false" sort-key="D04D1/04" definition-exists="true" ipc-concordant="D04D1/04" c-set-base-allowed="false" c-set-subsequent-allowed="true" date-revised="2013-01-01" status="published"><classification-symbol>D04D1/04</classification-symbol><class-title date-revised="2013-01-01"><title-part><text>by threading or stringing pearls or beads on filamentary material</text></title-part></class-title></classification-item></classification-item>
<classification-item breakdown-code="false" not-allocatable="false" level="7" additional-only="false" sort-key="D04D3/00" definition-exists="true" ipc-concordant="D04D3/00" c-set-base-allowed="false" c-set-subsequent-allowed="true" date-revised="2013-01-01" status="published"><classification-symbol>D04D3/00</classification-symbol><class-title date-revised="2013-01-01"><title-part><text>Chenille trimmings </text><reference><text>chenille yarns <class-ref scheme="cpc">D02G</class-ref>; making chenille trimmings by weaving <class-ref scheme="cpc">D03D</class-ref></text></reference></title-part></class-title></classification-item>
<classification-item breakdown-code="false" not-allocatable="false" level="7" additional-only="false" sort-key="D04D5/00" definition-exists="true" ipc-concordant="D04D5/00" c-set-base-allowed="false" c-set-subsequent-allowed="true" date-revised="2013-01-01" status="published"><classification-symbol>D04D5/00</classification-symbol><class-title date-revised="2013-01-01"><title-part><text>Fringes </text><reference><text>tasselled <class-ref scheme="cpc">D04D7/08</class-ref></text></reference></title-part></class-title></classification-item>
<classification-item breakdown-code="false" not-allocatable="false" level="7" additional-only="false" sort-key="D04D7/00" definition-exists="true" ipc-concordant="D04D7/00" c-set-base-allowed="false" c-set-subsequent-allowed="true" date-revised="2013-01-01" status="published"><classification-symbol>D04D7/00</classification-symbol><class-title date-revised="2013-01-01"><title-part><text>Decorative or ornamental textile articles</text></title-part></class-title>
<classification-item breakdown-code="false" not-allocatable="false" level="8" additional-only="false" sort-key="D04D7/02" definition-exists="true" ipc-concordant="D04D7/02" c-set-base-allowed="false" c-set-subsequent-allowed="true" date-revised="2013-01-01" status="published"><classification-symbol>D04D7/02</classification-symbol><class-title date-revised="2013-01-01"><title-part><text>Flat articles</text></title-part></class-title></classification-item>
<classification-item breakdown-code="false" not-allocatable="false" level="8" additional-only="false" sort-key="D04D7/04" definition-exists="true" ipc-concordant="D04D7/04" c-set-base-allowed="false" c-set-subsequent-allowed="true" date-revised="2013-01-01" status="published"><classification-symbol>D04D7/04</classification-symbol><class-title date-revised="2013-01-01"><title-part><text>Three-dimensional articles </text><reference><text>ornamental buttons <class-ref scheme="cpc">A44B1/04</class-ref></text></reference></title-part></class-title>
<classification-item breakdown-code="false" not-allocatable="false" level="9" additional-only="false" sort-key="D04D7/06" definition-exists="true" ipc-concordant="D04D7/06" c-set-base-allowed="false" c-set-subsequent-allowed="true" date-revised="2013-01-01" status="published"><classification-symbol>D04D7/06</classification-symbol><class-title date-revised="2013-01-01"><title-part><text>Ball-like tufts, e.g. pompons</text></title-part></class-title></classification-item>
<classification-item breakdown-code="false" not-allocatable="false" level="9" additional-only="false" sort-key="D04D7/08" definition-exists="true" ipc-concordant="D04D7/08" c-set-base-allowed="false" c-set-subsequent-allowed="true" date-revised="2013-01-01" status="published"><classification-symbol>D04D7/08</classification-symbol><class-title date-revised="2013-01-01"><title-part><text>Tassels or tasselled fringes</text></title-part></class-title></classification-item>
<classification-item breakdown-code="false" not-allocatable="false" level="9" additional-only="false" sort-key="D04D7/10" definition-exists="true" ipc-concordant="D04D7/10" c-set-base-allowed="false" c-set-subsequent-allowed="true" date-revised="2013-01-01" status="published"><classification-symbol>D04D7/10</classification-symbol><class-title date-revised="2013-01-01"><title-part><text>Decorative bow structures </text><reference><text>neckties with ready-made knots or bows <class-ref scheme="cpc">A41D25/02</class-ref></text></reference></title-part></class-title>
<classification-item breakdown-code="false" not-allocatable="false" level="10" additional-only="false" sort-key="D04D7/105" definition-exists="true" ipc-concordant="D04D7/10" c-set-base-allowed="false" c-set-subsequent-allowed="true" date-revised="2013-01-01" status="published"><classification-symbol>D04D7/105</classification-symbol><class-title date-revised="2013-01-01"><title-part><CPC-specific-text><text>made by means of a drawstring or drawstrip</text></CPC-specific-text></title-part></class-title></classification-item></classification-item></classification-item></classification-item>
<classification-item breakdown-code="false" not-allocatable="false" level="7" additional-only="false" sort-key="D04D9/00" definition-exists="true" ipc-concordant="D04D9/00" c-set-base-allowed="false" c-set-subsequent-allowed="true" date-revised="2018-01-01" status="published"><classification-symbol>D04D9/00</classification-symbol><class-title date-revised="2018-01-01"><title-part><text>Ribbons, tapes, welts, bands, beadings, or other decorative or ornamental strips, not otherwise provided for </text><reference><text>made by laminating <class-ref scheme="cpc">B32B</class-ref>; binders for packaging purposes <class-ref scheme="cpc">B65D</class-ref>; adhesive tape <class-ref scheme="cpc">C09J7/20</class-ref>; made by weaving <class-ref scheme="cpc">D03</class-ref>; made by braiding <class-ref scheme="cpc">D04C</class-ref></text></reference></title-part></class-title>
<classification-item breakdown-code="false" not-allocatable="false" level="8" additional-only="false" sort-key="D04D9/02" definition-exists="true" ipc-concordant="D04D9/02" c-set-base-allowed="false" c-set-subsequent-allowed="true" date-revised="2013-01-01" status="published"><classification-symbol>D04D9/02</classification-symbol><class-title date-revised="2013-01-01"><title-part><text>made by lengthwise folding of fabric strip</text></title-part></class-title></classification-item>
<classification-item breakdown-code="false" not-allocatable="false" level="8" additional-only="false" sort-key="D04D9/04" definition-exists="true" ipc-concordant="D04D9/04" c-set-base-allowed="false" c-set-subsequent-allowed="true" date-revised="2013-01-01" status="published"><classification-symbol>D04D9/04</classification-symbol><class-title date-revised="2013-01-01"><title-part><text>built-up from several strips or elements</text></title-part></class-title></classification-item>
<classification-item breakdown-code="false" not-allocatable="false" level="8" additional-only="false" sort-key="D04D9/06" definition-exists="true" ipc-concordant="D04D9/06" c-set-base-allowed="false" c-set-subsequent-allowed="true" date-revised="2013-01-01" status="published"><classification-symbol>D04D9/06</classification-symbol><class-title date-revised="2013-01-01"><title-part><text>made by working plastics</text></title-part></class-title></classification-item></classification-item>
<classification-item breakdown-code="false" not-allocatable="false" level="7" additional-only="false" sort-key="D04D11/00" definition-exists="true" ipc-concordant="D04D11/00" c-set-base-allowed="false" c-set-subsequent-allowed="true" date-revised="2013-01-01" status="published"><classification-symbol>D04D11/00</classification-symbol><class-title date-revised="2013-01-01"><title-part><text>Ribbon-threading apparatus or devices </text><reference><text>needles <class-ref scheme="cpc">D05B</class-ref></text></reference></title-part></class-title></classification-item></classification-item></classification-item></class-scheme>