<?xml version="1.0" encoding="UTF-8"?>
<class-scheme publication-date="2018-02-01" scheme-type="cpc" publication-type="official">
<classification-item breakdown-code="false" not-allocatable="true" level="5" additional-only="false" sort-key="B26F" definition-exists="true" date-revised="2013-01-01" status="published"><classification-symbol>B26F</classification-symbol><class-title date-revised="2013-01-01"><title-part><text>PERFORATING</text></title-part><title-part><text>PUNCHING</text></title-part><title-part><text>CUTTING-OUT</text></title-part><title-part><text>STAMPING-OUT</text></title-part><title-part><text>SEVERING BY MEANS OTHER THAN CUTTING </text><reference><text>marking-out, perforating or making buttonholes <class-ref scheme="cpc">A41H25/00</class-ref>; shoemaking <class-ref scheme="cpc">A43D</class-ref>; surgery <class-ref scheme="cpc">A61B</class-ref>; punching metal <class-ref scheme="cpc">B21D</class-ref>; drilling metal <class-ref scheme="cpc">B23B</class-ref>; cutting of metal by applying heat locally, e.g. flame cutting, <class-ref scheme="cpc">B23K</class-ref>; cutting by abrasive fluid jets <class-ref scheme="cpc">B24C5/02</class-ref>; details common to machines for severing <class-ref scheme="cpc">B26D</class-ref>; drilling wood <class-ref scheme="cpc">B27C</class-ref>; drilling stone <class-ref scheme="cpc">B28D</class-ref>; working of plastics or substances in a plastic state <class-ref scheme="cpc">B29</class-ref>; making boxes, cartons, envelopes or bags, of paper or similarly worked materials, e.g. metal foil, <class-ref scheme="cpc">B31B</class-ref>; of glass <class-ref scheme="cpc">C03B</class-ref>; of leather <class-ref scheme="cpc">C14B</class-ref>; of textile materials <class-ref scheme="cpc">D06H</class-ref>; for light guides <class-ref scheme="cpc">G02B6/25</class-ref>; of tickets <class-ref scheme="cpc">G07B</class-ref></text></reference></title-part></class-title><notes-and-warnings date-revised="2013-01-01"><note type="note"><note-paragraph>This subclass <u>covers:</u> <subnote type="bullet"><note-paragraph>perforating, punching, cutting-out, stamping-out;</note-paragraph><note-paragraph>severing, by means other than cutting, non-metallic sheet materials or metal foil in general;</note-paragraph><note-paragraph>severing, by means other than cutting, other forms of non-metallic material not otherwise provided for.</note-paragraph></subnote></note-paragraph><note-paragraph>Attention is drawn to Notes (1) and (2) following the title of subclass <class-ref scheme="cpc">B26D</class-ref>.</note-paragraph></note></notes-and-warnings>
<classification-item breakdown-code="false" not-allocatable="true" level="6" additional-only="false" sort-key="B26F1/00" date-revised="2013-01-01" status="published"><classification-symbol>B26F1/00</classification-symbol>
<classification-item breakdown-code="false" not-allocatable="false" level="7" additional-only="false" sort-key="B26F1/00" definition-exists="true" ipc-concordant="B26F1/00" c-set-base-allowed="false" c-set-subsequent-allowed="true" date-revised="2013-01-01" status="published"><classification-symbol>B26F1/00</classification-symbol><class-title date-revised="2013-01-01"><title-part><text>Perforating</text></title-part><title-part><text>Punching</text></title-part><title-part><text>Cutting-out</text></title-part><title-part><text>Stamping-out</text></title-part><title-part><text>Apparatus therefor </text><reference><text>subbjecting the grinding tools or the abrading medium to vibration, e.g. grinding with ultrasonic frequency <class-ref scheme="cpc">B24B1/04</class-ref>, perforating by sand-blasting <class-ref scheme="cpc">B24C</class-ref>; </text><CPC-specific-text><text>e.g. abrasive blasting used for cutting <class-ref scheme="cpc">B24C1/045</class-ref></text></CPC-specific-text><text>; punching cards or tapes for statistical and record purposes <class-ref scheme="cpc">G06K1/00</class-ref></text></reference></title-part></class-title>
<classification-item breakdown-code="false" not-allocatable="false" level="8" additional-only="false" sort-key="B26F1/0007" definition-exists="false" ipc-concordant="B26F1/00" c-set-base-allowed="false" c-set-subsequent-allowed="true" date-revised="2013-01-01" status="published"><classification-symbol>B26F1/0007</classification-symbol><class-title date-revised="2013-01-01"><title-part><CPC-specific-text><text>Perforation of photographic films</text></CPC-specific-text></title-part></class-title></classification-item>
<classification-item breakdown-code="false" not-allocatable="false" level="8" additional-only="false" sort-key="B26F1/0015" definition-exists="false" ipc-concordant="B26F1/00" c-set-base-allowed="false" c-set-subsequent-allowed="true" date-revised="2013-01-01" status="published"><classification-symbol>B26F1/0015</classification-symbol><class-title date-revised="2013-01-01"><title-part><CPC-specific-text><text>specially adapted for perforating tubes</text></CPC-specific-text></title-part></class-title>
<classification-item breakdown-code="false" not-allocatable="false" level="9" additional-only="false" sort-key="B26F1/0023" definition-exists="false" ipc-concordant="B26F1/00" c-set-base-allowed="false" c-set-subsequent-allowed="true" date-revised="2013-01-01" status="published"><classification-symbol>B26F1/0023</classification-symbol><class-title date-revised="2013-01-01"><title-part><CPC-specific-text><text>by rotary tools, e.g. saws </text><reference><text><class-ref scheme="cpc">B26F1/0076</class-ref> takes precedence</text></reference></CPC-specific-text></title-part></class-title>
<classification-item breakdown-code="false" not-allocatable="false" level="10" additional-only="false" sort-key="B26F1/003" definition-exists="false" ipc-concordant="B26F1/00" c-set-base-allowed="false" c-set-subsequent-allowed="true" date-revised="2013-01-01" status="published"><classification-symbol>B26F1/003</classification-symbol><class-title date-revised="2013-01-01"><title-part><CPC-specific-text><text>of the drill type</text></CPC-specific-text></title-part></class-title></classification-item></classification-item>
<classification-item breakdown-code="false" not-allocatable="false" level="9" additional-only="false" sort-key="B26F1/0038" definition-exists="false" ipc-concordant="B26F1/00" c-set-base-allowed="false" c-set-subsequent-allowed="true" date-revised="2013-01-01" status="published"><classification-symbol>B26F1/0038</classification-symbol><class-title date-revised="2013-01-01"><title-part><CPC-specific-text><text>from the inside </text><reference><text><class-ref scheme="cpc">B26F1/0053</class-ref> takes precedence</text></reference></CPC-specific-text></title-part></class-title></classification-item>
<classification-item breakdown-code="false" not-allocatable="false" level="9" additional-only="false" sort-key="B26F1/0046" definition-exists="false" ipc-concordant="B26F1/00" c-set-base-allowed="false" c-set-subsequent-allowed="true" date-revised="2013-01-01" status="published"><classification-symbol>B26F1/0046</classification-symbol><class-title date-revised="2013-01-01"><title-part><CPC-specific-text><text>by tools that follow a closed path around the tube </text><reference><text><class-ref scheme="cpc">B26F1/0053</class-ref> takes precedence</text></reference></CPC-specific-text></title-part></class-title></classification-item>
<classification-item breakdown-code="false" not-allocatable="false" level="9" additional-only="false" sort-key="B26F1/0053" definition-exists="false" ipc-concordant="B26F1/00" c-set-base-allowed="false" c-set-subsequent-allowed="true" date-revised="2013-01-01" status="published"><classification-symbol>B26F1/0053</classification-symbol><class-title date-revised="2013-01-01"><title-part><CPC-specific-text><text>by machining, e.g. cutting, grinding, projections on the tube wall</text></CPC-specific-text></title-part></class-title></classification-item>
<classification-item breakdown-code="false" not-allocatable="false" level="9" additional-only="false" sort-key="B26F1/0061" definition-exists="false" ipc-concordant="B26F1/00" c-set-base-allowed="false" c-set-subsequent-allowed="true" date-revised="2013-01-01" status="published"><classification-symbol>B26F1/0061</classification-symbol><class-title date-revised="2013-01-01"><title-part><CPC-specific-text><text>whereby the tube moves axially or radially </text><reference><text><class-ref scheme="cpc">B26F1/0038</class-ref>, <class-ref scheme="cpc">B26F1/0046</class-ref>, <class-ref scheme="cpc">B26F1/0053</class-ref> take precedence</text></reference></CPC-specific-text></title-part></class-title>
<classification-item breakdown-code="false" not-allocatable="false" level="10" additional-only="false" sort-key="B26F1/0069" definition-exists="false" ipc-concordant="B26F1/00" c-set-base-allowed="false" c-set-subsequent-allowed="true" date-revised="2013-01-01" status="published"><classification-symbol>B26F1/0069</classification-symbol><class-title date-revised="2013-01-01"><title-part><CPC-specific-text><text>and the tool travels with the tube</text></CPC-specific-text></title-part></class-title></classification-item>
<classification-item breakdown-code="false" not-allocatable="false" level="10" additional-only="false" sort-key="B26F1/0076" definition-exists="false" ipc-concordant="B26F1/00" c-set-base-allowed="false" c-set-subsequent-allowed="true" date-revised="2013-01-01" status="published"><classification-symbol>B26F1/0076</classification-symbol><class-title date-revised="2013-01-01"><title-part><CPC-specific-text><text>and the tool rotates</text></CPC-specific-text></title-part></class-title></classification-item></classification-item></classification-item>
<classification-item breakdown-code="false" not-allocatable="false" level="8" additional-only="false" sort-key="B26F1/0084" definition-exists="false" ipc-concordant="B26F1/00" c-set-base-allowed="false" c-set-subsequent-allowed="true" date-revised="2013-01-01" status="published"><classification-symbol>B26F1/0084</classification-symbol><class-title date-revised="2013-01-01"><title-part><CPC-specific-text><text>specially adapted for perforating rubber</text></CPC-specific-text></title-part></class-title></classification-item>
<classification-item breakdown-code="false" not-allocatable="false" level="8" additional-only="false" sort-key="B26F1/0092" definition-exists="false" ipc-concordant="B26F1/00" c-set-base-allowed="false" c-set-subsequent-allowed="true" date-revised="2016-05-01" status="published"><classification-symbol>B26F1/0092</classification-symbol><class-title date-revised="2016-05-01"><title-part><CPC-specific-text><text>Perforating means specially adapted for printing machines </text><reference><text><class-ref scheme="cpc">B26F1/02</class-ref>&#160;-&#160;<class-ref scheme="cpc">B26F1/46</class-ref> take precedence</text></reference></CPC-specific-text></title-part></class-title></classification-item>
<classification-item breakdown-code="false" not-allocatable="false" level="8" additional-only="false" sort-key="B26F1/02" definition-exists="false" ipc-concordant="B26F1/02" c-set-base-allowed="false" c-set-subsequent-allowed="true" date-revised="2013-01-01" status="published"><classification-symbol>B26F1/02</classification-symbol><class-title date-revised="2013-01-01"><title-part><text>Perforating by punching, e.g. with relatively-reciprocating punch and bed</text></title-part></class-title>
<classification-item breakdown-code="false" not-allocatable="false" level="9" additional-only="false" sort-key="B26F1/04" definition-exists="false" ipc-concordant="B26F1/04" c-set-base-allowed="false" c-set-subsequent-allowed="true" date-revised="2013-01-01" status="published"><classification-symbol>B26F1/04</classification-symbol><class-title date-revised="2013-01-01"><title-part><text>with selectively-operable punches</text></title-part></class-title></classification-item>
<classification-item breakdown-code="false" not-allocatable="false" level="9" additional-only="false" sort-key="B26F1/06" definition-exists="false" ipc-concordant="B26F1/06" c-set-base-allowed="false" c-set-subsequent-allowed="true" date-revised="2013-01-01" status="published"><classification-symbol>B26F1/06</classification-symbol><class-title date-revised="2013-01-01"><title-part><text>with punching tools moving with the work</text></title-part></class-title>
<classification-item breakdown-code="false" not-allocatable="false" level="10" additional-only="false" sort-key="B26F1/08" definition-exists="false" ipc-concordant="B26F1/08" c-set-base-allowed="false" c-set-subsequent-allowed="true" date-revised="2013-01-01" status="published"><classification-symbol>B26F1/08</classification-symbol><class-title date-revised="2013-01-01"><title-part><text>wherein the tools are carried by, and in operation move relative to, a rotative drum or similar support</text></title-part></class-title></classification-item>
<classification-item breakdown-code="false" not-allocatable="false" level="10" additional-only="false" sort-key="B26F1/10" definition-exists="false" ipc-concordant="B26F1/10" c-set-base-allowed="false" c-set-subsequent-allowed="true" date-revised="2013-01-01" status="published"><classification-symbol>B26F1/10</classification-symbol><class-title date-revised="2013-01-01"><title-part><text>Roller type punches</text></title-part></class-title></classification-item></classification-item>
<classification-item breakdown-code="false" not-allocatable="false" level="9" additional-only="false" sort-key="B26F1/12" definition-exists="true" ipc-concordant="B26F1/12" c-set-base-allowed="false" c-set-subsequent-allowed="true" date-revised="2013-01-01" status="published"><classification-symbol>B26F1/12</classification-symbol><class-title date-revised="2013-01-01"><title-part><text>to notch margins of work</text></title-part></class-title></classification-item>
<classification-item breakdown-code="false" not-allocatable="false" level="9" additional-only="false" sort-key="B26F1/14" definition-exists="false" ipc-concordant="B26F1/14" c-set-base-allowed="false" c-set-subsequent-allowed="true" date-revised="2013-01-01" status="published"><classification-symbol>B26F1/14</classification-symbol><class-title date-revised="2013-01-01"><title-part><text>Punching tools</text></title-part><title-part><text>Punching dies</text></title-part></class-title></classification-item></classification-item>
<classification-item breakdown-code="false" not-allocatable="false" level="8" additional-only="false" sort-key="B26F1/16" definition-exists="false" ipc-concordant="B26F1/16" c-set-base-allowed="false" c-set-subsequent-allowed="true" date-revised="2013-01-01" status="published"><classification-symbol>B26F1/16</classification-symbol><class-title date-revised="2013-01-01"><title-part><text>Perforating by tool or tools of the drill type</text></title-part></class-title>
<classification-item breakdown-code="false" not-allocatable="false" level="9" additional-only="false" sort-key="B26F1/165" definition-exists="true" ipc-concordant="B26F1/16" c-set-base-allowed="false" c-set-subsequent-allowed="true" date-revised="2013-01-01" status="published"><classification-symbol>B26F1/165</classification-symbol><class-title date-revised="2013-01-01"><title-part><CPC-specific-text><text>by flow drilling </text><reference><text>for metal <class-ref scheme="cpc">B21C37/292</class-ref></text></reference></CPC-specific-text></title-part></class-title></classification-item></classification-item>
<classification-item breakdown-code="false" not-allocatable="false" level="8" additional-only="false" sort-key="B26F1/18" definition-exists="false" ipc-concordant="B26F1/18" c-set-base-allowed="false" c-set-subsequent-allowed="true" date-revised="2013-01-01" status="published"><classification-symbol>B26F1/18</classification-symbol><class-title date-revised="2013-01-01"><title-part><text>Perforating by slitting, i.e. forming cuts closed at their ends without removal of material</text></title-part></class-title>
<classification-item breakdown-code="false" not-allocatable="false" level="9" additional-only="false" sort-key="B26F1/20" definition-exists="false" ipc-concordant="B26F1/20" c-set-base-allowed="false" c-set-subsequent-allowed="true" date-revised="2013-01-01" status="published"><classification-symbol>B26F1/20</classification-symbol><class-title date-revised="2013-01-01"><title-part><text>with tools carried by a rotating drum or similar support </text><reference><text><class-ref scheme="cpc">B26F1/22</class-ref> takes precedence</text></reference></title-part></class-title></classification-item>
<classification-item breakdown-code="false" not-allocatable="false" level="9" additional-only="false" sort-key="B26F1/22" definition-exists="true" ipc-concordant="B26F1/22" c-set-base-allowed="false" c-set-subsequent-allowed="true" date-revised="2013-01-01" status="published"><classification-symbol>B26F1/22</classification-symbol><class-title date-revised="2013-01-01"><title-part><text>to form non-rectilinear cuts, e.g. for tabs</text></title-part></class-title></classification-item></classification-item>
<classification-item breakdown-code="false" not-allocatable="false" level="8" additional-only="false" sort-key="B26F1/24" definition-exists="false" ipc-concordant="B26F1/24" c-set-base-allowed="false" c-set-subsequent-allowed="true" date-revised="2013-01-01" status="published"><classification-symbol>B26F1/24</classification-symbol><class-title date-revised="2013-01-01"><title-part><text>Perforating by needles or pins</text></title-part></class-title></classification-item>
<classification-item breakdown-code="false" not-allocatable="false" level="8" additional-only="false" sort-key="B26F1/26" definition-exists="true" ipc-concordant="B26F1/26" c-set-base-allowed="false" c-set-subsequent-allowed="true" date-revised="2013-01-01" status="published"><classification-symbol>B26F1/26</classification-symbol><class-title date-revised="2013-01-01"><title-part><text>Perforating by non-mechanical means, e.g. by fluid jet</text></title-part></class-title>
<classification-item breakdown-code="false" not-allocatable="false" level="9" additional-only="false" sort-key="B26F1/28" definition-exists="false" ipc-concordant="B26F1/28" c-set-base-allowed="false" c-set-subsequent-allowed="true" date-revised="2013-01-01" status="published"><classification-symbol>B26F1/28</classification-symbol><class-title date-revised="2013-01-01"><title-part><text>by electrical discharges</text></title-part></class-title></classification-item>
<classification-item breakdown-code="false" not-allocatable="false" level="9" additional-only="false" sort-key="B26F1/31" definition-exists="false" ipc-concordant="B26F1/31" c-set-base-allowed="false" c-set-subsequent-allowed="true" date-revised="2013-01-01" status="published"><classification-symbol>B26F1/31</classification-symbol><class-title date-revised="2013-01-01"><title-part><text>by radiation </text><reference><text>by laser beam <class-ref scheme="cpc">B23K26/00</class-ref></text></reference></title-part></class-title></classification-item></classification-item>
<classification-item breakdown-code="false" not-allocatable="false" level="8" additional-only="false" sort-key="B26F1/32" definition-exists="true" ipc-concordant="B26F1/32" c-set-base-allowed="false" c-set-subsequent-allowed="true" date-revised="2013-01-01" status="published"><classification-symbol>B26F1/32</classification-symbol><class-title date-revised="2013-01-01"><title-part><text>Hand-held perforating or punching apparatus, e.g. awls</text></title-part></class-title>
<classification-item breakdown-code="false" not-allocatable="false" level="9" additional-only="false" sort-key="B26F1/34" definition-exists="false" ipc-concordant="B26F1/34" c-set-base-allowed="false" c-set-subsequent-allowed="true" date-revised="2013-01-01" status="published"><classification-symbol>B26F1/34</classification-symbol><class-title date-revised="2013-01-01"><title-part><text>power actuated </text><reference><text>details or components, e.g. casings, bodies, of portable power-driven tools not particularly related to the operation performed <class-ref scheme="cpc">B25F5/00</class-ref></text></reference></title-part></class-title></classification-item>
<classification-item breakdown-code="false" not-allocatable="false" level="9" additional-only="false" sort-key="B26F1/36" definition-exists="true" ipc-concordant="B26F1/36" c-set-base-allowed="false" c-set-subsequent-allowed="true" date-revised="2013-01-01" status="published"><classification-symbol>B26F1/36</classification-symbol><class-title date-revised="2013-01-01"><title-part><text>Punching or perforating pliers</text></title-part></class-title>
<classification-item breakdown-code="true" not-allocatable="false" level="10" additional-only="true" sort-key="B26F1/365" definition-exists="false" ipc-concordant="B26F1/36" c-set-base-allowed="false" c-set-subsequent-allowed="true" date-revised="2013-01-01" status="published"><classification-symbol>B26F2001/365</classification-symbol><class-title date-revised="2013-01-01"><title-part><CPC-specific-text><text>hand held pliers with handles</text></CPC-specific-text></title-part></class-title></classification-item></classification-item></classification-item>
<classification-item breakdown-code="false" not-allocatable="false" level="8" additional-only="false" sort-key="B26F1/38" definition-exists="false" ipc-concordant="B26F1/38" c-set-base-allowed="false" c-set-subsequent-allowed="true" date-revised="2013-01-01" status="published"><classification-symbol>B26F1/38</classification-symbol><class-title date-revised="2013-01-01"><title-part><text>Cutting-out</text></title-part><title-part><text>Stamping-out</text></title-part></class-title>
<classification-item breakdown-code="false" not-allocatable="false" level="9" additional-only="false" sort-key="B26F1/3806" definition-exists="false" ipc-concordant="B26F1/38" c-set-base-allowed="false" c-set-subsequent-allowed="true" date-revised="2013-01-01" status="published"><classification-symbol>B26F1/3806</classification-symbol><class-title date-revised="2013-01-01"><title-part><CPC-specific-text><text>wherein relative movements of tool head and work during cutting have a component tangential to the work surface </text><reference><text><class-ref scheme="cpc">B26F1/40</class-ref> takes precedence</text></reference></CPC-specific-text></title-part></class-title>
<classification-item breakdown-code="false" not-allocatable="false" level="10" additional-only="false" sort-key="B26F1/3813" definition-exists="false" ipc-concordant="B26F1/38" c-set-base-allowed="false" c-set-subsequent-allowed="true" date-revised="2013-01-01" status="published"><classification-symbol>B26F1/3813</classification-symbol><class-title date-revised="2013-01-01"><title-part><CPC-specific-text><text>wherein the tool head is moved in a plane parallel to the work in a coordinate system fixed with respect to the work</text></CPC-specific-text></title-part></class-title>
<classification-item breakdown-code="false" not-allocatable="false" level="11" additional-only="false" sort-key="B26F1/382" definition-exists="false" ipc-concordant="B26F1/38" c-set-base-allowed="false" c-set-subsequent-allowed="true" date-revised="2013-01-01" status="published"><classification-symbol>B26F1/382</classification-symbol><class-title date-revised="2013-01-01"><title-part><CPC-specific-text><text>wherein the cutting member reciprocates in, or substantially in, a direction parallel to the cutting edge</text></CPC-specific-text></title-part></class-title></classification-item>
<classification-item breakdown-code="false" not-allocatable="false" level="11" additional-only="false" sort-key="B26F1/3826" definition-exists="false" ipc-concordant="B26F1/38" c-set-base-allowed="false" c-set-subsequent-allowed="true" date-revised="2013-01-01" status="published"><classification-symbol>B26F1/3826</classification-symbol><class-title date-revised="2013-01-01"><title-part><CPC-specific-text><text>using a rotary circular cutting member</text></CPC-specific-text></title-part></class-title></classification-item>
<classification-item breakdown-code="false" not-allocatable="false" level="11" additional-only="false" sort-key="B26F1/3833" definition-exists="false" ipc-concordant="B26F1/38" c-set-base-allowed="false" c-set-subsequent-allowed="true" date-revised="2013-01-01" status="published"><classification-symbol>B26F1/3833</classification-symbol><class-title date-revised="2013-01-01"><title-part><CPC-specific-text><text>using an endless band-knife or the like</text></CPC-specific-text></title-part></class-title></classification-item></classification-item></classification-item>
<classification-item breakdown-code="false" not-allocatable="false" level="9" additional-only="false" sort-key="B26F1/384" definition-exists="false" ipc-concordant="B26F1/38" c-set-base-allowed="false" c-set-subsequent-allowed="true" date-revised="2013-01-01" status="published"><classification-symbol>B26F1/384</classification-symbol><class-title date-revised="2013-01-01"><title-part><CPC-specific-text><text>using rotating drums</text></CPC-specific-text></title-part></class-title></classification-item>
<classification-item breakdown-code="false" not-allocatable="false" level="9" additional-only="false" sort-key="B26F1/3846" definition-exists="false" ipc-concordant="B26F1/38" c-set-base-allowed="false" c-set-subsequent-allowed="true" date-revised="2013-01-01" status="published"><classification-symbol>B26F1/3846</classification-symbol><class-title date-revised="2013-01-01"><title-part><CPC-specific-text><text>cutting out discs or the like </text><reference><text><class-ref scheme="cpc">B26F1/384</class-ref>, <class-ref scheme="cpc">B26F1/40</class-ref> and <class-ref scheme="cpc">B26F1/44</class-ref> take precedence</text></reference></CPC-specific-text></title-part></class-title></classification-item>
<classification-item breakdown-code="false" not-allocatable="false" level="9" additional-only="false" sort-key="B26F1/3853" definition-exists="true" ipc-concordant="B26F1/38" c-set-base-allowed="false" c-set-subsequent-allowed="true" date-revised="2013-01-01" status="published"><classification-symbol>B26F1/3853</classification-symbol><class-title date-revised="2013-01-01"><title-part><CPC-specific-text><text>cutting out frames </text><reference><text><class-ref scheme="cpc">B26F1/384</class-ref>, <class-ref scheme="cpc">B26F1/40</class-ref> and <class-ref scheme="cpc">B26F1/44</class-ref> take precedence</text></reference></CPC-specific-text></title-part></class-title></classification-item>
<classification-item breakdown-code="false" not-allocatable="false" level="9" additional-only="false" sort-key="B26F1/386" definition-exists="false" ipc-concordant="B26F1/38" c-set-base-allowed="false" c-set-subsequent-allowed="true" date-revised="2016-08-01" status="published"><classification-symbol>B26F1/386</classification-symbol><class-title date-revised="2016-08-01"><title-part><CPC-specific-text><text>Draw punches, i.e. punch and die assembled on opposite sides of a workpiece via a connecting member passing through an aperture in the workpiece</text></CPC-specific-text></title-part></class-title></classification-item>
<classification-item breakdown-code="false" not-allocatable="false" level="9" additional-only="false" sort-key="B26F1/3866" definition-exists="false" ipc-concordant="B26F1/38" c-set-base-allowed="false" c-set-subsequent-allowed="true" date-revised="2013-01-01" status="published"><classification-symbol>B26F1/3866</classification-symbol><class-title date-revised="2013-01-01"><title-part><CPC-specific-text><text>specially adapted for rubber</text></CPC-specific-text></title-part></class-title></classification-item>
<classification-item breakdown-code="true" not-allocatable="false" level="9" additional-only="true" sort-key="B26F1/3873" definition-exists="false" ipc-concordant="B26F1/38" c-set-base-allowed="false" c-set-subsequent-allowed="true" date-revised="2013-01-01" status="published"><classification-symbol>B26F2001/3873</classification-symbol><class-title date-revised="2013-01-01"><title-part><CPC-specific-text><text>advancing the material stepwise onto the work surface of the cutting machine</text></CPC-specific-text></title-part></class-title></classification-item>
<classification-item breakdown-code="true" not-allocatable="false" level="9" additional-only="true" sort-key="B26F1/388" definition-exists="false" ipc-concordant="B26F1/38" c-set-base-allowed="false" c-set-subsequent-allowed="true" date-revised="2013-01-01" status="published"><classification-symbol>B26F2001/388</classification-symbol><class-title date-revised="2013-01-01"><title-part><CPC-specific-text><text>controlling the blade orientation along the cutting path</text></CPC-specific-text></title-part></class-title></classification-item>
<classification-item breakdown-code="true" not-allocatable="false" level="9" additional-only="true" sort-key="B26F1/3886" definition-exists="false" ipc-concordant="B26F1/38" c-set-base-allowed="false" c-set-subsequent-allowed="true" date-revised="2013-01-01" status="published"><classification-symbol>B26F2001/3886</classification-symbol><class-title date-revised="2013-01-01"><title-part><CPC-specific-text><text>shearing by reciprocating a straight blade, e.g. nibbling</text></CPC-specific-text></title-part></class-title></classification-item>
<classification-item breakdown-code="true" not-allocatable="false" level="9" additional-only="true" sort-key="B26F1/3893" definition-exists="false" ipc-concordant="B26F1/38" c-set-base-allowed="false" c-set-subsequent-allowed="true" date-revised="2013-01-01" status="published"><classification-symbol>B26F2001/3893</classification-symbol><class-title date-revised="2013-01-01"><title-part><CPC-specific-text><text>cutting out by using an oscillating needle</text></CPC-specific-text></title-part></class-title></classification-item>
<classification-item breakdown-code="false" not-allocatable="false" level="9" additional-only="false" sort-key="B26F1/40" definition-exists="true" ipc-concordant="B26F1/40" c-set-base-allowed="false" c-set-subsequent-allowed="true" date-revised="2013-01-01" status="published"><classification-symbol>B26F1/40</classification-symbol><class-title date-revised="2013-01-01"><title-part><text>using a press, e.g. of the ram type </text><reference><text>presses in general <class-ref scheme="cpc">B30B</class-ref></text></reference></title-part></class-title>
<classification-item breakdown-code="true" not-allocatable="false" level="10" additional-only="true" sort-key="B26F1/402" definition-exists="false" ipc-concordant="B26F1/40" c-set-base-allowed="false" c-set-subsequent-allowed="true" date-revised="2013-01-01" status="published"><classification-symbol>B26F2001/402</classification-symbol><class-title date-revised="2013-01-01"><title-part><CPC-specific-text><text>curvilinear cutting presses, i.e. the stroke comprising an overlay of a linear and a curved movement</text></CPC-specific-text></title-part></class-title></classification-item>
<classification-item breakdown-code="false" not-allocatable="false" level="10" additional-only="false" sort-key="B26F1/405" definition-exists="false" ipc-concordant="B26F1/40" c-set-base-allowed="false" c-set-subsequent-allowed="true" date-revised="2013-01-01" status="published"><classification-symbol>B26F1/405</classification-symbol><class-title date-revised="2013-01-01"><title-part><CPC-specific-text><text>Travelling head presses</text></CPC-specific-text></title-part></class-title></classification-item>
<classification-item breakdown-code="true" not-allocatable="false" level="10" additional-only="true" sort-key="B26F1/407" definition-exists="false" ipc-concordant="B26F1/40" c-set-base-allowed="false" c-set-subsequent-allowed="true" date-revised="2013-01-01" status="published"><classification-symbol>B26F2001/407</classification-symbol><class-title date-revised="2013-01-01"><title-part><CPC-specific-text><text>stepwise sequential punching processes</text></CPC-specific-text></title-part></class-title></classification-item>
<classification-item breakdown-code="false" not-allocatable="false" level="10" additional-only="false" sort-key="B26F1/42" definition-exists="true" ipc-concordant="B26F1/42" c-set-base-allowed="false" c-set-subsequent-allowed="true" date-revised="2013-01-01" status="published"><classification-symbol>B26F1/42</classification-symbol><class-title date-revised="2013-01-01"><title-part><text>having a pressure roller</text></title-part></class-title></classification-item></classification-item>
<classification-item breakdown-code="false" not-allocatable="false" level="9" additional-only="false" sort-key="B26F1/44" definition-exists="false" ipc-concordant="B26F1/44" c-set-base-allowed="false" c-set-subsequent-allowed="true" date-revised="2013-01-01" status="published"><classification-symbol>B26F1/44</classification-symbol><class-title date-revised="2013-01-01"><title-part><text>Cutters therefor</text></title-part><title-part><text>Dies therefor</text></title-part></class-title>
<classification-item breakdown-code="true" not-allocatable="false" level="10" additional-only="true" sort-key="B26F1/4409" definition-exists="false" ipc-concordant="B26F1/44" c-set-base-allowed="false" c-set-subsequent-allowed="true" date-revised="2013-01-01" status="published"><classification-symbol>B26F2001/4409</classification-symbol><class-title date-revised="2013-01-01"><title-part><CPC-specific-text><text>having die balancing or compensating means</text></CPC-specific-text></title-part></class-title></classification-item>
<classification-item breakdown-code="true" not-allocatable="false" level="10" additional-only="true" sort-key="B26F1/4418" definition-exists="false" ipc-concordant="B26F1/44" c-set-base-allowed="false" c-set-subsequent-allowed="true" date-revised="2013-01-01" status="published"><classification-symbol>B26F2001/4418</classification-symbol><class-title date-revised="2013-01-01"><title-part><CPC-specific-text><text>combining cutting and embossing operations</text></CPC-specific-text></title-part></class-title></classification-item>
<classification-item breakdown-code="true" not-allocatable="false" level="10" additional-only="true" sort-key="B26F1/4427" definition-exists="false" ipc-concordant="B26F1/44" c-set-base-allowed="false" c-set-subsequent-allowed="true" date-revised="2013-01-01" status="published"><classification-symbol>B26F2001/4427</classification-symbol><class-title date-revised="2013-01-01"><title-part><CPC-specific-text><text>combining cutting and forming operations</text></CPC-specific-text></title-part></class-title></classification-item>
<classification-item breakdown-code="true" not-allocatable="false" level="10" additional-only="true" sort-key="B26F1/4436" definition-exists="false" ipc-concordant="B26F1/44" c-set-base-allowed="false" c-set-subsequent-allowed="true" date-revised="2013-01-01" status="published"><classification-symbol>B26F2001/4436</classification-symbol><class-title date-revised="2013-01-01"><title-part><CPC-specific-text><text>Materials or surface treatments therefore</text></CPC-specific-text></title-part></class-title></classification-item>
<classification-item breakdown-code="true" not-allocatable="false" level="10" additional-only="true" sort-key="B26F1/4445" definition-exists="false" ipc-concordant="B26F1/44" c-set-base-allowed="false" c-set-subsequent-allowed="true" date-revised="2013-01-01" status="published"><classification-symbol>B26F2001/4445</classification-symbol><class-title date-revised="2013-01-01"><title-part><CPC-specific-text><text>Matrices, female dies, creasing tools</text></CPC-specific-text></title-part></class-title></classification-item>
<classification-item breakdown-code="true" not-allocatable="false" level="10" additional-only="true" sort-key="B26F1/4454" definition-exists="false" ipc-concordant="B26F1/44" c-set-base-allowed="false" c-set-subsequent-allowed="true" date-revised="2013-01-01" status="published"><classification-symbol>B26F2001/4454</classification-symbol><class-title date-revised="2013-01-01"><title-part><CPC-specific-text><text>Die heads carrying several moveable tools</text></CPC-specific-text></title-part></class-title></classification-item>
<classification-item breakdown-code="true" not-allocatable="false" level="10" additional-only="true" sort-key="B26F1/4463" definition-exists="false" ipc-concordant="B26F1/44" c-set-base-allowed="false" c-set-subsequent-allowed="true" date-revised="2013-01-01" status="published"><classification-symbol>B26F2001/4463</classification-symbol><class-title date-revised="2013-01-01"><title-part><CPC-specific-text><text>Methods and devices for rule setting, fixation, preparing cutting dies</text></CPC-specific-text></title-part></class-title></classification-item>
<classification-item breakdown-code="true" not-allocatable="false" level="10" additional-only="true" sort-key="B26F1/4472" definition-exists="false" ipc-concordant="B26F1/44" c-set-base-allowed="false" c-set-subsequent-allowed="true" date-revised="2013-01-01" status="published"><classification-symbol>B26F2001/4472</classification-symbol><class-title date-revised="2013-01-01"><title-part><CPC-specific-text><text>Cutting edge section features</text></CPC-specific-text></title-part></class-title></classification-item>
<classification-item breakdown-code="true" not-allocatable="false" level="10" additional-only="true" sort-key="B26F1/4481" definition-exists="false" ipc-concordant="B26F1/44" c-set-base-allowed="false" c-set-subsequent-allowed="true" date-revised="2013-01-01" status="published"><classification-symbol>B26F2001/4481</classification-symbol><class-title date-revised="2013-01-01"><title-part><CPC-specific-text><text>having special lateral or edge outlines or special surface shapes, e.g. apertures</text></CPC-specific-text></title-part></class-title></classification-item>
<classification-item breakdown-code="true" not-allocatable="false" level="10" additional-only="true" sort-key="B26F1/449" definition-exists="false" ipc-concordant="B26F1/44" c-set-base-allowed="false" c-set-subsequent-allowed="true" date-revised="2013-01-01" status="published"><classification-symbol>B26F2001/449</classification-symbol><class-title date-revised="2013-01-01"><title-part><CPC-specific-text><text>for shearing, e.g. with adjoining or abutting edges</text></CPC-specific-text></title-part></class-title></classification-item>
<classification-item breakdown-code="false" not-allocatable="false" level="10" additional-only="false" sort-key="B26F1/46" definition-exists="true" ipc-concordant="B26F1/46" c-set-base-allowed="false" c-set-subsequent-allowed="true" date-revised="2013-01-01" status="published"><classification-symbol>B26F1/46</classification-symbol><class-title date-revised="2013-01-01"><title-part><text>Loose press knives</text></title-part></class-title></classification-item></classification-item></classification-item></classification-item>
<classification-item breakdown-code="false" not-allocatable="false" level="7" additional-only="false" sort-key="B26F3/00" definition-exists="true" ipc-concordant="B26F3/00" c-set-base-allowed="false" c-set-subsequent-allowed="true" date-revised="2013-01-01" status="published"><classification-symbol>B26F3/00</classification-symbol><class-title date-revised="2013-01-01"><title-part><text>Severing by means other than cutting</text></title-part><title-part><text>Apparatus therefor </text><reference><text>severing by grinding <class-ref scheme="cpc">B24B27/06</class-ref></text></reference></title-part></class-title>
<classification-item breakdown-code="false" not-allocatable="false" level="8" additional-only="false" sort-key="B26F3/002" definition-exists="false" ipc-concordant="B26F3/00" c-set-base-allowed="false" c-set-subsequent-allowed="true" date-revised="2013-01-01" status="published"><classification-symbol>B26F3/002</classification-symbol><class-title date-revised="2013-01-01"><title-part><CPC-specific-text><text>Precutting and tensioning or breaking</text></CPC-specific-text></title-part></class-title></classification-item>
<classification-item breakdown-code="false" not-allocatable="false" level="8" additional-only="false" sort-key="B26F3/004" definition-exists="true" ipc-concordant="B26F3/00" c-set-base-allowed="false" c-set-subsequent-allowed="true" date-revised="2013-01-01" status="published"><classification-symbol>B26F3/004</classification-symbol><class-title date-revised="2013-01-01"><title-part><CPC-specific-text><text>by means of a fluid jet </text><reference><text>methods for use of abrasive blasting for cutting <class-ref scheme="cpc">B24C1/045</class-ref>; guns for abrasive fluid jets <class-ref scheme="cpc">B24C5/02</class-ref>; perforating by non-mechanical means, e.g. by fluid jet <class-ref scheme="cpc">B26F1/26</class-ref></text></reference></CPC-specific-text></title-part></class-title>
<classification-item breakdown-code="true" not-allocatable="false" level="9" additional-only="true" sort-key="B26F3/006" definition-exists="false" ipc-concordant="B26F3/00" c-set-base-allowed="false" c-set-subsequent-allowed="true" date-revised="2013-01-01" status="published"><classification-symbol>B26F2003/006</classification-symbol><class-title date-revised="2013-01-01"><title-part><CPC-specific-text><text>having a shutter or water jet deflector</text></CPC-specific-text></title-part></class-title></classification-item>
<classification-item breakdown-code="false" not-allocatable="false" level="9" additional-only="false" sort-key="B26F3/008" definition-exists="false" ipc-concordant="B26F3/00" c-set-base-allowed="false" c-set-subsequent-allowed="true" date-revised="2013-01-01" status="published"><classification-symbol>B26F3/008</classification-symbol><class-title date-revised="2013-01-01"><title-part><CPC-specific-text><text>Energy dissipating devices therefor, e.g. catchers; Supporting beds therefor </text><reference><text>cutting beds in general <class-ref scheme="cpc">B26D7/20</class-ref></text></reference></CPC-specific-text></title-part></class-title></classification-item></classification-item>
<classification-item breakdown-code="false" not-allocatable="false" level="8" additional-only="false" sort-key="B26F3/02" definition-exists="false" ipc-concordant="B26F3/02" c-set-base-allowed="false" c-set-subsequent-allowed="true" date-revised="2013-01-01" status="published"><classification-symbol>B26F3/02</classification-symbol><class-title date-revised="2013-01-01"><title-part><text>Tearing</text></title-part></class-title></classification-item>
<classification-item breakdown-code="false" not-allocatable="false" level="8" additional-only="false" sort-key="B26F3/04" definition-exists="false" ipc-concordant="B26F3/04" c-set-base-allowed="false" c-set-subsequent-allowed="true" date-revised="2013-01-01" status="published"><classification-symbol>B26F3/04</classification-symbol><class-title date-revised="2013-01-01"><title-part><text>Severing by squeezing </text><reference><text><class-ref scheme="cpc">B26F3/08</class-ref> takes precedence</text></reference></title-part></class-title></classification-item>
<classification-item breakdown-code="false" not-allocatable="false" level="8" additional-only="false" sort-key="B26F3/06" definition-exists="false" ipc-concordant="B26F3/06" c-set-base-allowed="false" c-set-subsequent-allowed="true" date-revised="2013-01-01" status="published"><classification-symbol>B26F3/06</classification-symbol><class-title date-revised="2013-01-01"><title-part><text>Severing by using heat</text></title-part></class-title>
<classification-item breakdown-code="false" not-allocatable="false" level="9" additional-only="false" sort-key="B26F3/08" definition-exists="false" ipc-concordant="B26F3/08" c-set-base-allowed="false" c-set-subsequent-allowed="true" date-revised="2013-01-01" status="published"><classification-symbol>B26F3/08</classification-symbol><class-title date-revised="2013-01-01"><title-part><text>with heated members</text></title-part></class-title>
<classification-item breakdown-code="false" not-allocatable="false" level="10" additional-only="false" sort-key="B26F3/10" definition-exists="false" ipc-concordant="B26F3/10" c-set-base-allowed="false" c-set-subsequent-allowed="true" date-revised="2013-01-01" status="published"><classification-symbol>B26F3/10</classification-symbol><class-title date-revised="2013-01-01"><title-part><text>with heated rollers or discs</text></title-part></class-title></classification-item>
<classification-item breakdown-code="false" not-allocatable="false" level="10" additional-only="false" sort-key="B26F3/12" definition-exists="false" ipc-concordant="B26F3/12" c-set-base-allowed="false" c-set-subsequent-allowed="true" date-revised="2013-01-01" status="published"><classification-symbol>B26F3/12</classification-symbol><class-title date-revised="2013-01-01"><title-part><text>with heated wires</text></title-part></class-title></classification-item></classification-item>
<classification-item breakdown-code="false" not-allocatable="false" level="9" additional-only="false" sort-key="B26F3/16" definition-exists="true" ipc-concordant="B26F3/16" c-set-base-allowed="false" c-set-subsequent-allowed="true" date-revised="2013-01-01" status="published"><classification-symbol>B26F3/16</classification-symbol><class-title date-revised="2013-01-01"><title-part><text>by radiation </text><reference><text>by laser beam <class-ref scheme="cpc">B23K26/00</class-ref></text></reference></title-part></class-title></classification-item></classification-item></classification-item></classification-item>
<classification-item breakdown-code="false" not-allocatable="true" level="6" additional-only="true" sort-key="B26F210/00" date-revised="2013-01-01" status="published"><classification-symbol>B26F2210/00</classification-symbol>
<classification-item breakdown-code="true" not-allocatable="false" level="7" additional-only="true" sort-key="B26F210/00" definition-exists="false" ipc-concordant="CPCONLY" c-set-base-allowed="false" c-set-subsequent-allowed="true" date-revised="2013-01-01" status="published"><classification-symbol>B26F2210/00</classification-symbol><class-title date-revised="2013-01-01"><title-part><text>Perforating, punching, cutting-out, stamping-out, severing by means other than cutting of specific products</text></title-part></class-title>
<classification-item breakdown-code="true" not-allocatable="false" level="8" additional-only="true" sort-key="B26F210/02" definition-exists="false" ipc-concordant="CPCONLY" c-set-base-allowed="false" c-set-subsequent-allowed="true" date-revised="2013-01-01" status="published"><classification-symbol>B26F2210/02</classification-symbol><class-title date-revised="2013-01-01"><title-part><text>of stacked sheets</text></title-part></class-title></classification-item>
<classification-item breakdown-code="true" not-allocatable="false" level="8" additional-only="true" sort-key="B26F210/04" definition-exists="false" ipc-concordant="CPCONLY" c-set-base-allowed="false" c-set-subsequent-allowed="true" date-revised="2013-01-01" status="published"><classification-symbol>B26F2210/04</classification-symbol><class-title date-revised="2013-01-01"><title-part><text>Making plastic pilferproof screw caps by cutting a tamper ring</text></title-part></class-title></classification-item>
<classification-item breakdown-code="true" not-allocatable="false" level="8" additional-only="true" sort-key="B26F210/06" definition-exists="false" ipc-concordant="CPCONLY" c-set-base-allowed="false" c-set-subsequent-allowed="true" date-revised="2013-01-01" status="published"><classification-symbol>B26F2210/06</classification-symbol><class-title date-revised="2013-01-01"><title-part><text>Trimming plastic mouldings</text></title-part></class-title></classification-item>
<classification-item breakdown-code="true" not-allocatable="false" level="8" additional-only="true" sort-key="B26F210/08" definition-exists="false" ipc-concordant="CPCONLY" c-set-base-allowed="false" c-set-subsequent-allowed="true" date-revised="2013-01-01" status="published"><classification-symbol>B26F2210/08</classification-symbol><class-title date-revised="2013-01-01"><title-part><text>of ceramic green sheets, printed circuit boards and the like</text></title-part></class-title></classification-item>
<classification-item breakdown-code="true" not-allocatable="false" level="8" additional-only="true" sort-key="B26F210/11" definition-exists="false" ipc-concordant="CPCONLY" c-set-base-allowed="false" c-set-subsequent-allowed="true" date-revised="2013-01-01" status="published"><classification-symbol>B26F2210/11</classification-symbol><class-title date-revised="2013-01-01"><title-part><text>of plastic containers before compressing</text></title-part></class-title></classification-item>
<classification-item breakdown-code="true" not-allocatable="false" level="8" additional-only="true" sort-key="B26F210/12" definition-exists="false" ipc-concordant="CPCONLY" c-set-base-allowed="false" c-set-subsequent-allowed="true" date-revised="2013-01-01" status="published"><classification-symbol>B26F2210/12</classification-symbol><class-title date-revised="2013-01-01"><title-part><text>of fabrics</text></title-part></class-title>
<classification-item breakdown-code="true" not-allocatable="false" level="9" additional-only="true" sort-key="B26F210/14" definition-exists="false" ipc-concordant="CPCONLY" c-set-base-allowed="false" c-set-subsequent-allowed="true" date-revised="2013-01-01" status="published"><classification-symbol>B26F2210/14</classification-symbol><class-title date-revised="2013-01-01"><title-part><text>the cutting machine comprising a rotary knife</text></title-part></class-title></classification-item>
<classification-item breakdown-code="true" not-allocatable="false" level="9" additional-only="true" sort-key="B26F210/16" definition-exists="false" ipc-concordant="CPCONLY" c-set-base-allowed="false" c-set-subsequent-allowed="true" date-revised="2013-01-01" status="published"><classification-symbol>B26F2210/16</classification-symbol><class-title date-revised="2013-01-01"><title-part><text>the cutting machine comprising a cutting die</text></title-part></class-title></classification-item></classification-item></classification-item></classification-item></classification-item></class-scheme>