<?xml version="1.0" encoding="UTF-8"?>
<class-scheme publication-date="2018-02-01" scheme-type="cpc" publication-type="official">
<classification-item breakdown-code="false" not-allocatable="true" level="5" additional-only="false" sort-key="B44D" definition-exists="true" date-revised="2013-01-01" status="published"><classification-symbol>B44D</classification-symbol><class-title date-revised="2013-01-01"><title-part><text>PAINTING OR ARTISTIC DRAWING, NOT OTHERWISE PROVIDED FOR</text></title-part><title-part><text>PRESERVING PAINTINGS</text></title-part><title-part><text>SURFACE TREATMENT TO OBTAIN SPECIAL ARTISTIC SURFACE EFFECTS OR FINISHES </text><reference><text>surface treatment in general, <u>see</u> the relevant places, e.g. applying liquids or other fluent materials <class-ref scheme="cpc">B05</class-ref></text></reference></title-part></class-title>
<classification-item breakdown-code="false" not-allocatable="true" level="6" additional-only="false" sort-key="B44D2/00" date-revised="2013-01-01" status="published"><classification-symbol>B44D2/00</classification-symbol>
<classification-item breakdown-code="false" not-allocatable="false" level="7" additional-only="false" sort-key="B44D2/00" definition-exists="true" ipc-concordant="B44D2/00" c-set-base-allowed="false" c-set-subsequent-allowed="true" date-revised="2013-01-01" status="published"><classification-symbol>B44D2/00</classification-symbol><class-title date-revised="2013-01-01"><title-part><text>Special techniques in artistic painting or drawing, e.g. oil painting, water painting, pastel painting, relief painting</text></title-part></class-title>
<classification-item breakdown-code="false" not-allocatable="false" level="8" additional-only="false" sort-key="B44D2/002" definition-exists="false" ipc-concordant="B44D2/00" c-set-base-allowed="false" c-set-subsequent-allowed="true" date-revised="2013-01-01" status="published"><classification-symbol>B44D2/002</classification-symbol><class-title date-revised="2013-01-01"><title-part><CPC-specific-text><text>Kits for drawing or painting</text></CPC-specific-text></title-part></class-title></classification-item>
<classification-item breakdown-code="false" not-allocatable="false" level="8" additional-only="false" sort-key="B44D2/005" definition-exists="false" ipc-concordant="B44D2/00" c-set-base-allowed="false" c-set-subsequent-allowed="true" date-revised="2013-01-01" status="published"><classification-symbol>B44D2/005</classification-symbol><class-title date-revised="2013-01-01"><title-part><CPC-specific-text><text>Relief painting </text><reference><text>imitating brush strokes <class-ref scheme="cpc">B44F11/02</class-ref></text></reference></CPC-specific-text></title-part></class-title></classification-item>
<classification-item breakdown-code="false" not-allocatable="false" level="8" additional-only="false" sort-key="B44D2/007" definition-exists="false" ipc-concordant="B44D2/00" c-set-base-allowed="false" c-set-subsequent-allowed="true" date-revised="2013-01-01" status="published"><classification-symbol>B44D2/007</classification-symbol><class-title date-revised="2013-01-01"><title-part><CPC-specific-text><text>using stencils in artistic drawing or painting operations</text></CPC-specific-text></title-part></class-title></classification-item></classification-item>
<classification-item breakdown-code="false" not-allocatable="false" level="7" additional-only="false" sort-key="B44D3/00" definition-exists="true" ipc-concordant="B44D3/00" c-set-base-allowed="false" c-set-subsequent-allowed="true" date-revised="2013-01-01" status="published"><classification-symbol>B44D3/00</classification-symbol><class-title date-revised="2013-01-01"><title-part><text>Accessories or implements for use in connection with painting or artistic drawing, not otherwise provided for </text><reference><text>hand tools for applying liquids, e.g. paints, to surfaces <class-ref scheme="cpc">B05C17/00</class-ref>, implements for finishing work on buildings, other than painting, <class-ref scheme="cpc">E04F21/00</class-ref></text></reference></title-part><title-part><text>Methods or devices for colour determination, selection, or synthesis, e.g. use of colour tables </text><reference><text>colorimetry <class-ref scheme="cpc">G01J3/00</class-ref></text></reference></title-part></class-title>
<classification-item breakdown-code="false" not-allocatable="false" level="8" additional-only="false" sort-key="B44D3/003" definition-exists="false" ipc-concordant="B44D3/00" c-set-base-allowed="false" c-set-subsequent-allowed="true" date-revised="2013-01-01" status="published"><classification-symbol>B44D3/003</classification-symbol><class-title date-revised="2013-01-01"><title-part><CPC-specific-text><text>Methods or devices for colour determination, selection or synthesis, e.g. use of colour tables</text></CPC-specific-text></title-part></class-title></classification-item>
<classification-item breakdown-code="false" not-allocatable="false" level="8" additional-only="false" sort-key="B44D3/006" definition-exists="false" ipc-concordant="B44D3/00" c-set-base-allowed="false" c-set-subsequent-allowed="true" date-revised="2013-01-01" status="published"><classification-symbol>B44D3/006</classification-symbol><class-title date-revised="2013-01-01"><title-part><CPC-specific-text><text>Devices for cleaning paint-applying hand tools after use </text><reference><text>removing dry paint from surfaces <class-ref scheme="cpc">B44D3/16</class-ref>; apparatus for dissolving dry paints <class-ref scheme="cpc">B44D3/24</class-ref>; devices for cleaning brushes <class-ref scheme="cpc">A46B17/06</class-ref>; cleaning in general <class-ref scheme="cpc">B08B</class-ref></text></reference></CPC-specific-text></title-part></class-title></classification-item>
<classification-item breakdown-code="false" not-allocatable="false" level="8" additional-only="false" sort-key="B44D3/02" definition-exists="false" ipc-concordant="B44D3/02" c-set-base-allowed="false" c-set-subsequent-allowed="true" date-revised="2013-01-01" status="published"><classification-symbol>B44D3/02</classification-symbol><class-title date-revised="2013-01-01"><title-part><text>Palettes</text></title-part></class-title></classification-item>
<classification-item breakdown-code="false" not-allocatable="false" level="8" additional-only="false" sort-key="B44D3/04" definition-exists="false" ipc-concordant="B44D3/04" c-set-base-allowed="false" c-set-subsequent-allowed="true" date-revised="2013-01-01" status="published"><classification-symbol>B44D3/04</classification-symbol><class-title date-revised="2013-01-01"><title-part><text>Paint boxes</text></title-part></class-title></classification-item>
<classification-item breakdown-code="false" not-allocatable="false" level="8" additional-only="false" sort-key="B44D3/06" definition-exists="false" ipc-concordant="B44D3/06" c-set-base-allowed="false" c-set-subsequent-allowed="true" date-revised="2013-01-01" status="published"><classification-symbol>B44D3/06</classification-symbol><class-title date-revised="2013-01-01"><title-part><text>Implements for stirring or mixing paints </text><reference><text>mixing in general <class-ref scheme="cpc">B01F</class-ref></text></reference></title-part></class-title>
<classification-item breakdown-code="false" not-allocatable="false" level="9" additional-only="false" sort-key="B44D3/08" definition-exists="false" ipc-concordant="B44D3/08" c-set-base-allowed="false" c-set-subsequent-allowed="true" date-revised="2013-01-01" status="published"><classification-symbol>B44D3/08</classification-symbol><class-title date-revised="2013-01-01"><title-part><text>for liquid or semi-liquid paints</text></title-part></class-title></classification-item>
<classification-item breakdown-code="false" not-allocatable="false" level="9" additional-only="false" sort-key="B44D3/10" definition-exists="false" ipc-concordant="B44D3/10" c-set-base-allowed="false" c-set-subsequent-allowed="true" date-revised="2013-01-01" status="published"><classification-symbol>B44D3/10</classification-symbol><class-title date-revised="2013-01-01"><title-part><text>Sieves</text></title-part><title-part><text>Spatulas</text></title-part></class-title>
<classification-item breakdown-code="false" not-allocatable="false" level="10" additional-only="false" sort-key="B44D3/105" definition-exists="false" ipc-concordant="B44D3/10" c-set-base-allowed="false" c-set-subsequent-allowed="true" date-revised="2013-01-01" status="published"><classification-symbol>B44D3/105</classification-symbol><class-title date-revised="2013-01-01"><title-part><CPC-specific-text><text>spatulas</text></CPC-specific-text></title-part></class-title></classification-item></classification-item></classification-item>
<classification-item breakdown-code="false" not-allocatable="false" level="8" additional-only="false" sort-key="B44D3/12" definition-exists="false" ipc-concordant="B44D3/12" c-set-base-allowed="false" c-set-subsequent-allowed="true" date-revised="2013-01-01" status="published"><classification-symbol>B44D3/12</classification-symbol><class-title date-revised="2013-01-01"><title-part><text>Paint cans</text></title-part><title-part><text>Brush holders</text></title-part><title-part><text>Containers for storing residual paint </text><CPC-specific-text><reference><text>construction details of containers of general type <class-ref scheme="cpc">B65D</class-ref></text></reference></CPC-specific-text></title-part></class-title>
<classification-item breakdown-code="false" not-allocatable="false" level="9" additional-only="false" sort-key="B44D3/121" definition-exists="false" ipc-concordant="B44D3/12" c-set-base-allowed="false" c-set-subsequent-allowed="true" date-revised="2013-01-01" status="published"><classification-symbol>B44D3/121</classification-symbol><class-title date-revised="2013-01-01"><title-part><CPC-specific-text><text>Paint cans equipped with permanently attached brush holding means</text></CPC-specific-text></title-part></class-title></classification-item>
<classification-item breakdown-code="false" not-allocatable="false" level="9" additional-only="false" sort-key="B44D3/122" definition-exists="false" ipc-concordant="B44D3/12" c-set-base-allowed="false" c-set-subsequent-allowed="true" date-revised="2013-01-01" status="published"><classification-symbol>B44D3/122</classification-symbol><class-title date-revised="2013-01-01"><title-part><CPC-specific-text><text>having separate compartments for the different paint compounds</text></CPC-specific-text></title-part></class-title></classification-item>
<classification-item breakdown-code="false" not-allocatable="false" level="9" additional-only="false" sort-key="B44D3/123" definition-exists="false" ipc-concordant="B44D3/12" c-set-base-allowed="false" c-set-subsequent-allowed="true" date-revised="2013-01-01" status="published"><classification-symbol>B44D3/123</classification-symbol><class-title date-revised="2013-01-01"><title-part><CPC-specific-text><text>Brush holders independent from paint can, e.g. holders removably attached to paint can</text></CPC-specific-text></title-part></class-title></classification-item>
<classification-item breakdown-code="false" not-allocatable="false" level="9" additional-only="false" sort-key="B44D3/125" definition-exists="false" ipc-concordant="B44D3/12" c-set-base-allowed="false" c-set-subsequent-allowed="true" date-revised="2013-01-01" status="published"><classification-symbol>B44D3/125</classification-symbol><class-title date-revised="2013-01-01"><title-part><CPC-specific-text><text>Containers for storing paint brushes and the like, separate from the can used in painting operation</text></CPC-specific-text></title-part></class-title></classification-item>
<classification-item breakdown-code="false" not-allocatable="false" level="9" additional-only="false" sort-key="B44D3/126" definition-exists="false" ipc-concordant="B44D3/12" c-set-base-allowed="false" c-set-subsequent-allowed="true" date-revised="2013-01-01" status="published"><classification-symbol>B44D3/126</classification-symbol><class-title date-revised="2013-01-01"><title-part><CPC-specific-text><text>Paint roller trays</text></CPC-specific-text></title-part></class-title></classification-item>
<classification-item breakdown-code="false" not-allocatable="false" level="9" additional-only="false" sort-key="B44D3/127" definition-exists="false" ipc-concordant="B44D3/12" c-set-base-allowed="false" c-set-subsequent-allowed="true" date-revised="2013-01-01" status="published"><classification-symbol>B44D3/127</classification-symbol><class-title date-revised="2013-01-01"><title-part><CPC-specific-text><text>Covers or lids for paint cans </text><reference><text>covers or lids for containers of general type <class-ref scheme="cpc">B65D</class-ref></text></reference></CPC-specific-text></title-part></class-title></classification-item>
<classification-item breakdown-code="false" not-allocatable="false" level="9" additional-only="false" sort-key="B44D3/128" definition-exists="false" ipc-concordant="B44D3/12" c-set-base-allowed="false" c-set-subsequent-allowed="true" date-revised="2013-01-01" status="published"><classification-symbol>B44D3/128</classification-symbol><class-title date-revised="2013-01-01"><title-part><CPC-specific-text><text>Wiping bars; Rim protectors; Drip trays; Spill catchers</text></CPC-specific-text></title-part></class-title></classification-item>
<classification-item breakdown-code="false" not-allocatable="false" level="9" additional-only="false" sort-key="B44D3/14" definition-exists="false" ipc-concordant="B44D3/14" c-set-base-allowed="false" c-set-subsequent-allowed="true" date-revised="2013-01-01" status="published"><classification-symbol>B44D3/14</classification-symbol><class-title date-revised="2013-01-01"><title-part><text>Holders for paint cans</text></title-part></class-title></classification-item></classification-item>
<classification-item breakdown-code="false" not-allocatable="false" level="8" additional-only="false" sort-key="B44D3/16" definition-exists="false" ipc-concordant="B44D3/16" c-set-base-allowed="false" c-set-subsequent-allowed="true" date-revised="2013-01-01" status="published"><classification-symbol>B44D3/16</classification-symbol><class-title date-revised="2013-01-01"><title-part><text>Implements or apparatus for removing dry paint from surfaces, e.g. by scraping, by burning </text><reference><text>chemical paint-removers <class-ref scheme="cpc">C09D9/00</class-ref></text></reference></title-part></class-title>
<classification-item breakdown-code="false" not-allocatable="false" level="9" additional-only="false" sort-key="B44D3/162" definition-exists="false" ipc-concordant="B44D3/16" c-set-base-allowed="false" c-set-subsequent-allowed="true" date-revised="2013-01-01" status="published"><classification-symbol>B44D3/162</classification-symbol><class-title date-revised="2013-01-01"><title-part><CPC-specific-text><text>Scrapers</text></CPC-specific-text></title-part></class-title>
<classification-item breakdown-code="false" not-allocatable="false" level="10" additional-only="false" sort-key="B44D3/164" definition-exists="false" ipc-concordant="B44D3/16" c-set-base-allowed="false" c-set-subsequent-allowed="true" date-revised="2013-01-01" status="published"><classification-symbol>B44D3/164</classification-symbol><class-title date-revised="2013-01-01"><title-part><CPC-specific-text><text>comprising blades</text></CPC-specific-text></title-part></class-title></classification-item></classification-item>
<classification-item breakdown-code="false" not-allocatable="false" level="9" additional-only="false" sort-key="B44D3/166" definition-exists="false" ipc-concordant="B44D3/16" c-set-base-allowed="false" c-set-subsequent-allowed="true" date-revised="2013-01-01" status="published"><classification-symbol>B44D3/166</classification-symbol><class-title date-revised="2013-01-01"><title-part><CPC-specific-text><text>by heating, e.g. by burning</text></CPC-specific-text></title-part></class-title>
<classification-item breakdown-code="false" not-allocatable="false" level="10" additional-only="false" sort-key="B44D3/168" definition-exists="false" ipc-concordant="B44D3/16" c-set-base-allowed="false" c-set-subsequent-allowed="true" date-revised="2013-01-01" status="published"><classification-symbol>B44D3/168</classification-symbol><class-title date-revised="2013-01-01"><title-part><CPC-specific-text><text>by electrically heating </text><reference><text>air heaters using electric energy supply, the air being in direct contact with the heating medium, <class-ref scheme="cpc">F24H3/0405</class-ref></text></reference></CPC-specific-text></title-part></class-title></classification-item></classification-item></classification-item>
<classification-item breakdown-code="false" not-allocatable="false" level="8" additional-only="false" sort-key="B44D3/18" definition-exists="false" ipc-concordant="B44D3/18" c-set-base-allowed="false" c-set-subsequent-allowed="true" date-revised="2013-01-01" status="published"><classification-symbol>B44D3/18</classification-symbol><class-title date-revised="2013-01-01"><title-part><text>Boards or sheets with surfaces prepared for painting or drawing pictures</text></title-part><title-part><text>Stretching frames for canvases</text></title-part></class-title>
<classification-item breakdown-code="false" not-allocatable="false" level="9" additional-only="false" sort-key="B44D3/185" definition-exists="false" ipc-concordant="B44D3/18" c-set-base-allowed="false" c-set-subsequent-allowed="true" date-revised="2013-01-01" status="published"><classification-symbol>B44D3/185</classification-symbol><class-title date-revised="2013-01-01"><title-part><CPC-specific-text><text>Stretching frames for canvases</text></CPC-specific-text></title-part></class-title></classification-item></classification-item>
<classification-item breakdown-code="false" not-allocatable="false" level="8" additional-only="false" sort-key="B44D3/22" definition-exists="false" ipc-concordant="B44D3/22" c-set-base-allowed="false" c-set-subsequent-allowed="true" date-revised="2013-01-01" status="published"><classification-symbol>B44D3/22</classification-symbol><class-title date-revised="2013-01-01"><title-part><text>Implements or apparatus for special techniques, e.g. for painting lines, for pouring varnish</text></title-part><title-part><text>Batik pencils</text></title-part></class-title>
<classification-item breakdown-code="false" not-allocatable="false" level="9" additional-only="false" sort-key="B44D3/225" definition-exists="false" ipc-concordant="B44D3/22" c-set-base-allowed="false" c-set-subsequent-allowed="true" date-revised="2013-01-01" status="published"><classification-symbol>B44D3/225</classification-symbol><class-title date-revised="2013-01-01"><title-part><CPC-specific-text><text>Instruments or apparatus for painting lines</text></CPC-specific-text></title-part></class-title></classification-item></classification-item>
<classification-item breakdown-code="false" not-allocatable="false" level="8" additional-only="false" sort-key="B44D3/24" definition-exists="false" ipc-concordant="B44D3/24" c-set-base-allowed="false" c-set-subsequent-allowed="true" date-revised="2013-01-01" status="published"><classification-symbol>B44D3/24</classification-symbol><class-title date-revised="2013-01-01"><title-part><text>Lamps for baking lacquers</text></title-part><title-part><text>Painters belts</text></title-part><title-part><text>Apparatus for dissolving dried paints, for heating paints</text></title-part></class-title></classification-item>
<classification-item breakdown-code="false" not-allocatable="false" level="8" additional-only="false" sort-key="B44D3/38" definition-exists="false" ipc-concordant="B44D3/38" c-set-base-allowed="false" c-set-subsequent-allowed="true" date-revised="2013-01-01" status="published"><classification-symbol>B44D3/38</classification-symbol><class-title date-revised="2013-01-01"><title-part><text>Cord line chalkers</text></title-part></class-title></classification-item></classification-item>
<classification-item breakdown-code="false" not-allocatable="false" level="7" additional-only="false" sort-key="B44D5/00" definition-exists="true" ipc-concordant="B44D5/00" c-set-base-allowed="false" c-set-subsequent-allowed="true" date-revised="2015-11-01" status="published"><classification-symbol>B44D5/00</classification-symbol><class-title date-revised="2015-11-01"><title-part><text>Surface treatment to obtain special artistic surface effects or finishes </text><reference><text>pretreatment or after-treatment of surface coated by applying liquids <class-ref scheme="cpc">B05D3/00</class-ref>; obtaining special surface effects by applying liquids or other fluent materials to surfaces <class-ref scheme="cpc">B05D5/00</class-ref>; surface shaping of plastics, e.g. embossing, <class-ref scheme="cpc">B29C59/00</class-ref></text></reference></title-part></class-title>
<classification-item breakdown-code="false" not-allocatable="false" level="8" additional-only="false" sort-key="B44D5/10" definition-exists="false" ipc-concordant="B44D5/10" c-set-base-allowed="false" c-set-subsequent-allowed="true" date-revised="2013-01-01" status="published"><classification-symbol>B44D5/10</classification-symbol><class-title date-revised="2013-01-01"><title-part><text>Mechanical treatment</text></title-part></class-title></classification-item></classification-item>
<classification-item breakdown-code="false" not-allocatable="false" level="7" additional-only="false" sort-key="B44D7/00" definition-exists="true" ipc-concordant="B44D7/00" c-set-base-allowed="false" c-set-subsequent-allowed="true" date-revised="2017-08-01" status="published"><classification-symbol>B44D7/00</classification-symbol><class-title date-revised="2017-08-01"><title-part><text>Preserving paintings, e.g. by varnishing</text></title-part></class-title></classification-item></classification-item></classification-item></class-scheme>