<?xml version="1.0" encoding="UTF-8"?>
<class-scheme publication-date="2018-02-01" scheme-type="cpc" publication-type="official">
<classification-item breakdown-code="false" not-allocatable="true" level="5" additional-only="false" sort-key="C06D" definition-exists="true" date-revised="2013-01-01" status="published"><classification-symbol>C06D</classification-symbol><class-title date-revised="2013-01-01"><title-part><text>MEANS FOR GENERATING SMOKE OR MIST</text></title-part><title-part><text>GAS-ATTACK COMPOSITIONS</text></title-part><title-part><text>GENERATION OF GAS FOR BLASTING OR PROPULSION (CHEMICAL PART) </text><reference><text>fuels <class-ref scheme="cpc">C10</class-ref></text></reference></title-part></class-title>
<classification-item breakdown-code="false" not-allocatable="true" level="6" additional-only="false" sort-key="C06D3/00" date-revised="2013-01-01" status="published"><classification-symbol>C06D3/00</classification-symbol>
<classification-item breakdown-code="false" not-allocatable="false" level="7" additional-only="false" sort-key="C06D3/00" definition-exists="true" ipc-concordant="C06D3/00" c-set-base-allowed="false" c-set-subsequent-allowed="true" date-revised="2013-01-01" status="published"><classification-symbol>C06D3/00</classification-symbol><class-title date-revised="2013-01-01"><title-part><text>Generation of smoke or mist (chemical part) </text><reference><text>compositions used as biocides, pest repellants or attractants, or plant growth regulators <class-ref scheme="cpc">A01N</class-ref>, e.g. <class-ref scheme="cpc">A01N25/18</class-ref></text></reference></title-part></class-title></classification-item>
<classification-item breakdown-code="false" not-allocatable="false" level="7" additional-only="false" sort-key="C06D5/00" definition-exists="true" ipc-concordant="C06D5/00" c-set-base-allowed="false" c-set-subsequent-allowed="true" date-revised="2013-01-01" status="published"><classification-symbol>C06D5/00</classification-symbol><class-title date-revised="2013-01-01"><title-part><text>Generation of pressure gas, e.g. for blasting cartridges, starting cartridges, rockets </text><reference><text>explosive compositions containing an oxidizer, fuels for rocket engines intended for reaction with an oxidant other than air <class-ref scheme="cpc">C06B</class-ref></text></reference></title-part></class-title>
<classification-item breakdown-code="false" not-allocatable="false" level="8" additional-only="false" sort-key="C06D5/02" definition-exists="true" ipc-concordant="C06D5/02" c-set-base-allowed="false" c-set-subsequent-allowed="true" date-revised="2013-01-01" status="published"><classification-symbol>C06D5/02</classification-symbol><class-title date-revised="2013-01-01"><title-part><text>by decompressing compressed, liquefied or solidified gases</text></title-part></class-title></classification-item>
<classification-item breakdown-code="false" not-allocatable="false" level="8" additional-only="false" sort-key="C06D5/04" definition-exists="true" ipc-concordant="C06D5/04" c-set-base-allowed="false" c-set-subsequent-allowed="true" date-revised="2013-01-01" status="published"><classification-symbol>C06D5/04</classification-symbol><class-title date-revised="2013-01-01"><title-part><text>by auto-decomposition of single substances</text></title-part></class-title></classification-item>
<classification-item breakdown-code="false" not-allocatable="false" level="8" additional-only="false" sort-key="C06D5/06" definition-exists="true" ipc-concordant="C06D5/06" c-set-base-allowed="false" c-set-subsequent-allowed="true" date-revised="2013-01-01" status="published"><classification-symbol>C06D5/06</classification-symbol><class-title date-revised="2013-01-01"><title-part><text>by reaction of two or more solids</text></title-part></class-title></classification-item>
<classification-item breakdown-code="false" not-allocatable="false" level="8" additional-only="false" sort-key="C06D5/08" definition-exists="true" ipc-concordant="C06D5/08" c-set-base-allowed="false" c-set-subsequent-allowed="true" date-revised="2013-01-01" status="published"><classification-symbol>C06D5/08</classification-symbol><class-title date-revised="2013-01-01"><title-part><text>by reaction of two or more liquids</text></title-part></class-title></classification-item>
<classification-item breakdown-code="false" not-allocatable="false" level="8" additional-only="false" sort-key="C06D5/10" definition-exists="true" ipc-concordant="C06D5/10" c-set-base-allowed="false" c-set-subsequent-allowed="true" date-revised="2013-01-01" status="published"><classification-symbol>C06D5/10</classification-symbol><class-title date-revised="2013-01-01"><title-part><text>by reaction of solids with liquids</text></title-part></class-title></classification-item></classification-item>
<classification-item breakdown-code="false" not-allocatable="false" level="7" additional-only="false" sort-key="C06D7/00" definition-exists="true" ipc-concordant="C06D7/00" c-set-base-allowed="false" c-set-subsequent-allowed="true" date-revised="2013-01-01" status="published"><classification-symbol>C06D7/00</classification-symbol><class-title date-revised="2013-01-01"><title-part><text>Compositions for gas-attacks</text></title-part></class-title></classification-item></classification-item></classification-item></class-scheme>