<?xml version="1.0" encoding="UTF-8"?>
<class-scheme publication-date="2018-02-01" scheme-type="cpc" publication-type="official">
<classification-item breakdown-code="false" not-allocatable="true" level="2" additional-only="false" sort-key="E" date-revised="2013-01-01" status="published"><classification-symbol>E</classification-symbol><class-title date-revised="2013-01-01"><title-part><text>FIXED CONSTRUCTIONS</text></title-part></class-title>
<classification-item breakdown-code="false" not-allocatable="true" level="3" additional-only="false" sort-key="E01" date-revised="2013-01-01" status="published"><classification-symbol>E01</classification-symbol><class-title date-revised="2013-01-01"><title-part><text>BUILDING</text></title-part></class-title>
<classification-item breakdown-code="false" not-allocatable="true" level="4" additional-only="false" sort-key="E01" date-revised="2013-01-01" status="published"><classification-symbol>E01</classification-symbol><class-title date-revised="2013-01-01"><title-part><text>CONSTRUCTION OF ROADS, RAILWAYS, OR BRIDGES </text><reference><text>of tunnels <class-ref scheme="cpc">E21D</class-ref></text></reference></title-part></class-title>
<classification-item breakdown-code="false" not-allocatable="true" level="5" additional-only="false" link-file="cpc-scheme-E01B.xml" sort-key="E01B" definition-exists="true" date-revised="2013-01-01" status="published"><classification-symbol>E01B</classification-symbol><class-title date-revised="2013-01-01"><title-part><text>PERMANENT WAY</text></title-part><title-part><text>PERMANENT-WAY TOOLS</text></title-part><title-part><text>MACHINES FOR MAKING RAILWAYS OF ALL KINDS </text><reference><text>derailing or rerailing blocks on track, track brakes or retarders <class-ref scheme="cpc">B61K</class-ref></text></reference></title-part></class-title></classification-item>
<classification-item breakdown-code="false" not-allocatable="true" level="5" additional-only="false" link-file="cpc-scheme-E01C.xml" sort-key="E01C" definition-exists="true" date-revised="2013-01-01" status="published"><classification-symbol>E01C</classification-symbol><class-title date-revised="2013-01-01"><title-part><text>CONSTRUCTION OF, OR SURFACES FOR, ROADS, SPORTS GROUNDS, OR THE LIKE</text></title-part><title-part><text>MACHINES OR AUXILIARY TOOLS FOR CONSTRUCTION OR REPAIR </text><reference><text>forming roads or like surfaces by compacting or grading snow or ice <class-ref scheme="cpc">E01H</class-ref></text></reference></title-part></class-title></classification-item>
<classification-item breakdown-code="false" not-allocatable="true" level="5" additional-only="false" link-file="cpc-scheme-E01D.xml" sort-key="E01D" definition-exists="true" date-revised="2018-01-01" status="published"><classification-symbol>E01D</classification-symbol><class-title date-revised="2013-01-01"><title-part><text>CONSTRUCTION OF BRIDGES, </text><CPC-specific-text><text>ELEVATED ROADWAYS</text></CPC-specific-text><text> OR VIADUCTS</text></title-part><title-part><text>ASSEMBLY OF BRIDGES </text><reference><text>bridges extending between terminal buildings and aircraft for embarking or disembarking passengers <class-ref scheme="cpc">B64F1/305</class-ref>; </text><CPC-specific-text><text>tracks for special kinds of railways <class-ref scheme="cpc">E01B25/00</class-ref>; culverts <class-ref scheme="cpc">E01F5/005</class-ref></text></CPC-specific-text></reference></title-part></class-title><notes-and-warnings><note type="warning"><note-paragraph warning-type="ipc-not-used">The following IPC groups are not in the CPC scheme. The subject matter for these IPC groups is classified in the following CPC groups: <table><row><entry><class-ref scheme="ipc">E01D24/00</class-ref></entry><entry> covered by </entry><entry/></row></table></note-paragraph></note></notes-and-warnings></classification-item>
<classification-item breakdown-code="false" not-allocatable="true" level="5" additional-only="false" link-file="cpc-scheme-E01F.xml" sort-key="E01F" definition-exists="true" date-revised="2018-01-01" status="published"><classification-symbol>E01F</classification-symbol><class-title date-revised="2013-01-01"><title-part><text>ADDITIONAL WORK, SUCH AS EQUIPPING ROADS OR THE CONSTRUCTION OF PLATFORMS, HELICOPTER LANDING STAGES, SIGNS, SNOW FENCES, OR THE LIKE</text></title-part></class-title><notes-and-warnings date-revised="2013-01-01"><note type="warning"><note-paragraph warning-type="ipc-not-used">The following IPC groups are not in the CPC scheme. The subject matter for these IPC groups is classified in the following CPC groups: <table><row><entry><class-ref scheme="ipc">E01F15/10</class-ref></entry><entry> covered by </entry><entry><class-ref scheme="cpc">E01F15/02</class-ref></entry></row></table></note-paragraph></note></notes-and-warnings></classification-item>
<classification-item breakdown-code="false" not-allocatable="true" level="5" additional-only="false" link-file="cpc-scheme-E01H.xml" sort-key="E01H" definition-exists="true" date-revised="2013-01-01" status="published"><classification-symbol>E01H</classification-symbol><class-title date-revised="2013-01-01"><title-part><text>STREET CLEANING</text></title-part><title-part><text>CLEANING OF PERMANENT WAYS</text></title-part><title-part><text>CLEANING BEACHES</text></title-part><title-part><text>DISPERSING </text><CPC-specific-text><text>OR PREVENTING</text></CPC-specific-text><text> FOG IN GENERAL </text><CPC-specific-text><text>CLEANING STREET OR RAILWAY FURNITURE OR TUNNEL WALLS</text></CPC-specific-text><reference><text>cleaning in general <class-ref scheme="cpc">B08B</class-ref></text></reference></title-part></class-title></classification-item></classification-item>
<classification-item breakdown-code="false" not-allocatable="true" level="4" additional-only="false" sort-key="E02" date-revised="2013-01-01" status="published"><classification-symbol>E02</classification-symbol><class-title date-revised="2013-01-01"><title-part><text>HYDRAULIC ENGINEERING</text></title-part><title-part><text>FOUNDATIONS</text></title-part><title-part><text>SOIL SHIFTING</text></title-part></class-title>
<classification-item breakdown-code="false" not-allocatable="true" level="5" additional-only="false" link-file="cpc-scheme-E02B.xml" sort-key="E02B" definition-exists="true" date-revised="2015-07-01" status="published"><classification-symbol>E02B</classification-symbol><class-title date-revised="2013-01-01"><title-part><text>HYDRAULIC ENGINEERING </text><reference><text>ship-lifting <class-ref scheme="cpc">E02C</class-ref>; dredging <class-ref scheme="cpc">E02F</class-ref></text></reference></title-part></class-title></classification-item>
<classification-item breakdown-code="false" not-allocatable="true" level="5" additional-only="false" link-file="cpc-scheme-E02C.xml" sort-key="E02C" definition-exists="true" date-revised="2013-01-01" status="published"><classification-symbol>E02C</classification-symbol><class-title date-revised="2013-01-01"><title-part><text>SHIP-LIFTING DEVICES OR MECHANISMS</text></title-part></class-title></classification-item>
<classification-item breakdown-code="false" not-allocatable="true" level="5" additional-only="false" link-file="cpc-scheme-E02D.xml" sort-key="E02D" definition-exists="true" date-revised="2018-01-01" status="published"><classification-symbol>E02D</classification-symbol><class-title date-revised="2017-01-01"><title-part><text>FOUNDATIONS</text></title-part><title-part><text>EXCAVATIONS</text></title-part><title-part><text>EMBANKMENTS </text><reference><text>specially adapted for hydraulic engineering <class-ref scheme="cpc">E02B</class-ref></text></reference></title-part><title-part><text>UNDERGROUND OR UNDERWATER STRUCTURES </text><CPC-specific-text><reference><text>tunnels, tunnelling, mining <class-ref scheme="cpc">E21</class-ref></text></reference></CPC-specific-text></title-part></class-title><notes-and-warnings date-revised="2013-01-01"><note type="warning"><note-paragraph warning-type="ipc-not-used">The following IPC groups are not in the CPC scheme. The subject matter for these IPC groups is classified in the following CPC groups: <table><row><entry><class-ref scheme="ipc">E02D29/09</class-ref></entry><entry> covered by </entry><entry><class-ref scheme="cpc">E02D29/06</class-ref></entry></row></table></note-paragraph></note></notes-and-warnings></classification-item>
<classification-item breakdown-code="false" not-allocatable="true" level="5" additional-only="false" link-file="cpc-scheme-E02F.xml" sort-key="E02F" definition-exists="true" date-revised="2018-01-01" status="published"><classification-symbol>E02F</classification-symbol><class-title date-revised="2013-01-01"><title-part><text>DREDGING</text></title-part><title-part><text>SOIL-SHIFTING </text><reference><text>winning peat <class-ref scheme="cpc">E21C49/00</class-ref></text></reference></title-part></class-title><notes-and-warnings date-revised="2013-01-01"><note type="note"><note-paragraph>This subclass <u>covers</u> : <subnote type="bullet"><note-paragraph>primarily equipment for excavating or loosening earth or for moving loose earth; </note-paragraph><note-paragraph>equipment for working similarly on other materials and similar equipment for loading or unloading materials</note-paragraph></subnote></note-paragraph></note><note type="warning"><note-paragraph warning-type="ipc-not-used">The following IPC groups are not in the CPC scheme. The subject matter for these IPC groups is classified in the following CPC groups: <table><row><entry><class-ref scheme="ipc">E02F3/39</class-ref></entry><entry> covered by </entry><entry><class-ref scheme="cpc">E02F3/286</class-ref>, <class-ref scheme="cpc">E02F3/306</class-ref>, <class-ref scheme="cpc">E02F3/3402</class-ref></entry></row><row><entry><class-ref scheme="ipc">E02F3/85</class-ref></entry><entry> covered by </entry><entry><class-ref scheme="cpc">E02F3/841</class-ref>, <class-ref scheme="cpc">E02F3/842</class-ref>, <class-ref scheme="cpc">E02F3/844</class-ref>, <class-ref scheme="cpc">E02F3/845</class-ref>, <class-ref scheme="cpc">E02F3/847</class-ref></entry></row></table></note-paragraph></note></notes-and-warnings></classification-item></classification-item>
<classification-item breakdown-code="false" not-allocatable="true" level="4" additional-only="false" sort-key="E03" date-revised="2013-01-01" status="published"><classification-symbol>E03</classification-symbol><class-title date-revised="2013-01-01"><title-part><text>WATER SUPPLY</text></title-part><title-part><text>SEWERAGE</text></title-part></class-title>
<classification-item breakdown-code="false" not-allocatable="true" level="5" additional-only="false" link-file="cpc-scheme-E03B.xml" sort-key="E03B" definition-exists="true" date-revised="2013-01-01" status="published"><classification-symbol>E03B</classification-symbol><class-title date-revised="2013-01-01"><title-part><text>INSTALLATIONS OR METHODS FOR OBTAINING, COLLECTING, OR DISTRIBUTING WATER </text><reference><text>drilling wells, obtaining fluids in general from wells <class-ref scheme="cpc">E21B</class-ref>; pipe-line systems in general <class-ref scheme="cpc">F17D</class-ref></text></reference></title-part></class-title></classification-item>
<classification-item breakdown-code="false" not-allocatable="true" level="5" additional-only="false" link-file="cpc-scheme-E03C.xml" sort-key="E03C" definition-exists="false" date-revised="2013-01-01" status="published"><classification-symbol>E03C</classification-symbol><class-title date-revised="2013-01-01"><title-part><text>DOMESTIC PLUMBING INSTALLATIONS FOR FRESH WATER OR WASTE WATER </text><reference><text>not connected to either water-supply main or to waste pipe <class-ref scheme="cpc">A47K</class-ref>; devices of the kind used in the ground <class-ref scheme="cpc">E03B</class-ref>, <class-ref scheme="cpc">E03F</class-ref></text></reference></title-part><title-part><text>SINKS</text></title-part></class-title></classification-item>
<classification-item breakdown-code="false" not-allocatable="true" level="5" additional-only="false" link-file="cpc-scheme-E03D.xml" sort-key="E03D" definition-exists="true" date-revised="2013-01-01" status="published"><classification-symbol>E03D</classification-symbol><class-title date-revised="2013-01-01"><title-part><text>WATER-CLOSETS OR URINALS WITH FLUSHING DEVICES</text></title-part><title-part><text>FLUSHING VALVES THEREFOR</text></title-part></class-title></classification-item>
<classification-item breakdown-code="false" not-allocatable="true" level="5" additional-only="false" link-file="cpc-scheme-E03F.xml" sort-key="E03F" definition-exists="true" date-revised="2013-01-01" status="published"><classification-symbol>E03F</classification-symbol><class-title date-revised="2013-01-01"><title-part><text>SEWERS</text></title-part><title-part><text>CESSPOOLS</text></title-part></class-title></classification-item></classification-item>
<classification-item breakdown-code="false" not-allocatable="true" level="4" additional-only="false" sort-key="E04" date-revised="2013-01-01" status="published"><classification-symbol>E04</classification-symbol><class-title date-revised="2013-01-01"><title-part><text>BUILDING </text><reference><text>layered materials, layered products in general <class-ref scheme="cpc">B32B</class-ref></text></reference></title-part></class-title>
<classification-item breakdown-code="false" not-allocatable="true" level="5" additional-only="false" link-file="cpc-scheme-E04B.xml" sort-key="E04B" definition-exists="true" date-revised="2018-01-01" status="published"><classification-symbol>E04B</classification-symbol><class-title date-revised="2013-01-01"><title-part><text>GENERAL BUILDING CONSTRUCTIONS</text></title-part><title-part><text>WALLS, e.g. PARTITIONS</text></title-part><title-part><text>ROOFS</text></title-part><title-part><text>FLOORS</text></title-part><title-part><text>CEILINGS</text></title-part><title-part><text>INSULATION OR OTHER PROTECTION OF BUILDINGS </text><reference><text>border constructions of opening in walls, floors or ceilings <class-ref scheme="cpc">E06B1/00</class-ref>; </text><CPC-specific-text><text>electromagnetic shielding <class-ref scheme="cpc">H05K9/0001</class-ref></text></CPC-specific-text></reference></title-part></class-title><notes-and-warnings date-revised="2013-01-01"><note type="note"><note-paragraph>In this subclass, the following term is used with the meaning indicated: <subnote type="bullet"><note-paragraph>&quot;ceiling&quot; includes all the finishing material concealing the underside of the load-carrying ceiling structure or roof structure.</note-paragraph></subnote></note-paragraph></note><note type="warning"><note-paragraph warning-type="ipc-not-used">The following IPC groups are not in the CPC scheme. The subject matter for these IPC groups is classified in the following CPC groups: <table><row><entry><class-ref scheme="ipc">E04B1/682</class-ref></entry><entry> covered by </entry><entry><class-ref scheme="cpc">E04B1/68</class-ref></entry></row><row><entry><class-ref scheme="ipc">E04B1/684</class-ref></entry><entry> covered by </entry><entry><class-ref scheme="cpc">E04B1/68</class-ref></entry></row><row><entry><class-ref scheme="ipc">E04B1/686</class-ref></entry><entry> covered by </entry><entry><class-ref scheme="cpc">E04B1/68</class-ref></entry></row></table></note-paragraph></note></notes-and-warnings></classification-item>
<classification-item breakdown-code="false" not-allocatable="true" level="5" additional-only="false" link-file="cpc-scheme-E04C.xml" sort-key="E04C" definition-exists="true" date-revised="2013-01-01" status="published"><classification-symbol>E04C</classification-symbol><class-title date-revised="2013-01-01"><title-part><text>STRUCTURAL ELEMENTS</text></title-part><title-part><text>BUILDING MATERIALS </text><reference><text>for bridges <class-ref scheme="cpc">E01D</class-ref>; specially designed for insulation or other protection <class-ref scheme="cpc">E04B</class-ref>; elements used as building aids <class-ref scheme="cpc">E04G</class-ref>; for mining <class-ref scheme="cpc">E21</class-ref>; for tunnels <class-ref scheme="cpc">E21D</class-ref>; structural elements with broader range of application than for building engineering <class-ref scheme="cpc">F16</class-ref>, particularly <class-ref scheme="cpc">F16S</class-ref></text></reference></title-part></class-title></classification-item>
<classification-item breakdown-code="false" not-allocatable="true" level="5" additional-only="false" link-file="cpc-scheme-E04D.xml" sort-key="E04D" definition-exists="true" date-revised="2018-01-01" status="published"><classification-symbol>E04D</classification-symbol><class-title date-revised="2013-01-01"><title-part><text>ROOF COVERINGS</text></title-part><title-part><text>SKY-LIGHTS</text></title-part><title-part><text>GUTTERS</text></title-part><title-part><text>ROOF-WORKING TOOLS </text><reference><text>coverings of outer walls by plaster or other porous material <class-ref scheme="cpc">E04F13/00</class-ref></text></reference></title-part></class-title><notes-and-warnings date-revised="2013-01-01"><note type="note"><note-paragraph>In this subclass, the following expression is used with the meaning indicated: <subnote type="bullet"><note-paragraph>&quot;roof coverings&quot; includes any similar kind of watertight covering against rain, snow, hail, or the like, for other parts of buildings</note-paragraph></subnote></note-paragraph></note><note type="warning"><note-paragraph warning-type="ipc-not-used">The following IPC groups are not in the CPC scheme. The subject matter for these IPC groups is classified in the following CPC groups: <table><row><entry><class-ref scheme="ipc">E04D3/3645</class-ref></entry><entry> covered by </entry><entry><class-ref scheme="cpc">E04D3/363</class-ref></entry></row><row><entry><class-ref scheme="ipc">E04D3/367</class-ref></entry><entry> covered by </entry><entry><class-ref scheme="cpc">E04D3/364</class-ref></entry></row><row><entry><class-ref scheme="ipc">E04D13/18</class-ref></entry><entry> covered by </entry><entry><class-ref scheme="cpc">F24J2/00</class-ref>, <class-ref scheme="cpc">H02S20/23</class-ref></entry></row></table></note-paragraph></note></notes-and-warnings></classification-item>
<classification-item breakdown-code="false" not-allocatable="true" level="5" additional-only="false" link-file="cpc-scheme-E04F.xml" sort-key="E04F" definition-exists="true" date-revised="2018-01-01" status="published"><classification-symbol>E04F</classification-symbol><class-title date-revised="2013-01-01"><title-part><text>FINISHING WORK ON BUILDINGS, e.g. STAIRS, FLOORS </text><reference><text>windows, doors <class-ref scheme="cpc">E06B</class-ref></text></reference></title-part></class-title><notes-and-warnings date-revised="2013-01-01"><note type="warning"><note-paragraph warning-type="ipc-not-used">The following IPC groups are not in the CPC scheme. The subject matter for these IPC groups is classified in the following CPC groups: <table><row><entry><class-ref scheme="ipc">E04F11/09</class-ref></entry><entry> covered by </entry><entry><class-ref scheme="cpc">E04F11/02</class-ref></entry></row><row><entry><class-ref scheme="ipc">E04F11/17</class-ref></entry><entry> covered by </entry><entry><class-ref scheme="cpc">E04F11/16</class-ref></entry></row></table></note-paragraph></note></notes-and-warnings></classification-item>
<classification-item breakdown-code="false" not-allocatable="true" level="5" additional-only="false" link-file="cpc-scheme-E04G.xml" sort-key="E04G" definition-exists="true" date-revised="2018-01-01" status="published"><classification-symbol>E04G</classification-symbol><class-title date-revised="2013-01-01"><title-part><text>SCAFFOLDING</text></title-part><title-part><text>FORMS</text></title-part><title-part><text>SHUTTERING</text></title-part><title-part><text>BUILDING IMPLEMENTS OR OTHER BUILDING AIDS, OR THEIR USE</text></title-part><title-part><text>HANDLING BUILDING MATERIALS ON THE SITE</text></title-part><title-part><text>REPAIRING, BREAKING-UP OR OTHER WORK ON EXISTING BUILDINGS</text></title-part></class-title><notes-and-warnings date-revised="2013-01-01"><note type="note"><note-paragraph>In this subclass the word &quot;scaffolding&quot; includes other supports for like purposes </note-paragraph></note><note type="warning"><note-paragraph warning-type="ipc-not-used">The following IPC groups are not in the CPC scheme. The subject matter for these IPC groups is classified in the following CPC groups: <table><row><entry><class-ref scheme="ipc">E04G23/03</class-ref></entry><entry> covered by </entry><entry/></row></table></note-paragraph></note></notes-and-warnings></classification-item>
<classification-item breakdown-code="false" not-allocatable="true" level="5" additional-only="false" link-file="cpc-scheme-E04H.xml" sort-key="E04H" definition-exists="true" date-revised="2018-01-01" status="published"><classification-symbol>E04H</classification-symbol><class-title date-revised="2013-01-01"><title-part><text>BUILDINGS OR LIKE STRUCTURES FOR PARTICULAR PURPOSES</text></title-part><title-part><text>SWIMMING OR SPLASH BATHS OR POOLS</text></title-part><title-part><text>MASTS</text></title-part><title-part><text>FENCING</text></title-part><title-part><text>TENTS OR CANOPIES, IN GENERAL </text><reference><text>foundations <class-ref scheme="cpc">E02D</class-ref></text></reference></title-part></class-title><notes-and-warnings date-revised="2013-01-01"><note type="note"><note-paragraph>This subclass deals primarily with the layout of buildings as a whole, but includes details which are peculiar to types of buildings or buildings for special purposes, specified in the groups. The word &quot;buildings&quot; does not exclude engineering structures and other constructions</note-paragraph><note-paragraph>This subclass provides for canopies in general and for canopies similar in construction to tents. For canopies having special application, <u>see</u> the relevant class, e.g. bed canopies <class-ref scheme="cpc">A47C29/00</class-ref>; protecting chairs against the weather <class-ref scheme="cpc">A47C7/66</class-ref>; sunshades or awnings for buildings <class-ref scheme="cpc">E04F10/00</class-ref></note-paragraph><note-paragraph>In this subclass, the term &quot;tent&quot; means a tent or canopy having a supporting means, e.g. frame and a flexible cover</note-paragraph></note><note type="warning"><note-paragraph warning-type="ipc-not-used">The following IPC groups are not in the CPC scheme. The subject matter for these IPC groups is classified in the following CPC groups: <table><row><entry><class-ref scheme="ipc">E04H4/02</class-ref></entry><entry> covered by </entry><entry><class-ref scheme="cpc">E04H4/0018</class-ref>, <class-ref scheme="cpc">E04H4/0075</class-ref></entry></row><row><entry><class-ref scheme="ipc">E04H4/04</class-ref></entry><entry> covered by </entry><entry><class-ref scheme="cpc">E04H4/0018</class-ref>, <class-ref scheme="cpc">E04H4/0075</class-ref></entry></row></table></note-paragraph></note></notes-and-warnings></classification-item></classification-item>
<classification-item breakdown-code="false" not-allocatable="true" level="4" additional-only="false" sort-key="E05" date-revised="2016-05-01" status="published"><classification-symbol>E05</classification-symbol><class-title date-revised="2013-01-01"><title-part><text>LOCKS</text></title-part><title-part><text>KEYS</text></title-part><title-part><text>WINDOW OR DOOR FITTINGS</text></title-part><title-part><text>SAFES</text></title-part></class-title><notes-and-warnings><note type="note"><note-paragraph>In this class, the following terms are used with the meanings indicated : <subnote type="bullet"><note-paragraph>&quot;Wing&quot; is a general term for swingable, slidable, or otherwise  movable doors or windows. This term also includes other movable  structures such as drawers, lids of chests, car boots, or car  bonnets, to which the operating, mounting, latching, or locking  means covered by this class may be applied; </note-paragraph><note-paragraph>&quot;Frame&quot; means any member to which a wing may be held by a  fastening device. It does not include a framework forming part  of the wing, but it may be another wing; </note-paragraph><note-paragraph>&quot;Lock&quot; means primarily a device for releasing or securing any  member, which requires a key or a permutation mechanism for  release. In groups <class-ref scheme="cpc">E05B1/00</class-ref>&#160;-&#160;<class-ref scheme="cpc">E05B9/00</class-ref>, <class-ref scheme="cpc">E05B13/00</class-ref>&#160;-&#160;<class-ref scheme="cpc">E05B17/00</class-ref>, <class-ref scheme="cpc">E05B39/00</class-ref>&#160;-&#160;<class-ref scheme="cpc">E05B47/00</class-ref>, <class-ref scheme="cpc">E05B51/00</class-ref>, <class-ref scheme="cpc">E05B53/00</class-ref>, <class-ref scheme="cpc">E05B63/00</class-ref> and <class-ref scheme="cpc">E05B65/00</class-ref> however, the term &quot;lock&quot; may include other fastening  devices; </note-paragraph><note-paragraph>&quot;Bolt&quot; means a sliding, pivoted, or otherwise movable member  such as is normally carried by a door to hold it shut by  engagement with a keeper on the frame. It may be operated by  hand directly or through mechanism or by a key; it may be a  latch (see (5) below); </note-paragraph><note-paragraph>&quot;Latch&quot; means a bolt arranged to be moved to the releasing  position against the force of a spring, or some other returning  force, when a wing meets the frame on closing, so that it does  not have to be operated by hand to secure the wing, but only to  open it; </note-paragraph><note-paragraph>&quot;Hasp&quot; means a member hinged to the frame or wing so that it  can be moved towards the face of the wing or frame and secured  thereto, e.g. by a turn-button, by a padlock and staple.</note-paragraph></subnote></note-paragraph></note></notes-and-warnings>
<classification-item breakdown-code="false" not-allocatable="true" level="5" additional-only="false" link-file="cpc-scheme-E05B.xml" sort-key="E05B" definition-exists="true" date-revised="2018-01-01" status="published"><classification-symbol>E05B</classification-symbol><class-title date-revised="2013-01-01"><title-part><text>LOCKS</text></title-part><title-part><text>ACCESSORIES THEREFOR</text></title-part><title-part><text>HANDCUFFS</text></title-part></class-title><notes-and-warnings><note type="note"><note-paragraph>Operating or controlling of locks for vehicle wings are classified in groups <class-ref scheme="cpc">E05B77/00</class-ref>-<class-ref scheme="cpc">E05B81/00</class-ref>.</note-paragraph><note-paragraph>Knobs, handles or press buttons for locks of vehicle wings are classified in <class-ref scheme="cpc">E05B79/00</class-ref>-<class-ref scheme="cpc">E05B85/00</class-ref>.</note-paragraph><note-paragraph><CPC-specific-note>In this subclass, it is desirable to add the indexing code(s) of <class-ref scheme="cpc">E05Y</class-ref>.</CPC-specific-note></note-paragraph></note><note type="warning"><note-paragraph warning-type="ipc-not-used">The following IPC groups are not in the CPC scheme. The subject matter for these IPC groups is classified in the following CPC groups: <table><row><entry><class-ref scheme="ipc">E05B1/02</class-ref>-<class-ref scheme="ipc">E05B9/06</class-ref></entry><entry> covered by </entry><entry/></row><row><entry><class-ref scheme="ipc">E05B13/02</class-ref>-<class-ref scheme="ipc">E05B13/08</class-ref></entry><entry> covered by </entry><entry/></row><row><entry><class-ref scheme="ipc">E05B15/12</class-ref></entry><entry> covered by </entry><entry/></row><row><entry><class-ref scheme="ipc">E05B17/02</class-ref></entry><entry> covered by </entry><entry/></row><row><entry><class-ref scheme="ipc">E05B19/02</class-ref></entry><entry> covered by </entry><entry/></row><row><entry><class-ref scheme="ipc">E05B19/06</class-ref>-<class-ref scheme="ipc">E05B19/08</class-ref></entry><entry> covered by </entry><entry/></row><row><entry><class-ref scheme="ipc">E05B19/10</class-ref>-<class-ref scheme="ipc">E05B19/12</class-ref></entry><entry> covered by </entry><entry/></row><row><entry><class-ref scheme="ipc">E05B19/16</class-ref></entry><entry> covered by </entry><entry/></row><row><entry><class-ref scheme="ipc">E05B21/02</class-ref>-<class-ref scheme="ipc">E05B21/04</class-ref></entry><entry> covered by </entry><entry/></row><row><entry><class-ref scheme="ipc">E05B25/00</class-ref>-<class-ref scheme="ipc">E05B25/10</class-ref></entry><entry> covered by </entry><entry/></row><row><entry><class-ref scheme="ipc">E05B27/04</class-ref>-<class-ref scheme="ipc">E05B27/06</class-ref></entry><entry> covered by </entry><entry/></row><row><entry><class-ref scheme="ipc">E05B29/02</class-ref>-<class-ref scheme="ipc">E05B29/14</class-ref></entry><entry> covered by </entry><entry/></row><row><entry><class-ref scheme="ipc">E05B35/04</class-ref></entry><entry> covered by </entry><entry/></row><row><entry><class-ref scheme="ipc">E05B37/06</class-ref></entry><entry> covered by </entry><entry/></row><row><entry><class-ref scheme="ipc">E05B37/18</class-ref></entry><entry> covered by </entry><entry/></row><row><entry><class-ref scheme="ipc">E05B37/22</class-ref></entry><entry> covered by </entry><entry/></row><row><entry><class-ref scheme="ipc">E05B45/14</class-ref></entry><entry> covered by </entry><entry/></row><row><entry><class-ref scheme="ipc">E05B47/04</class-ref></entry><entry> covered by </entry><entry/></row><row><entry><class-ref scheme="ipc">E05B47/08</class-ref></entry><entry> covered by </entry><entry/></row><row><entry><class-ref scheme="ipc">E05B49/02</class-ref>-<class-ref scheme="ipc">E05B49/04</class-ref></entry><entry> covered by </entry><entry/></row><row><entry><class-ref scheme="ipc">E05B55/02</class-ref></entry><entry> covered by </entry><entry/></row><row><entry><class-ref scheme="ipc">E05B55/04</class-ref></entry><entry> covered by </entry><entry/></row><row><entry><class-ref scheme="ipc">E05B55/08</class-ref></entry><entry> covered by </entry><entry/></row><row><entry><class-ref scheme="ipc">E05B55/10</class-ref></entry><entry> covered by </entry><entry/></row><row><entry><class-ref scheme="ipc">E05B55/14</class-ref>-<class-ref scheme="ipc">E05B55/16</class-ref></entry><entry> covered by </entry><entry/></row><row><entry><class-ref scheme="ipc">E05B59/02</class-ref>-<class-ref scheme="ipc">E05B59/06</class-ref></entry><entry> covered by </entry><entry/></row><row><entry><class-ref scheme="ipc">E05B65/04</class-ref></entry><entry> covered by </entry><entry/></row><row><entry><class-ref scheme="ipc">E05B67/12</class-ref></entry><entry> covered by </entry><entry/></row><row><entry><class-ref scheme="ipc">E05B67/16</class-ref></entry><entry> covered by </entry><entry/></row><row><entry><class-ref scheme="ipc">E05B67/20</class-ref></entry><entry> covered by </entry><entry/></row><row><entry><class-ref scheme="ipc">E05B67/30</class-ref></entry><entry> covered by </entry><entry/></row><row><entry><class-ref scheme="ipc">E05B67/34</class-ref></entry><entry> covered by </entry><entry/></row><row><entry><class-ref scheme="ipc">E05B71/02</class-ref></entry><entry> covered by </entry><entry/></row></table></note-paragraph></note></notes-and-warnings></classification-item>
<classification-item breakdown-code="false" not-allocatable="true" level="5" additional-only="false" link-file="cpc-scheme-E05C.xml" sort-key="E05C" definition-exists="true" date-revised="2018-01-01" status="published"><classification-symbol>E05C</classification-symbol><class-title date-revised="2013-01-01"><title-part><text>BOLTS OR FASTENING DEVICES FOR WINGS, SPECIALLY FOR DOORS OR WINDOWS </text><reference><text>latching means for sideboard or tailgate structures for vehicles <class-ref scheme="cpc">B62D</class-ref>, </text><CPC-specific-text><text><class-ref scheme="cpc">B62D33/02</class-ref></text></CPC-specific-text><text>; fastening devices for constructional or engineering elements <class-ref scheme="cpc">E04</class-ref>, <class-ref scheme="cpc">F16B</class-ref>; locks, fastening devices structurally or operatively combined or having significant cooperation with locks <class-ref scheme="cpc">E05B</class-ref>; means for operating or controlling wing fasteners in conjunction with mechanisms for moving the wing <class-ref scheme="cpc">E05F</class-ref></text></reference></title-part></class-title><notes-and-warnings date-revised="2013-01-01"><note type="note"><note-paragraph>In this subclass only the movement essential for securing the wing is considered, e.g. a sliding bolt which is rotated on its axis to prevent its withdrawal is classified as having only a sliding movement</note-paragraph><note-paragraph>Attention is drawn to the definition following the title of class <class-ref scheme="cpc">E05</class-ref></note-paragraph><note-paragraph><CPC-specific-note>In this subclass, it is desirable to add the indexing code(s) of <class-ref scheme="cpc">E05Y</class-ref>.</CPC-specific-note></note-paragraph></note><note type="warning"><note-paragraph warning-type="ipc-not-used">The following IPC groups are not in the CPC scheme. The subject matter for these IPC groups is classified in the following CPC groups: <table><row><entry><class-ref scheme="ipc">E05C3/32</class-ref></entry><entry> covered by </entry><entry/></row><row><entry><class-ref scheme="ipc">E05C17/06</class-ref></entry><entry> covered by </entry><entry/></row><row><entry><class-ref scheme="ipc">E05C17/10</class-ref></entry><entry> covered by </entry><entry/></row><row><entry><class-ref scheme="ipc">E05C21/02</class-ref></entry><entry> covered by </entry><entry/></row></table></note-paragraph></note></notes-and-warnings></classification-item>
<classification-item breakdown-code="false" not-allocatable="true" level="5" additional-only="false" link-file="cpc-scheme-E05D.xml" sort-key="E05D" definition-exists="true" date-revised="2018-01-01" status="published"><classification-symbol>E05D</classification-symbol><class-title date-revised="2015-10-01"><title-part><text>HINGES OR OTHER SUSPENSION DEVICES FOR DOORS, WINDOWS OR WINGS </text><reference><CPC-specific-text><text>foldable tables <class-ref scheme="cpc">A47B3/00</class-ref>; hinged panels <class-ref scheme="cpc">A47B5/00</class-ref>; foldable chairs <class-ref scheme="cpc">A47C4/00</class-ref>; making hinges <class-ref scheme="cpc">B21D53/40</class-ref>, <class-ref scheme="cpc">B21K13/02</class-ref>; making holes for taking-up fittings <class-ref scheme="cpc">B27F5/12</class-ref>; for vehicle tailboards <class-ref scheme="cpc">B60P1/26</class-ref>; for refuse receptacles <class-ref scheme="cpc">B65F1/1646</class-ref></text></CPC-specific-text><text> ; pivotal connections in general <class-ref scheme="cpc">F16C11/00</class-ref> </text><CPC-specific-text><text>; mounting of stove or range doors <class-ref scheme="cpc">F24C15/023</class-ref>; for folding flat displays of portable computers <class-ref scheme="cpc">G06F1/1616</class-ref></text></CPC-specific-text></reference></title-part></class-title><notes-and-warnings date-revised="2013-01-01"><note type="warning"><note-paragraph warning-type="ipc-not-used">The following IPC groups are not in the CPC scheme. The subject matter for these IPC groups is classified in the following CPC groups: <table><row><entry><class-ref scheme="ipc">E05D5/16</class-ref></entry><entry> covered by </entry><entry><class-ref scheme="cpc">E05D5/14</class-ref></entry></row><row><entry><class-ref scheme="ipc">E05D7/081</class-ref></entry><entry> covered by </entry><entry><class-ref scheme="cpc">E05D7/08</class-ref></entry></row><row><entry><class-ref scheme="ipc">E05D7/083</class-ref></entry><entry> covered by </entry><entry><class-ref scheme="cpc">E05D7/082</class-ref></entry></row><row><entry><class-ref scheme="ipc">E05D15/04</class-ref></entry><entry> covered by </entry><entry><class-ref scheme="cpc">E05D15/02</class-ref>, <class-ref scheme="cpc">E05D15/28</class-ref>, <class-ref scheme="cpc">E05D15/403</class-ref></entry></row><row><entry><class-ref scheme="ipc">E05D15/522</class-ref></entry><entry> covered by </entry><entry><class-ref scheme="cpc">E05D15/52</class-ref></entry></row><row><entry><class-ref scheme="ipc">E05D15/523</class-ref></entry><entry> covered by </entry><entry><class-ref scheme="cpc">E05D15/52</class-ref></entry></row><row><entry><class-ref scheme="ipc">E05D15/524</class-ref></entry><entry> covered by </entry><entry><class-ref scheme="cpc">E05D15/52</class-ref></entry></row></table></note-paragraph></note></notes-and-warnings></classification-item>
<classification-item breakdown-code="false" not-allocatable="true" level="5" additional-only="false" link-file="cpc-scheme-E05F.xml" sort-key="E05F" definition-exists="true" date-revised="2013-01-01" status="published"><classification-symbol>E05F</classification-symbol><class-title date-revised="2013-01-01"><title-part><text>DEVICES FOR MOVING WINGS INTO OPEN OR CLOSED POSITION</text></title-part><title-part><text>CHECKS FOR WINGS</text></title-part><title-part><text>WING FITTINGS NOT OTHERWISE PROVIDED FOR, CONCERNED WITH THE FUNCTIONING OF THE WING</text></title-part></class-title><notes-and-warnings date-revised="2013-01-01"><note type="note"><note-paragraph> In this subclass, the following terms are used with the meanings indicated: <subnote type="bullet"><note-paragraph>&quot;closer&quot; or &quot;opener&quot; includes devices for assisting wing-movement or for wing-counterbalancing.</note-paragraph></subnote></note-paragraph></note></notes-and-warnings></classification-item>
<classification-item breakdown-code="false" not-allocatable="true" level="5" additional-only="false" link-file="cpc-scheme-E05G.xml" sort-key="E05G" definition-exists="true" date-revised="2013-01-01" status="published"><classification-symbol>E05G</classification-symbol><class-title date-revised="2013-01-01"><title-part><text>SAFES OR STRONG-ROOMS FOR VALUABLES</text></title-part><title-part><text>BANK PROTECTION DEVICES</text></title-part><title-part><text>SAFETY TRANSACTION PARTITIONS </text><reference><CPC-specific-text><text>devices to prevent theft of bags, trunks or baskets <class-ref scheme="cpc">A45C13/18</class-ref>;</text></CPC-specific-text><text> alarm arrangements <u>per se</u> <class-ref scheme="cpc">G08B</class-ref></text></reference></title-part></class-title><notes-and-warnings date-revised="2013-01-01"><note type="note"><note-paragraph>In this subclass, the following terms are used with the meanings indicated: <subnote type="bullet"><note-paragraph>&quot;bank&quot; is a building or portion of a building devoted to the safekeeping or exchange of valuables between the &quot;bank&quot; and its customers; </note-paragraph><note-paragraph>&quot;bank protection device&quot; is a mechanism in or on a bank for protecting the valuables or repelling attacks by stealth or force.</note-paragraph></subnote></note-paragraph></note></notes-and-warnings></classification-item>
<classification-item breakdown-code="false" not-allocatable="true" level="5" additional-only="false" link-file="cpc-scheme-E05Y.xml" sort-key="E05Y" definition-exists="false" date-revised="2013-01-01" status="published"><classification-symbol>E05Y</classification-symbol><class-title date-revised="2013-01-01"><title-part><text>INDEXING SCHEME RELATING TO HINGES OR OTHER SUSPENSION DEVICES FOR DOORS, WINDOWS OR WINGS AND DEVICES FOR MOVING WINGS INTO OPEN OR CLOSED POSITION, CHECKS FOR WINGS AND WING FITTINGS NOT OTHERWISE PROVIDED FOR, CONCERNED WITH THE FUNCTIONING OF THE WING</text></title-part></class-title></classification-item></classification-item>
<classification-item breakdown-code="false" not-allocatable="true" level="4" additional-only="false" sort-key="E06" date-revised="2013-01-01" status="published"><classification-symbol>E06</classification-symbol><class-title date-revised="2013-01-01"><title-part><text>DOORS, WINDOWS, SHUTTERS, OR ROLLER BLINDS IN GENERAL</text></title-part><title-part><text>LADDERS</text></title-part></class-title>
<classification-item breakdown-code="false" not-allocatable="true" level="5" additional-only="false" link-file="cpc-scheme-E06B.xml" sort-key="E06B" definition-exists="true" date-revised="2018-01-01" status="published"><classification-symbol>E06B</classification-symbol><class-title date-revised="2013-01-01"><title-part><text>FIXED OR MOVABLE CLOSURES FOR OPENINGS IN BUILDINGS, VEHICLES, FENCES OR LIKE ENCLOSURES IN GENERAL, e.g. DOORS, WINDOWS, BLINDS, GATES </text><reference><text>shades or blinds for greenhouses <class-ref scheme="cpc">A01G9/22</class-ref>; curtains <class-ref scheme="cpc">A47H</class-ref>; lids for car boots or bonnets <class-ref scheme="cpc">B62D25/10</class-ref>; skylights <class-ref scheme="cpc">E04B7/18</class-ref>; sunshades, awnings <class-ref scheme="cpc">E04F10/00</class-ref></text></reference></title-part></class-title><notes-and-warnings date-revised="2013-01-01"><note type="note"><note-paragraph> This subclass <u>does not cover</u> combinations of wings or frames with operating, mounting, latching or locking means of the type found in class <class-ref scheme="cpc">E05</class-ref>, which are covered by the relevant subclasses of class <class-ref scheme="cpc">E05</class-ref>, except such as are covered by groups <class-ref scheme="cpc">E06B7/086</class-ref>, <class-ref scheme="cpc">E06B9/00</class-ref>, or <class-ref scheme="cpc">E06B11/02</class-ref> of this subclass. </note-paragraph><note-paragraph> In this subclass, the following terms or expressions are used with the meanings indicated: <subnote type="bullet"><note-paragraph>&quot;wing&quot; means a swingable, slidable or otherwise movable member such as a door or window, for closing an opening; </note-paragraph><note-paragraph>&quot;wing frame&quot; means the peripheral edge or edges which define the outer border of the wing. </note-paragraph></subnote></note-paragraph><note-paragraph>For vehicle door or window arrangements, attention is drawn to Note (1) following the title of subclass <class-ref scheme="cpc">B60J</class-ref>.</note-paragraph></note><note type="warning"><note-paragraph warning-type="ipc-not-used">The following IPC groups are not in the CPC scheme. The subject matter for these IPC groups is classified in the following CPC groups: <table><row><entry><class-ref scheme="ipc">E06B11/06</class-ref></entry><entry> covered by </entry><entry><class-ref scheme="cpc">E05B65/0007</class-ref></entry></row></table></note-paragraph></note></notes-and-warnings></classification-item>
<classification-item breakdown-code="false" not-allocatable="true" level="5" additional-only="false" link-file="cpc-scheme-E06C.xml" sort-key="E06C" definition-exists="true" date-revised="2013-01-01" status="published"><classification-symbol>E06C</classification-symbol><class-title date-revised="2013-01-01"><title-part><text>LADDERS </text><reference><text><class-ref scheme="cpc">E04F11/00</class-ref> takes precedence; step-stools <class-ref scheme="cpc">A47C12/00</class-ref>; adaptation of ladders to use on ships <class-ref scheme="cpc">B63B</class-ref>, to use on aircraft <class-ref scheme="cpc">B64</class-ref>; scaffolding <class-ref scheme="cpc">E04G</class-ref></text></reference></title-part></class-title></classification-item></classification-item></classification-item>
<classification-item breakdown-code="false" not-allocatable="true" level="3" additional-only="false" sort-key="E21" date-revised="2013-01-01" status="published"><classification-symbol>E21</classification-symbol><class-title date-revised="2013-01-01"><title-part><text>EARTH DRILLING</text></title-part><title-part><text>MINING</text></title-part></class-title>
<classification-item breakdown-code="false" not-allocatable="true" level="4" additional-only="false" sort-key="E21" date-revised="2013-01-01" status="published"><classification-symbol>E21</classification-symbol><class-title date-revised="2013-01-01"><title-part><text>EARTH DRILLING</text></title-part><title-part><text>MINING</text></title-part></class-title>
<classification-item breakdown-code="false" not-allocatable="true" level="5" additional-only="false" link-file="cpc-scheme-E21B.xml" sort-key="E21B" definition-exists="true" date-revised="2018-01-01" status="published"><classification-symbol>E21B</classification-symbol><class-title date-revised="2013-01-01"><title-part><text>EARTH DRILLING, e.g. DEEP DRILLING </text><reference><text>mining, quarrying <class-ref scheme="cpc">E21C</class-ref>; making shafts, driving galleries or tunnels <class-ref scheme="cpc">E21D</class-ref></text></reference></title-part><title-part><text>OBTAINING OIL, GAS, WATER, SOLUBLE OR MELTABLE MATERIALS OR A SLURRY OF MINERALS FROM WELLS</text></title-part></class-title><notes-and-warnings date-revised="2013-01-01"><note type="warning"><note-paragraph warning-type="ipc-not-used">The following IPC groups are not in the CPC scheme. The subject matter for these IPC groups is classified in the following CPC groups: <table><row><entry><class-ref scheme="ipc">E21B1/12</class-ref> - <class-ref scheme="ipc">E21B1/38</class-ref></entry><entry> covered by </entry><entry><class-ref scheme="cpc">E21B1/00</class-ref></entry></row><row><entry><class-ref scheme="ipc">E21B7/08</class-ref></entry><entry> covered by </entry><entry><class-ref scheme="cpc">E21B7/06</class-ref></entry></row><row><entry><class-ref scheme="ipc">E21B11/04</class-ref></entry><entry> covered by </entry><entry><class-ref scheme="cpc">E21B27/00</class-ref></entry></row><row><entry><class-ref scheme="ipc">E21B23/12</class-ref></entry><entry> covered by </entry><entry><class-ref scheme="cpc">E21B23/002</class-ref></entry></row><row><entry><class-ref scheme="ipc">E21B31/08</class-ref></entry><entry> covered by </entry><entry><class-ref scheme="cpc">E21B27/00</class-ref></entry></row><row><entry><class-ref scheme="ipc">E21B43/22</class-ref></entry><entry> covered by </entry><entry><class-ref scheme="cpc">C09K8/58</class-ref></entry></row><row><entry><class-ref scheme="ipc">E21B43/27</class-ref></entry><entry> covered by </entry><entry/></row><row><entry><class-ref scheme="ipc">E21B47/001</class-ref>-<class-ref scheme="ipc">E21B47/009</class-ref></entry><entry> covered by </entry><entry/></row><row><entry><class-ref scheme="ipc">E21B47/013</class-ref>-<class-ref scheme="ipc">E21B47/017</class-ref></entry><entry> covered by </entry><entry/></row><row><entry><class-ref scheme="ipc">E21B47/0224</class-ref>-<class-ref scheme="ipc">E21B47/0236</class-ref></entry><entry> covered by </entry><entry/></row><row><entry><class-ref scheme="ipc">E21B47/047</class-ref>-<class-ref scheme="ipc">E21B47/053</class-ref></entry><entry> covered by </entry><entry/></row><row><entry><class-ref scheme="ipc">E21B47/07</class-ref></entry><entry> covered by </entry><entry/></row><row><entry><class-ref scheme="ipc">E21B47/085</class-ref></entry><entry> covered by </entry><entry/></row><row><entry><class-ref scheme="ipc">E21B47/092</class-ref>-<class-ref scheme="ipc">E21B47/098</class-ref></entry><entry> covered by </entry><entry/></row><row><entry><class-ref scheme="ipc">E21B47/103</class-ref>-<class-ref scheme="ipc">E21B47/117</class-ref></entry><entry> covered by </entry><entry/></row><row><entry><class-ref scheme="ipc">E21B47/125</class-ref>-<class-ref scheme="ipc">E21B47/135</class-ref></entry><entry> covered by </entry><entry/></row><row><entry><class-ref scheme="ipc">E21B47/20</class-ref>-<class-ref scheme="ipc">E21B47/24</class-ref></entry><entry> covered by </entry><entry/></row><row><entry><class-ref scheme="ipc">E21B47/26</class-ref></entry><entry> covered by </entry><entry/></row></table></note-paragraph></note></notes-and-warnings></classification-item>
<classification-item breakdown-code="false" not-allocatable="true" level="5" additional-only="false" link-file="cpc-scheme-E21C.xml" sort-key="E21C" definition-exists="true" date-revised="2018-01-01" status="published"><classification-symbol>E21C</classification-symbol><class-title date-revised="2013-01-01"><title-part><text>MINING OR QUARRYING</text></title-part></class-title><notes-and-warnings date-revised="2013-01-01"><note type="note"><note-paragraph>This subclass <u>covers</u> methods or apparatus specific to mining or quarrying</note-paragraph><note-paragraph>This subclass <u>does not cover</u>, even though they may be disclosed only for mining or quarrying, drill bits, bore reamers, core taking devices, drilling pipes or rods, handling, racking or connecting arrangements for drilling pipes or rods, counterboring or enlarging drilled holes, flame drilling, or other drilling apparatus, which are covered by subclass <class-ref scheme="cpc">E21B</class-ref></note-paragraph></note><note type="warning"><note-paragraph warning-type="ipc-not-used">The following IPC groups are not in the CPC scheme. The subject matter for these IPC groups is classified in the following CPC groups: <table><row><entry><class-ref scheme="ipc">E21B3/02</class-ref></entry><entry> covered by </entry><entry><class-ref scheme="cpc">E21B3/02</class-ref></entry></row><row><entry><class-ref scheme="ipc">E21B3/035</class-ref></entry><entry> covered by </entry><entry><class-ref scheme="cpc">E21B3/035</class-ref></entry></row><row><entry><class-ref scheme="ipc">E21B3/025</class-ref></entry><entry> covered by </entry><entry><class-ref scheme="cpc">E21B3/025</class-ref></entry></row><row><entry><class-ref scheme="ipc">E21B3/03</class-ref></entry><entry> covered by </entry><entry><class-ref scheme="cpc">E21B3/03</class-ref></entry></row><row><entry><class-ref scheme="ipc">E21B6/00</class-ref></entry><entry> covered by </entry><entry><class-ref scheme="cpc">E21B6/00</class-ref></entry></row><row><entry><class-ref scheme="not-mapped">E21C3/08</class-ref></entry><entry> covered by </entry><entry><class-ref scheme="cpc">B25D9/06</class-ref>, <class-ref scheme="not-mapped">B25D15/00</class-ref></entry></row><row><entry><class-ref scheme="not-mapped">E21C3/10</class-ref></entry><entry> covered by </entry><entry><class-ref scheme="not-mapped">B25D15/02</class-ref></entry></row><row><entry><class-ref scheme="not-mapped">E21C3/12</class-ref></entry><entry> covered by </entry><entry><class-ref scheme="cpc">B25D11/00</class-ref></entry></row><row><entry><class-ref scheme="not-mapped">E21C3/14</class-ref></entry><entry> covered by </entry><entry><class-ref scheme="cpc">B25D11/00</class-ref></entry></row><row><entry><class-ref scheme="not-mapped">E21C3/20</class-ref></entry><entry> covered by </entry><entry><class-ref scheme="cpc">B25D9/12</class-ref></entry></row><row><entry><class-ref scheme="not-mapped">E21C3/22</class-ref></entry><entry> covered by </entry><entry><class-ref scheme="cpc">B25D9/125</class-ref></entry></row><row><entry><class-ref scheme="not-mapped">B25D11/005</class-ref></entry><entry> covered by </entry><entry><class-ref scheme="cpc">B25D9/265</class-ref></entry></row><row><entry><class-ref scheme="not-mapped">E21C3/34</class-ref></entry><entry> covered by </entry><entry><class-ref scheme="cpc">B25D17/08</class-ref></entry></row><row><entry><class-ref scheme="ipc">E21B19/081</class-ref></entry><entry> covered by </entry><entry><class-ref scheme="cpc">E21B19/081</class-ref></entry></row><row><entry><class-ref scheme="ipc">E21B19/083</class-ref></entry><entry> covered by </entry><entry><class-ref scheme="cpc">E21B19/083</class-ref></entry></row><row><entry><class-ref scheme="ipc">E21B19/084</class-ref></entry><entry> covered by </entry><entry><class-ref scheme="cpc">E21B19/084</class-ref></entry></row><row><entry><class-ref scheme="ipc">E21B19/089</class-ref></entry><entry> covered by </entry><entry><class-ref scheme="cpc">E21B19/089</class-ref></entry></row><row><entry><class-ref scheme="ipc">E21B44/08</class-ref></entry><entry> covered by </entry><entry><class-ref scheme="cpc">E21B44/08</class-ref></entry></row><row><entry><class-ref scheme="ipc">E21B44/00</class-ref></entry><entry> covered by </entry><entry><class-ref scheme="cpc">E21B44/00</class-ref></entry></row><row><entry><class-ref scheme="ipc">E21B21/14</class-ref></entry><entry> covered by </entry><entry><class-ref scheme="cpc">E21B21/14</class-ref></entry></row><row><entry><class-ref scheme="ipc">E21B7/02</class-ref></entry><entry> covered by </entry><entry><class-ref scheme="cpc">E21B7/02</class-ref></entry></row><row><entry><class-ref scheme="ipc">E21C37/24</class-ref></entry><entry> covered by </entry><entry><class-ref scheme="cpc">B25D</class-ref></entry></row><row><entry><class-ref scheme="ipc">E21C37/26</class-ref></entry><entry> covered by </entry><entry><class-ref scheme="cpc">B25D</class-ref></entry></row><row><entry><class-ref scheme="ipc">E21C41/18</class-ref></entry><entry> covered by </entry><entry><class-ref scheme="cpc">E21C41/16</class-ref></entry></row><row><entry><class-ref scheme="ipc">E21C41/20</class-ref></entry><entry> covered by </entry><entry><class-ref scheme="cpc">E21C41/16</class-ref></entry></row><row><entry><class-ref scheme="ipc">E21C41/22</class-ref></entry><entry> covered by </entry><entry><class-ref scheme="cpc">E21C41/16</class-ref></entry></row><row><entry><class-ref scheme="ipc">E21C41/24</class-ref></entry><entry> covered by </entry><entry><class-ref scheme="cpc">E21C41/16</class-ref></entry></row><row><entry><class-ref scheme="ipc">E21C41/28</class-ref></entry><entry> covered by </entry><entry><class-ref scheme="cpc">E21C41/26</class-ref></entry></row><row><entry><class-ref scheme="ipc">E21C41/30</class-ref></entry><entry> covered by </entry><entry><class-ref scheme="cpc">E21C41/26</class-ref></entry></row><row><entry><class-ref scheme="ipc">E21C45/02</class-ref></entry><entry> covered by </entry><entry><class-ref scheme="cpc">E21C25/60</class-ref>, <class-ref scheme="cpc">E21C45/00</class-ref></entry></row><row><entry><class-ref scheme="ipc">E21C45/04</class-ref></entry><entry> covered by </entry><entry><class-ref scheme="cpc">E21C25/60</class-ref>, <class-ref scheme="cpc">E21C45/00</class-ref></entry></row><row><entry><class-ref scheme="ipc">E21C45/06</class-ref></entry><entry> covered by </entry><entry><class-ref scheme="cpc">E21C25/60</class-ref>, <class-ref scheme="cpc">E21C45/00</class-ref></entry></row><row><entry><class-ref scheme="ipc">E21C45/08</class-ref></entry><entry> covered by </entry><entry><class-ref scheme="cpc">E21C25/60</class-ref>, <class-ref scheme="cpc">E21C45/00</class-ref></entry></row><row><entry><class-ref scheme="ipc">E21C50/00</class-ref></entry><entry> covered by </entry><entry><class-ref scheme="cpc">E02F3/88</class-ref></entry></row><row><entry><class-ref scheme="ipc">E21C50/02</class-ref></entry><entry> covered by </entry><entry><class-ref scheme="cpc">E02F3/88</class-ref></entry></row></table></note-paragraph></note></notes-and-warnings></classification-item>
<classification-item breakdown-code="false" not-allocatable="true" level="5" additional-only="false" link-file="cpc-scheme-E21D.xml" sort-key="E21D" definition-exists="true" date-revised="2018-01-01" status="published"><classification-symbol>E21D</classification-symbol><class-title date-revised="2013-01-01"><title-part><text>SHAFTS</text></title-part><title-part><text>TUNNELS</text></title-part><title-part><text>GALLERIES</text></title-part><title-part><text>LARGE UNDERGROUND CHAMBERS </text><reference><text>soil-conditioning or soil-stabilising materials <class-ref scheme="cpc">C09K17/00</class-ref>; drilling or cutting machines for mining or quarrying <class-ref scheme="cpc">E21C</class-ref>; safety devices, transport, rescue, ventilation or drainage <class-ref scheme="cpc">E21F</class-ref></text></reference></title-part></class-title><notes-and-warnings date-revised="2013-01-01"><note type="warning"><note-paragraph warning-type="ipc-not-used">The following IPC groups are not in the CPC scheme. The subject matter for these IPC groups is classified in the following CPC groups: <table><row><entry><class-ref scheme="ipc">E21D13/02</class-ref></entry><entry> covered by </entry><entry><class-ref scheme="cpc">E21D13/00</class-ref></entry></row><row><entry><class-ref scheme="ipc">E21D13/04</class-ref></entry><entry> covered by </entry><entry><class-ref scheme="cpc">E21D13/00</class-ref></entry></row><row><entry><class-ref scheme="ipc">E21D15/582</class-ref></entry><entry> covered by </entry><entry><class-ref scheme="cpc">E21D15/58</class-ref></entry></row><row><entry><class-ref scheme="ipc">E21D15/59</class-ref></entry><entry> covered by </entry><entry><class-ref scheme="cpc">E21D15/44</class-ref>, <class-ref scheme="cpc">E21D15/58</class-ref></entry></row><row><entry><class-ref scheme="ipc">E21D17/022</class-ref></entry><entry> covered by </entry><entry><class-ref scheme="cpc">E21D17/02</class-ref></entry></row><row><entry><class-ref scheme="ipc">E21D17/05</class-ref></entry><entry> covered by </entry><entry><class-ref scheme="cpc">E21D17/0206</class-ref>, <class-ref scheme="cpc">E21D17/04</class-ref></entry></row><row><entry><class-ref scheme="ipc">E21D17/054</class-ref></entry><entry> covered by </entry><entry><class-ref scheme="cpc">E21D17/04</class-ref></entry></row><row><entry><class-ref scheme="ipc">E21D19/06</class-ref></entry><entry> covered by </entry><entry><class-ref scheme="cpc">E21D19/02</class-ref>, <class-ref scheme="cpc">E21D19/04</class-ref></entry></row></table></note-paragraph></note></notes-and-warnings></classification-item>
<classification-item breakdown-code="false" not-allocatable="true" level="5" additional-only="false" link-file="cpc-scheme-E21F.xml" sort-key="E21F" definition-exists="true" date-revised="2013-01-01" status="published"><classification-symbol>E21F</classification-symbol><class-title date-revised="2013-01-01"><title-part><text>SAFETY DEVICES, TRANSPORT, FILLING-UP, RESCUE, VENTILATION, OR DRAINING IN OR OF MINES OR TUNNELS</text></title-part></class-title></classification-item></classification-item></classification-item></classification-item></class-scheme>