<?xml version="1.0" encoding="UTF-8"?>
<class-scheme publication-date="2018-02-01" scheme-type="cpc" publication-type="official">
<classification-item breakdown-code="false" not-allocatable="true" level="5" additional-only="false" sort-key="B02B" definition-exists="true" date-revised="2013-01-01" status="published"><classification-symbol>B02B</classification-symbol><class-title date-revised="2013-01-01"><title-part><text>PREPARING GRAIN FOR MILLING</text></title-part><title-part><text>REFINING GRANULAR FRUIT TO COMMERCIAL PRODUCTS BY WORKING THE SURFACE </text><reference><text>making dough from cereals directly <class-ref scheme="cpc">A21C</class-ref>; preservation or sterilisation of cereals <class-ref scheme="cpc">A23B</class-ref>; cleaning fruit <class-ref scheme="cpc">A23N</class-ref>; preparation of malt <class-ref scheme="cpc">C12C</class-ref></text></reference></title-part></class-title>
<classification-item breakdown-code="false" not-allocatable="true" level="6" additional-only="false" sort-key="B02B1/00" date-revised="2013-01-01" status="published"><classification-symbol>B02B1/00</classification-symbol>
<classification-item breakdown-code="false" not-allocatable="false" level="7" additional-only="false" sort-key="B02B1/00" definition-exists="true" ipc-concordant="B02B1/00" c-set-base-allowed="false" c-set-subsequent-allowed="true" date-revised="2013-01-01" status="published"><classification-symbol>B02B1/00</classification-symbol><class-title date-revised="2013-01-01"><title-part><text>Preparing grain for milling or like processes </text><reference><text>hulling, husking, decorticating, polishing, removing the awns, or degerming <class-ref scheme="cpc">B02B3/00</class-ref></text></reference></title-part></class-title>
<classification-item breakdown-code="false" not-allocatable="false" level="8" additional-only="false" sort-key="B02B1/02" definition-exists="false" ipc-concordant="B02B1/02" c-set-base-allowed="false" c-set-subsequent-allowed="true" date-revised="2013-01-01" status="published"><classification-symbol>B02B1/02</classification-symbol><class-title date-revised="2013-01-01"><title-part><text>Dry treatment </text><reference><text>sifting or sorting in general <class-ref scheme="cpc">B07</class-ref></text></reference></title-part></class-title></classification-item>
<classification-item breakdown-code="false" not-allocatable="false" level="8" additional-only="false" sort-key="B02B1/04" definition-exists="false" ipc-concordant="B02B1/04" c-set-base-allowed="false" c-set-subsequent-allowed="true" date-revised="2016-08-01" status="published"><classification-symbol>B02B1/04</classification-symbol><class-title date-revised="2016-08-01"><title-part><text>Wet treatment, e.g. washing, wetting, softening</text></title-part></class-title>
<classification-item breakdown-code="false" not-allocatable="false" level="9" additional-only="false" sort-key="B02B1/06" definition-exists="false" ipc-concordant="B02B1/06" c-set-base-allowed="false" c-set-subsequent-allowed="true" date-revised="2013-01-01" status="published"><classification-symbol>B02B1/06</classification-symbol><class-title date-revised="2013-01-01"><title-part><text>Devices with rotary parts</text></title-part></class-title></classification-item></classification-item>
<classification-item breakdown-code="false" not-allocatable="false" level="8" additional-only="false" sort-key="B02B1/08" definition-exists="false" ipc-concordant="B02B1/08" c-set-base-allowed="false" c-set-subsequent-allowed="true" date-revised="2013-01-01" status="published"><classification-symbol>B02B1/08</classification-symbol><class-title date-revised="2013-01-01"><title-part><text>Conditioning grain with respect to temperature or water content </text><reference><text>air containing or ventilating of silos <class-ref scheme="cpc">F24F</class-ref>; drying apparatus <class-ref scheme="cpc">F26B</class-ref>; hygrometers <class-ref scheme="cpc">G01N</class-ref></text></reference></title-part></class-title></classification-item></classification-item>
<classification-item breakdown-code="false" not-allocatable="false" level="7" additional-only="false" sort-key="B02B3/00" definition-exists="true" ipc-concordant="B02B3/00" c-set-base-allowed="false" c-set-subsequent-allowed="true" date-revised="2013-01-01" status="published"><classification-symbol>B02B3/00</classification-symbol><class-title date-revised="2013-01-01"><title-part><text>Hulling</text></title-part><title-part><text>Husking</text></title-part><title-part><text>Decorticating </text><reference><text>decorticating textile fibres <class-ref scheme="cpc">D01B1/14</class-ref></text></reference></title-part><title-part><text>Polishing</text></title-part><title-part><text>Removing the awns </text><reference><text>in threshing machines <class-ref scheme="cpc">A01F12/42</class-ref></text></reference></title-part><title-part><text>Degerming</text></title-part></class-title>
<classification-item breakdown-code="false" not-allocatable="false" level="8" additional-only="false" sort-key="B02B3/02" definition-exists="false" ipc-concordant="B02B3/02" c-set-base-allowed="false" c-set-subsequent-allowed="true" date-revised="2013-01-01" status="published"><classification-symbol>B02B3/02</classification-symbol><class-title date-revised="2013-01-01"><title-part><text>by means of discs</text></title-part></class-title></classification-item>
<classification-item breakdown-code="false" not-allocatable="false" level="8" additional-only="false" sort-key="B02B3/04" definition-exists="false" ipc-concordant="B02B3/04" c-set-base-allowed="false" c-set-subsequent-allowed="true" date-revised="2013-01-01" status="published"><classification-symbol>B02B3/04</classification-symbol><class-title date-revised="2013-01-01"><title-part><text>by means of rollers</text></title-part></class-title>
<classification-item breakdown-code="false" not-allocatable="false" level="9" additional-only="false" sort-key="B02B3/045" definition-exists="false" ipc-concordant="B02B3/04" c-set-base-allowed="false" c-set-subsequent-allowed="true" date-revised="2013-01-01" status="published"><classification-symbol>B02B3/045</classification-symbol><class-title date-revised="2013-01-01"><title-part><CPC-specific-text><text>cooperating rollers</text></CPC-specific-text></title-part></class-title></classification-item></classification-item>
<classification-item breakdown-code="false" not-allocatable="false" level="8" additional-only="false" sort-key="B02B3/06" definition-exists="false" ipc-concordant="B02B3/06" c-set-base-allowed="false" c-set-subsequent-allowed="true" date-revised="2013-01-01" status="published"><classification-symbol>B02B3/06</classification-symbol><class-title date-revised="2013-01-01"><title-part><text>by means of screws or worms</text></title-part></class-title></classification-item>
<classification-item breakdown-code="false" not-allocatable="false" level="8" additional-only="false" sort-key="B02B3/08" definition-exists="false" ipc-concordant="B02B3/08" c-set-base-allowed="false" c-set-subsequent-allowed="true" date-revised="2013-01-01" status="published"><classification-symbol>B02B3/08</classification-symbol><class-title date-revised="2013-01-01"><title-part><text>by means of beaters or blades</text></title-part></class-title></classification-item>
<classification-item breakdown-code="false" not-allocatable="false" level="8" additional-only="false" sort-key="B02B3/10" definition-exists="false" ipc-concordant="B02B3/10" c-set-base-allowed="false" c-set-subsequent-allowed="true" date-revised="2013-01-01" status="published"><classification-symbol>B02B3/10</classification-symbol><class-title date-revised="2013-01-01"><title-part><text>by means of brushes</text></title-part></class-title></classification-item>
<classification-item breakdown-code="false" not-allocatable="false" level="8" additional-only="false" sort-key="B02B3/12" definition-exists="false" ipc-concordant="B02B3/12" c-set-base-allowed="false" c-set-subsequent-allowed="true" date-revised="2013-01-01" status="published"><classification-symbol>B02B3/12</classification-symbol><class-title date-revised="2013-01-01"><title-part><text>by means of fluid</text></title-part></class-title></classification-item>
<classification-item breakdown-code="false" not-allocatable="false" level="8" additional-only="false" sort-key="B02B3/14" definition-exists="false" ipc-concordant="B02B3/14" c-set-base-allowed="false" c-set-subsequent-allowed="true" date-revised="2013-01-01" status="published"><classification-symbol>B02B3/14</classification-symbol><class-title date-revised="2013-01-01"><title-part><text>Producing flour or meal directly</text></title-part></class-title></classification-item></classification-item>
<classification-item breakdown-code="false" not-allocatable="false" level="7" additional-only="false" sort-key="B02B5/00" definition-exists="true" ipc-concordant="B02B5/00" c-set-base-allowed="false" c-set-subsequent-allowed="true" date-revised="2013-01-01" status="published"><classification-symbol>B02B5/00</classification-symbol><class-title date-revised="2013-01-01"><title-part><text>Grain treatment not otherwise provided for</text></title-part></class-title>
<classification-item breakdown-code="false" not-allocatable="false" level="8" additional-only="false" sort-key="B02B5/02" definition-exists="false" ipc-concordant="B02B5/02" c-set-base-allowed="false" c-set-subsequent-allowed="true" date-revised="2013-01-01" status="published"><classification-symbol>B02B5/02</classification-symbol><class-title date-revised="2013-01-01"><title-part><text>Combined processes</text></title-part></class-title></classification-item></classification-item>
<classification-item breakdown-code="false" not-allocatable="false" level="7" additional-only="false" sort-key="B02B7/00" definition-exists="true" ipc-concordant="B02B7/00" c-set-base-allowed="false" c-set-subsequent-allowed="true" date-revised="2013-01-01" status="published"><classification-symbol>B02B7/00</classification-symbol><class-title date-revised="2013-01-01"><title-part><text>Auxiliary devices</text></title-part></class-title>
<classification-item breakdown-code="false" not-allocatable="false" level="8" additional-only="false" sort-key="B02B7/02" definition-exists="false" ipc-concordant="B02B7/02" c-set-base-allowed="false" c-set-subsequent-allowed="true" date-revised="2013-01-01" status="published"><classification-symbol>B02B7/02</classification-symbol><class-title date-revised="2013-01-01"><title-part><text>Feeding or discharging devices</text></title-part></class-title></classification-item></classification-item></classification-item></classification-item></class-scheme>