<?xml version="1.0" encoding="UTF-8"?>
<class-scheme publication-date="2018-02-01" scheme-type="cpc" publication-type="official">
<classification-item breakdown-code="false" not-allocatable="true" level="5" additional-only="false" sort-key="A43C" definition-exists="true" date-revised="2013-01-01" status="published"><classification-symbol>A43C</classification-symbol><class-title date-revised="2013-01-01"><title-part><text>FASTENINGS OR ATTACHMENTS OF FOOTWEAR</text></title-part><title-part><text>LACES IN GENERAL</text></title-part></class-title>
<classification-item breakdown-code="false" not-allocatable="true" level="6" additional-only="false" sort-key="A43C1/00" date-revised="2013-01-01" status="published"><classification-symbol>A43C1/00</classification-symbol>
<classification-item breakdown-code="false" not-allocatable="false" level="7" additional-only="false" sort-key="A43C1/00" definition-exists="true" ipc-concordant="A43C1/00" c-set-base-allowed="false" c-set-subsequent-allowed="true" date-revised="2013-01-01" status="published"><classification-symbol>A43C1/00</classification-symbol><class-title date-revised="2013-01-01"><title-part><text>Shoe lacing fastenings </text><reference><text>garment fastening devices <class-ref scheme="cpc">A41F</class-ref></text></reference></title-part></class-title>
<classification-item breakdown-code="false" not-allocatable="false" level="8" additional-only="false" sort-key="A43C1/003" definition-exists="false" ipc-concordant="A43C1/00" c-set-base-allowed="false" c-set-subsequent-allowed="true" date-revised="2013-01-01" status="published"><classification-symbol>A43C1/003</classification-symbol><class-title date-revised="2013-01-01"><title-part><CPC-specific-text><text>Zone lacing, i.e. whereby different zones of the footwear have different lacing tightening degrees, using one or a plurality of laces </text><reference><text>laces combined with another system <class-ref scheme="cpc">A43C11/008</class-ref>; zone tightening using straps <class-ref scheme="cpc">A43C11/14</class-ref></text></reference></CPC-specific-text></title-part></class-title></classification-item>
<classification-item breakdown-code="false" not-allocatable="false" level="8" additional-only="false" sort-key="A43C1/006" definition-exists="false" ipc-concordant="A43C1/00" c-set-base-allowed="false" c-set-subsequent-allowed="true" date-revised="2013-01-01" status="published"><classification-symbol>A43C1/006</classification-symbol><class-title date-revised="2013-01-01"><title-part><CPC-specific-text><text>Rear lacing, i.e. with a lace placed on the back of the foot in place of, or in addition to the traditional front lace</text></CPC-specific-text></title-part></class-title></classification-item>
<classification-item breakdown-code="false" not-allocatable="false" level="8" additional-only="false" sort-key="A43C1/02" definition-exists="false" ipc-concordant="A43C1/02" c-set-base-allowed="false" c-set-subsequent-allowed="true" date-revised="2013-01-01" status="published"><classification-symbol>A43C1/02</classification-symbol><class-title date-revised="2013-01-01"><title-part><text>with elastic laces</text></title-part></class-title></classification-item>
<classification-item breakdown-code="false" not-allocatable="false" level="8" additional-only="false" sort-key="A43C1/04" definition-exists="false" ipc-concordant="A43C1/04" c-set-base-allowed="false" c-set-subsequent-allowed="true" date-revised="2013-01-01" status="published"><classification-symbol>A43C1/04</classification-symbol><class-title date-revised="2013-01-01"><title-part><text>with rings or loops</text></title-part></class-title></classification-item>
<classification-item breakdown-code="false" not-allocatable="false" level="8" additional-only="false" sort-key="A43C1/06" definition-exists="false" ipc-concordant="A43C1/06" c-set-base-allowed="false" c-set-subsequent-allowed="true" date-revised="2013-01-01" status="published"><classification-symbol>A43C1/06</classification-symbol><class-title date-revised="2013-01-01"><title-part><text>tightened by draw-strings</text></title-part></class-title></classification-item></classification-item>
<classification-item breakdown-code="false" not-allocatable="false" level="7" additional-only="false" sort-key="A43C3/00" definition-exists="true" ipc-concordant="A43C3/00" c-set-base-allowed="false" c-set-subsequent-allowed="true" date-revised="2013-01-01" status="published"><classification-symbol>A43C3/00</classification-symbol><class-title date-revised="2013-01-01"><title-part><text>Hooks for laces </text><reference><text>making from sheet metal <class-ref scheme="cpc">B21D53/46</class-ref></text></reference></title-part><title-part><text>Guards for hooks</text></title-part></class-title>
<classification-item breakdown-code="false" not-allocatable="false" level="8" additional-only="false" sort-key="A43C3/02" definition-exists="false" ipc-concordant="A43C3/02" c-set-base-allowed="false" c-set-subsequent-allowed="true" date-revised="2013-01-01" status="published"><classification-symbol>A43C3/02</classification-symbol><class-title date-revised="2013-01-01"><title-part><text>Lacing-hooks with guide rollers</text></title-part></class-title></classification-item>
<classification-item breakdown-code="false" not-allocatable="false" level="8" additional-only="false" sort-key="A43C3/04" definition-exists="false" ipc-concordant="A43C3/04" c-set-base-allowed="false" c-set-subsequent-allowed="true" date-revised="2013-01-01" status="published"><classification-symbol>A43C3/04</classification-symbol><class-title date-revised="2013-01-01"><title-part><text>Spring safety-hooks</text></title-part></class-title></classification-item></classification-item>
<classification-item breakdown-code="false" not-allocatable="false" level="7" additional-only="false" sort-key="A43C5/00" definition-exists="true" ipc-concordant="A43C5/00" c-set-base-allowed="false" c-set-subsequent-allowed="true" date-revised="2013-01-01" status="published"><classification-symbol>A43C5/00</classification-symbol><class-title date-revised="2013-01-01"><title-part><text>Eyelets </text><reference><text>machines for setting eyelets <class-ref scheme="cpc">A43D100/00</class-ref></text></reference></title-part></class-title></classification-item>
<classification-item breakdown-code="false" not-allocatable="false" level="7" additional-only="false" sort-key="A43C7/00" definition-exists="true" ipc-concordant="A43C7/00" c-set-base-allowed="false" c-set-subsequent-allowed="true" date-revised="2013-01-01" status="published"><classification-symbol>A43C7/00</classification-symbol><class-title date-revised="2013-01-01"><title-part><text>Holding-devices for laces</text></title-part></class-title>
<classification-item breakdown-code="false" not-allocatable="false" level="8" additional-only="false" sort-key="A43C7/005" definition-exists="false" ipc-concordant="A43C7/00" c-set-base-allowed="false" c-set-subsequent-allowed="true" date-revised="2013-01-01" status="published"><classification-symbol>A43C7/005</classification-symbol><class-title date-revised="2013-01-01"><title-part><CPC-specific-text><text>the devices having means to hold the traditional knots or part of it tightened</text></CPC-specific-text></title-part></class-title></classification-item>
<classification-item breakdown-code="false" not-allocatable="false" level="8" additional-only="false" sort-key="A43C7/02" definition-exists="false" ipc-concordant="A43C7/02" c-set-base-allowed="false" c-set-subsequent-allowed="true" date-revised="2013-01-01" status="published"><classification-symbol>A43C7/02</classification-symbol><class-title date-revised="2013-01-01"><title-part><text>Flaps</text></title-part><title-part><text>Pockets</text></title-part></class-title></classification-item>
<classification-item breakdown-code="false" not-allocatable="false" level="8" additional-only="false" sort-key="A43C7/04" definition-exists="false" ipc-concordant="A43C7/04" c-set-base-allowed="false" c-set-subsequent-allowed="true" date-revised="2013-01-01" status="published"><classification-symbol>A43C7/04</classification-symbol><class-title date-revised="2013-01-01"><title-part><text>Hinged devices</text></title-part></class-title></classification-item>
<classification-item breakdown-code="false" not-allocatable="false" level="8" additional-only="false" sort-key="A43C7/06" definition-exists="false" ipc-concordant="A43C7/06" c-set-base-allowed="false" c-set-subsequent-allowed="true" date-revised="2013-01-01" status="published"><classification-symbol>A43C7/06</classification-symbol><class-title date-revised="2013-01-01"><title-part><text>Elastic bands</text></title-part></class-title></classification-item>
<classification-item breakdown-code="false" not-allocatable="false" level="8" additional-only="false" sort-key="A43C7/08" definition-exists="false" ipc-concordant="A43C7/08" c-set-base-allowed="false" c-set-subsequent-allowed="true" date-revised="2013-01-01" status="published"><classification-symbol>A43C7/08</classification-symbol><class-title date-revised="2013-01-01"><title-part><text>Clamps drawn tight by laces</text></title-part></class-title></classification-item></classification-item>
<classification-item breakdown-code="false" not-allocatable="false" level="7" additional-only="false" sort-key="A43C9/00" definition-exists="true" ipc-concordant="A43C9/00" c-set-base-allowed="false" c-set-subsequent-allowed="true" date-revised="2013-01-01" status="published"><classification-symbol>A43C9/00</classification-symbol><class-title date-revised="2013-01-01"><title-part><text>Laces</text></title-part><title-part><text>Laces in general for garments made of textiles, leather, or plastics</text></title-part></class-title>
<classification-item breakdown-code="false" not-allocatable="false" level="8" additional-only="false" sort-key="A43C9/02" definition-exists="false" ipc-concordant="A43C9/02" c-set-base-allowed="false" c-set-subsequent-allowed="true" date-revised="2013-01-01" status="published"><classification-symbol>A43C9/02</classification-symbol><class-title date-revised="2013-01-01"><title-part><text>provided with tags, buttons, or decorative tufts</text></title-part></class-title></classification-item>
<classification-item breakdown-code="false" not-allocatable="false" level="8" additional-only="false" sort-key="A43C9/04" definition-exists="false" ipc-concordant="A43C9/04" c-set-base-allowed="false" c-set-subsequent-allowed="true" date-revised="2013-01-01" status="published"><classification-symbol>A43C9/04</classification-symbol><class-title date-revised="2013-01-01"><title-part><text>Forming ends of laces of plastics, celluloid, rubber, or the like</text></title-part></class-title></classification-item>
<classification-item breakdown-code="false" not-allocatable="false" level="8" additional-only="false" sort-key="A43C9/06" definition-exists="false" ipc-concordant="A43C9/06" c-set-base-allowed="false" c-set-subsequent-allowed="true" date-revised="2013-01-01" status="published"><classification-symbol>A43C9/06</classification-symbol><class-title date-revised="2013-01-01"><title-part><text>Releasable ends of laces</text></title-part></class-title></classification-item>
<classification-item breakdown-code="false" not-allocatable="false" level="8" additional-only="false" sort-key="A43C9/08" definition-exists="false" ipc-concordant="A43C9/08" c-set-base-allowed="false" c-set-subsequent-allowed="true" date-revised="2013-01-01" status="published"><classification-symbol>A43C9/08</classification-symbol><class-title date-revised="2013-01-01"><title-part><text>made of paper or wire</text></title-part></class-title></classification-item></classification-item>
<classification-item breakdown-code="false" not-allocatable="false" level="7" additional-only="false" sort-key="A43C11/00" definition-exists="true" ipc-concordant="A43C11/00" c-set-base-allowed="false" c-set-subsequent-allowed="true" date-revised="2013-01-01" status="published"><classification-symbol>A43C11/00</classification-symbol><class-title date-revised="2013-01-01"><title-part><text>Other fastenings specially adapted for shoes </text><reference><text>dress fastenings in general <class-ref scheme="cpc">A44B</class-ref></text></reference></title-part></class-title>
<classification-item breakdown-code="false" not-allocatable="false" level="8" additional-only="false" sort-key="A43C11/002" definition-exists="false" ipc-concordant="A43C11/00" c-set-base-allowed="false" c-set-subsequent-allowed="true" date-revised="2013-01-01" status="published"><classification-symbol>A43C11/002</classification-symbol><class-title date-revised="2013-01-01"><title-part><CPC-specific-text><text>Fastenings using stretchable material attached to cuts in the uppers</text></CPC-specific-text></title-part></class-title></classification-item>
<classification-item breakdown-code="false" not-allocatable="false" level="8" additional-only="false" sort-key="A43C11/004" definition-exists="false" ipc-concordant="A43C11/00" c-set-base-allowed="false" c-set-subsequent-allowed="true" date-revised="2013-01-01" status="published"><classification-symbol>A43C11/004</classification-symbol><class-title date-revised="2013-01-01"><title-part><CPC-specific-text><text>Fastenings fixed along the upper edges of the uppers</text></CPC-specific-text></title-part></class-title>
<classification-item breakdown-code="false" not-allocatable="false" level="9" additional-only="false" sort-key="A43C11/006" definition-exists="false" ipc-concordant="A43C11/00" c-set-base-allowed="false" c-set-subsequent-allowed="true" date-revised="2013-01-01" status="published"><classification-symbol>A43C11/006</classification-symbol><class-title date-revised="2013-01-01"><title-part><CPC-specific-text><text>Elastic fastenings</text></CPC-specific-text></title-part></class-title></classification-item></classification-item>
<classification-item breakdown-code="false" not-allocatable="false" level="8" additional-only="false" sort-key="A43C11/008" definition-exists="true" ipc-concordant="A43C11/00" c-set-base-allowed="false" c-set-subsequent-allowed="true" date-revised="2013-01-01" status="published"><classification-symbol>A43C11/008</classification-symbol><class-title date-revised="2013-01-01"><title-part><CPC-specific-text><text>Combined fastenings, e.g. to accelerate undoing or fastening</text></CPC-specific-text></title-part></class-title></classification-item>
<classification-item breakdown-code="false" not-allocatable="false" level="8" additional-only="false" sort-key="A43C11/02" definition-exists="false" ipc-concordant="A43C11/02" c-set-base-allowed="false" c-set-subsequent-allowed="true" date-revised="2013-01-01" status="published"><classification-symbol>A43C11/02</classification-symbol><class-title date-revised="2013-01-01"><title-part><text>Button fastenings</text></title-part></class-title>
<classification-item breakdown-code="false" not-allocatable="false" level="9" additional-only="false" sort-key="A43C11/04" definition-exists="false" ipc-concordant="A43C11/04" c-set-base-allowed="false" c-set-subsequent-allowed="true" date-revised="2013-01-01" status="published"><classification-symbol>A43C11/04</classification-symbol><class-title date-revised="2013-01-01"><title-part><text>Studs</text></title-part><title-part><text>Fastening same</text></title-part></class-title></classification-item></classification-item>
<classification-item breakdown-code="false" not-allocatable="false" level="8" additional-only="false" sort-key="A43C11/06" definition-exists="false" ipc-concordant="A43C11/06" c-set-base-allowed="false" c-set-subsequent-allowed="true" date-revised="2013-01-01" status="published"><classification-symbol>A43C11/06</classification-symbol><class-title date-revised="2013-01-01"><title-part><text>Snap-button fastenings</text></title-part></class-title></classification-item>
<classification-item breakdown-code="false" not-allocatable="false" level="8" additional-only="false" sort-key="A43C11/08" definition-exists="false" ipc-concordant="A43C11/08" c-set-base-allowed="false" c-set-subsequent-allowed="true" date-revised="2013-01-01" status="published"><classification-symbol>A43C11/08</classification-symbol><class-title date-revised="2013-01-01"><title-part><text>Hook fastenings</text></title-part><title-part><text>Rotary hooks</text></title-part></class-title>
<classification-item breakdown-code="false" not-allocatable="false" level="9" additional-only="false" sort-key="A43C11/10" definition-exists="false" ipc-concordant="A43C11/10" c-set-base-allowed="false" c-set-subsequent-allowed="true" date-revised="2013-01-01" status="published"><classification-symbol>A43C11/10</classification-symbol><class-title date-revised="2013-01-01"><title-part><text>Hooks with several tongues</text></title-part></class-title></classification-item></classification-item>
<classification-item breakdown-code="false" not-allocatable="false" level="8" additional-only="false" sort-key="A43C11/12" definition-exists="false" ipc-concordant="A43C11/12" c-set-base-allowed="false" c-set-subsequent-allowed="true" date-revised="2013-01-01" status="published"><classification-symbol>A43C11/12</classification-symbol><class-title date-revised="2013-01-01"><title-part><text>Slide or glide fastenings</text></title-part></class-title></classification-item>
<classification-item breakdown-code="false" not-allocatable="false" level="8" additional-only="false" sort-key="A43C11/14" definition-exists="false" ipc-concordant="A43C11/14" c-set-base-allowed="false" c-set-subsequent-allowed="true" date-revised="2017-08-01" status="published"><classification-symbol>A43C11/14</classification-symbol><class-title date-revised="2017-08-01"><title-part><text>Clamp fastenings </text><CPC-specific-text><text>, e.g. strap fastenings</text></CPC-specific-text></title-part><title-part><text>Clamp-buckle fastenings</text></title-part><title-part><text>Fastenings with toggle levers</text></title-part></class-title>
<classification-item breakdown-code="false" not-allocatable="false" level="9" additional-only="false" sort-key="A43C11/1406" definition-exists="false" ipc-concordant="A43C11/14" c-set-base-allowed="false" c-set-subsequent-allowed="true" date-revised="2013-01-01" status="published"><classification-symbol>A43C11/1406</classification-symbol><class-title date-revised="2013-01-01"><title-part><CPC-specific-text><text>Fastenings with toggle levers; Equipment therefor</text></CPC-specific-text></title-part></class-title>
<classification-item breakdown-code="false" not-allocatable="false" level="10" additional-only="false" sort-key="A43C11/1413" definition-exists="false" ipc-concordant="A43C11/14" c-set-base-allowed="false" c-set-subsequent-allowed="true" date-revised="2013-01-01" status="published"><classification-symbol>A43C11/1413</classification-symbol><class-title date-revised="2013-01-01"><title-part><CPC-specific-text><text>Equipment for fastening toggle lever fastenings</text></CPC-specific-text></title-part></class-title></classification-item>
<classification-item breakdown-code="false" not-allocatable="false" level="10" additional-only="false" sort-key="A43C11/142" definition-exists="false" ipc-concordant="A43C11/14" c-set-base-allowed="false" c-set-subsequent-allowed="true" date-revised="2013-01-01" status="published"><classification-symbol>A43C11/142</classification-symbol><class-title date-revised="2013-01-01"><title-part><CPC-specific-text><text>Fastenings with toggle levers with adjustment means provided for on the shoe, e.g. rack</text></CPC-specific-text></title-part></class-title>
<classification-item breakdown-code="false" not-allocatable="false" level="11" additional-only="false" sort-key="A43C11/1426" definition-exists="false" ipc-concordant="A43C11/14" c-set-base-allowed="false" c-set-subsequent-allowed="true" date-revised="2013-01-01" status="published"><classification-symbol>A43C11/1426</classification-symbol><class-title date-revised="2013-01-01"><title-part><CPC-specific-text><text>characterised by the attachment of the rack to the footwear</text></CPC-specific-text></title-part></class-title></classification-item>
<classification-item breakdown-code="false" not-allocatable="false" level="11" additional-only="false" sort-key="A43C11/1433" definition-exists="false" ipc-concordant="A43C11/14" c-set-base-allowed="false" c-set-subsequent-allowed="true" date-revised="2013-01-01" status="published"><classification-symbol>A43C11/1433</classification-symbol><class-title date-revised="2013-01-01"><title-part><CPC-specific-text><text>characterised by means to decrease required force for the closure movement of the toggle lever</text></CPC-specific-text></title-part></class-title></classification-item>
<classification-item breakdown-code="false" not-allocatable="false" level="11" additional-only="false" sort-key="A43C11/144" definition-exists="false" ipc-concordant="A43C11/14" c-set-base-allowed="false" c-set-subsequent-allowed="true" date-revised="2013-01-01" status="published"><classification-symbol>A43C11/144</classification-symbol><class-title date-revised="2013-01-01"><title-part><CPC-specific-text><text>characterised by means to retain the preferred position on the rack when the fastening means are in the loosened position</text></CPC-specific-text></title-part></class-title></classification-item>
<classification-item breakdown-code="false" not-allocatable="false" level="11" additional-only="false" sort-key="A43C11/1446" definition-exists="false" ipc-concordant="A43C11/14" c-set-base-allowed="false" c-set-subsequent-allowed="true" date-revised="2013-01-01" status="published"><classification-symbol>A43C11/1446</classification-symbol><class-title date-revised="2013-01-01"><title-part><CPC-specific-text><text>characterised by special protection means to prevent damage or accidental loosening of the fastening means</text></CPC-specific-text></title-part></class-title></classification-item>
<classification-item breakdown-code="false" not-allocatable="false" level="11" additional-only="false" sort-key="A43C11/1453" definition-exists="false" ipc-concordant="A43C11/14" c-set-base-allowed="false" c-set-subsequent-allowed="true" date-revised="2013-01-01" status="published"><classification-symbol>A43C11/1453</classification-symbol><class-title date-revised="2013-01-01"><title-part><CPC-specific-text><text>characterised by the shape of the teeth on the rack</text></CPC-specific-text></title-part></class-title></classification-item></classification-item>
<classification-item breakdown-code="false" not-allocatable="false" level="10" additional-only="false" sort-key="A43C11/146" definition-exists="false" ipc-concordant="A43C11/14" c-set-base-allowed="false" c-set-subsequent-allowed="true" date-revised="2013-01-01" status="published"><classification-symbol>A43C11/146</classification-symbol><class-title date-revised="2013-01-01"><title-part><CPC-specific-text><text>Fastenings with toggle levers with adjustment means provided for on the strap, e.g. ratchet strap</text></CPC-specific-text></title-part></class-title>
<classification-item breakdown-code="false" not-allocatable="false" level="11" additional-only="false" sort-key="A43C11/1466" definition-exists="false" ipc-concordant="A43C11/14" c-set-base-allowed="false" c-set-subsequent-allowed="true" date-revised="2013-01-01" status="published"><classification-symbol>A43C11/1466</classification-symbol><class-title date-revised="2013-01-01"><title-part><CPC-specific-text><text>characterised by means to decrease required force for the closure movement of the toggle lever</text></CPC-specific-text></title-part></class-title></classification-item>
<classification-item breakdown-code="false" not-allocatable="false" level="11" additional-only="false" sort-key="A43C11/1473" definition-exists="false" ipc-concordant="A43C11/14" c-set-base-allowed="false" c-set-subsequent-allowed="true" date-revised="2013-01-01" status="published"><classification-symbol>A43C11/1473</classification-symbol><class-title date-revised="2013-01-01"><title-part><CPC-specific-text><text>characterised by means to retain the preferred position on the strap when the fastening means are in the loosened position</text></CPC-specific-text></title-part></class-title></classification-item>
<classification-item breakdown-code="false" not-allocatable="false" level="11" additional-only="false" sort-key="A43C11/148" definition-exists="false" ipc-concordant="A43C11/14" c-set-base-allowed="false" c-set-subsequent-allowed="true" date-revised="2013-01-01" status="published"><classification-symbol>A43C11/148</classification-symbol><class-title date-revised="2013-01-01"><title-part><CPC-specific-text><text>characterised by special protection means to prevent damage or accidental loosening of the fastening means</text></CPC-specific-text></title-part></class-title></classification-item>
<classification-item breakdown-code="false" not-allocatable="false" level="11" additional-only="false" sort-key="A43C11/1486" definition-exists="false" ipc-concordant="A43C11/14" c-set-base-allowed="false" c-set-subsequent-allowed="true" date-revised="2013-01-01" status="published"><classification-symbol>A43C11/1486</classification-symbol><class-title date-revised="2013-01-01"><title-part><CPC-specific-text><text>characterised by the shape of the teeth on the ratchet strap</text></CPC-specific-text></title-part></class-title></classification-item></classification-item></classification-item>
<classification-item breakdown-code="false" not-allocatable="false" level="9" additional-only="false" sort-key="A43C11/1493" definition-exists="false" ipc-concordant="A43C11/14" c-set-base-allowed="false" c-set-subsequent-allowed="true" date-revised="2013-01-01" status="published"><classification-symbol>A43C11/1493</classification-symbol><class-title date-revised="2013-01-01"><title-part><CPC-specific-text><text>Strap fastenings having hook and loop-type fastening elements</text></CPC-specific-text></title-part></class-title></classification-item></classification-item>
<classification-item breakdown-code="false" not-allocatable="false" level="8" additional-only="false" sort-key="A43C11/16" definition-exists="false" ipc-concordant="A43C11/16" c-set-base-allowed="false" c-set-subsequent-allowed="true" date-revised="2013-01-01" status="published"><classification-symbol>A43C11/16</classification-symbol><class-title date-revised="2013-01-01"><title-part><text>Fastenings secured by wire, bolts, or the like</text></title-part></class-title>
<classification-item breakdown-code="false" not-allocatable="false" level="9" additional-only="false" sort-key="A43C11/165" definition-exists="false" ipc-concordant="A43C11/16" c-set-base-allowed="false" c-set-subsequent-allowed="true" date-revised="2013-01-01" status="published"><classification-symbol>A43C11/165</classification-symbol><class-title date-revised="2013-01-01"><title-part><CPC-specific-text><text>characterised by a spool, reel or pulley for winding up cables, laces or straps by rotation</text></CPC-specific-text></title-part></class-title></classification-item></classification-item>
<classification-item breakdown-code="false" not-allocatable="false" level="8" additional-only="false" sort-key="A43C11/18" definition-exists="false" ipc-concordant="A43C11/18" c-set-base-allowed="false" c-set-subsequent-allowed="true" date-revised="2013-01-01" status="published"><classification-symbol>A43C11/18</classification-symbol><class-title date-revised="2013-01-01"><title-part><text>Fastenings of the lazy-tongs type</text></title-part></class-title></classification-item>
<classification-item breakdown-code="false" not-allocatable="false" level="8" additional-only="false" sort-key="A43C11/20" definition-exists="false" ipc-concordant="A43C11/20" c-set-base-allowed="false" c-set-subsequent-allowed="true" date-revised="2013-01-01" status="published"><classification-symbol>A43C11/20</classification-symbol><class-title date-revised="2013-01-01"><title-part><text>Fastenings with tightening devices mounted on the tongue</text></title-part></class-title></classification-item>
<classification-item breakdown-code="false" not-allocatable="false" level="8" additional-only="false" sort-key="A43C11/22" definition-exists="false" ipc-concordant="A43C11/22" c-set-base-allowed="false" c-set-subsequent-allowed="true" date-revised="2013-01-01" status="published"><classification-symbol>A43C11/22</classification-symbol><class-title date-revised="2013-01-01"><title-part><text>Fastening devices with elastic tightening parts between pairs of eyelets, e.g. clamps, springs, bands</text></title-part></class-title></classification-item>
<classification-item breakdown-code="false" not-allocatable="false" level="8" additional-only="false" sort-key="A43C11/24" definition-exists="true" ipc-concordant="A43C11/24" c-set-base-allowed="false" c-set-subsequent-allowed="true" date-revised="2013-01-01" status="published"><classification-symbol>A43C11/24</classification-symbol><class-title date-revised="2013-01-01"><title-part><text>Ornamental buckles or other ornaments for shoes, with fastening function </text><reference><text>buckles in general <class-ref scheme="cpc">A44B11/00</class-ref></text></reference></title-part></class-title></classification-item></classification-item>
<classification-item breakdown-code="false" not-allocatable="false" level="7" additional-only="false" sort-key="A43C13/00" definition-exists="true" ipc-concordant="A43C13/00" c-set-base-allowed="false" c-set-subsequent-allowed="true" date-revised="2013-01-01" status="published"><classification-symbol>A43C13/00</classification-symbol><class-title date-revised="2013-01-01"><title-part><text>Wear-resisting attachments</text></title-part></class-title>
<classification-item breakdown-code="false" not-allocatable="false" level="8" additional-only="false" sort-key="A43C13/02" definition-exists="false" ipc-concordant="A43C13/02" c-set-base-allowed="false" c-set-subsequent-allowed="true" date-revised="2013-01-01" status="published"><classification-symbol>A43C13/02</classification-symbol><class-title date-revised="2013-01-01"><title-part><text>Metal plates for soles or heels</text></title-part></class-title></classification-item>
<classification-item breakdown-code="false" not-allocatable="false" level="8" additional-only="false" sort-key="A43C13/04" definition-exists="false" ipc-concordant="A43C13/04" c-set-base-allowed="false" c-set-subsequent-allowed="true" date-revised="2013-01-01" status="published"><classification-symbol>A43C13/04</classification-symbol><class-title date-revised="2013-01-01"><title-part><text>Cleats</text></title-part><title-part><text>Simple studs</text></title-part><title-part><text>Screws</text></title-part><title-part><text>Hob-nails</text></title-part></class-title></classification-item>
<classification-item breakdown-code="false" not-allocatable="false" level="8" additional-only="false" sort-key="A43C13/06" definition-exists="false" ipc-concordant="A43C13/06" c-set-base-allowed="false" c-set-subsequent-allowed="true" date-revised="2013-01-01" status="published"><classification-symbol>A43C13/06</classification-symbol><class-title date-revised="2013-01-01"><title-part><text>Attachments for edges of soles, especially for ski boots</text></title-part></class-title>
<classification-item breakdown-code="false" not-allocatable="false" level="9" additional-only="false" sort-key="A43C13/08" definition-exists="false" ipc-concordant="A43C13/08" c-set-base-allowed="false" c-set-subsequent-allowed="true" date-revised="2013-01-01" status="published"><classification-symbol>A43C13/08</classification-symbol><class-title date-revised="2013-01-01"><title-part><text>with rubber, plastics, leather, felt or like parts</text></title-part></class-title></classification-item>
<classification-item breakdown-code="false" not-allocatable="false" level="9" additional-only="false" sort-key="A43C13/10" definition-exists="false" ipc-concordant="A43C13/10" c-set-base-allowed="false" c-set-subsequent-allowed="true" date-revised="2013-01-01" status="published"><classification-symbol>A43C13/10</classification-symbol><class-title date-revised="2013-01-01"><title-part><text>made from wire</text></title-part></class-title></classification-item></classification-item>
<classification-item breakdown-code="false" not-allocatable="false" level="8" additional-only="false" sort-key="A43C13/12" definition-exists="false" ipc-concordant="A43C13/12" c-set-base-allowed="false" c-set-subsequent-allowed="true" date-revised="2013-01-01" status="published"><classification-symbol>A43C13/12</classification-symbol><class-title date-revised="2013-01-01"><title-part><text>Releasable protecting-soles of metal </text><reference><text>soles of metal <class-ref scheme="cpc">A43B3/10</class-ref></text></reference></title-part></class-title></classification-item>
<classification-item breakdown-code="false" not-allocatable="false" level="8" additional-only="false" sort-key="A43C13/14" definition-exists="false" ipc-concordant="A43C13/14" c-set-base-allowed="false" c-set-subsequent-allowed="true" date-revised="2013-01-01" status="published"><classification-symbol>A43C13/14</classification-symbol><class-title date-revised="2013-01-01"><title-part><text>Special attachments for toe-caps</text></title-part><title-part><text>Protecting caps for toe-caps</text></title-part></class-title></classification-item></classification-item>
<classification-item breakdown-code="false" not-allocatable="false" level="7" additional-only="false" sort-key="A43C15/00" definition-exists="true" ipc-concordant="A43C15/00" c-set-base-allowed="false" c-set-subsequent-allowed="true" date-revised="2013-01-01" status="published"><classification-symbol>A43C15/00</classification-symbol><class-title date-revised="2013-01-01"><title-part><text>Non-skid devices or attachments </text><reference><text>apparatus for climbing poles, trees, or the like <class-ref scheme="cpc">A63B27/00</class-ref></text></reference></title-part></class-title>
<classification-item breakdown-code="false" not-allocatable="false" level="8" additional-only="false" sort-key="A43C15/005" definition-exists="false" ipc-concordant="A43C15/00" c-set-base-allowed="false" c-set-subsequent-allowed="true" date-revised="2013-01-01" status="published"><classification-symbol>A43C15/005</classification-symbol><class-title date-revised="2013-01-01"><title-part><CPC-specific-text><text>Nails, pins</text></CPC-specific-text></title-part></class-title></classification-item>
<classification-item breakdown-code="false" not-allocatable="false" level="8" additional-only="false" sort-key="A43C15/02" definition-exists="false" ipc-concordant="A43C15/02" c-set-base-allowed="false" c-set-subsequent-allowed="true" date-revised="2013-01-01" status="published"><classification-symbol>A43C15/02</classification-symbol><class-title date-revised="2013-01-01"><title-part><text>attached to the sole</text></title-part></class-title></classification-item>
<classification-item breakdown-code="false" not-allocatable="false" level="8" additional-only="false" sort-key="A43C15/04" definition-exists="false" ipc-concordant="A43C15/04" c-set-base-allowed="false" c-set-subsequent-allowed="true" date-revised="2013-01-01" status="published"><classification-symbol>A43C15/04</classification-symbol><class-title date-revised="2013-01-01"><title-part><text>attached to the heel</text></title-part></class-title></classification-item>
<classification-item breakdown-code="false" not-allocatable="false" level="8" additional-only="false" sort-key="A43C15/06" definition-exists="false" ipc-concordant="A43C15/06" c-set-base-allowed="false" c-set-subsequent-allowed="true" date-revised="2016-08-01" status="published"><classification-symbol>A43C15/06</classification-symbol><class-title date-revised="2016-08-01"><title-part><text>Ice-gripping devices or attachments, e.g. ice-spurs, ice-cleats, ice-creepers, crampons</text></title-part><title-part><text>Climbing devices or attachments, e.g. mountain climbing irons </text><reference><text><class-ref scheme="cpc">A43C15/09</class-ref> takes precedence; ice-spurs for horseshoes <class-ref scheme="cpc">A01L7/08</class-ref></text></reference></title-part></class-title>
<classification-item breakdown-code="false" not-allocatable="false" level="9" additional-only="false" sort-key="A43C15/061" definition-exists="false" ipc-concordant="A43C15/06" c-set-base-allowed="false" c-set-subsequent-allowed="true" date-revised="2013-01-01" status="published"><classification-symbol>A43C15/061</classification-symbol><class-title date-revised="2013-01-01"><title-part><CPC-specific-text><text>Ice-gripping devices or attachments, e.g. ice-cleats, ice-creepers</text></CPC-specific-text></title-part></class-title>
<classification-item breakdown-code="false" not-allocatable="false" level="10" additional-only="false" sort-key="A43C15/063" definition-exists="false" ipc-concordant="A43C15/06" c-set-base-allowed="false" c-set-subsequent-allowed="true" date-revised="2013-01-01" status="published"><classification-symbol>A43C15/063</classification-symbol><class-title date-revised="2013-01-01"><title-part><CPC-specific-text><text>with ice-gripping means projecting from the front foot region</text></CPC-specific-text></title-part></class-title></classification-item>
<classification-item breakdown-code="false" not-allocatable="false" level="10" additional-only="false" sort-key="A43C15/065" definition-exists="false" ipc-concordant="A43C15/06" c-set-base-allowed="false" c-set-subsequent-allowed="true" date-revised="2013-01-01" status="published"><classification-symbol>A43C15/065</classification-symbol><class-title date-revised="2013-01-01"><title-part><CPC-specific-text><text>with ice-gripping means projecting from the region directly in front of the heel</text></CPC-specific-text></title-part></class-title></classification-item>
<classification-item breakdown-code="false" not-allocatable="false" level="10" additional-only="false" sort-key="A43C15/066" definition-exists="false" ipc-concordant="A43C15/06" c-set-base-allowed="false" c-set-subsequent-allowed="true" date-revised="2013-01-01" status="published"><classification-symbol>A43C15/066</classification-symbol><class-title date-revised="2013-01-01"><title-part><CPC-specific-text><text>with ice-gripping means projecting from the heel area, e.g. ice spurs</text></CPC-specific-text></title-part></class-title></classification-item></classification-item>
<classification-item breakdown-code="false" not-allocatable="false" level="9" additional-only="false" sort-key="A43C15/068" definition-exists="false" ipc-concordant="A43C15/06" c-set-base-allowed="false" c-set-subsequent-allowed="true" date-revised="2013-01-01" status="published"><classification-symbol>A43C15/068</classification-symbol><class-title date-revised="2013-01-01"><title-part><CPC-specific-text><text>Climbing devices or attachments, e.g. glacier crampons, mountain climbing irons</text></CPC-specific-text></title-part></class-title></classification-item>
<classification-item breakdown-code="false" not-allocatable="false" level="9" additional-only="false" sort-key="A43C15/08" definition-exists="false" ipc-concordant="A43C15/08" c-set-base-allowed="false" c-set-subsequent-allowed="true" date-revised="2013-01-01" status="published"><classification-symbol>A43C15/08</classification-symbol><class-title date-revised="2013-01-01"><title-part><text>Reversible ice-spikes</text></title-part></class-title></classification-item></classification-item>
<classification-item breakdown-code="false" not-allocatable="false" level="8" additional-only="false" sort-key="A43C15/09" definition-exists="false" ipc-concordant="A43C15/09" c-set-base-allowed="false" c-set-subsequent-allowed="true" date-revised="2013-01-01" status="published"><classification-symbol>A43C15/09</classification-symbol><class-title date-revised="2013-01-01"><title-part><text>Equipment associated with footwear for walking on inclines to compensate for angle of inclination</text></title-part></class-title></classification-item>
<classification-item breakdown-code="false" not-allocatable="false" level="8" additional-only="false" sort-key="A43C15/10" definition-exists="false" ipc-concordant="A43C15/10" c-set-base-allowed="false" c-set-subsequent-allowed="true" date-revised="2013-01-01" status="published"><classification-symbol>A43C15/10</classification-symbol><class-title date-revised="2013-01-01"><title-part><text>Non-skid attachments made of wire, chain, or other meshed material</text></title-part></class-title></classification-item>
<classification-item breakdown-code="false" not-allocatable="false" level="8" additional-only="false" sort-key="A43C15/12" definition-exists="false" ipc-concordant="A43C15/12" c-set-base-allowed="false" c-set-subsequent-allowed="true" date-revised="2013-01-01" status="published"><classification-symbol>A43C15/12</classification-symbol><class-title date-revised="2013-01-01"><title-part><text>Small releasable non-slip straps</text></title-part></class-title></classification-item>
<classification-item breakdown-code="false" not-allocatable="false" level="8" additional-only="false" sort-key="A43C15/14" definition-exists="false" ipc-concordant="A43C15/14" c-set-base-allowed="false" c-set-subsequent-allowed="true" date-revised="2013-01-01" status="published"><classification-symbol>A43C15/14</classification-symbol><class-title date-revised="2013-01-01"><title-part><text>with outwardly-movable spikes</text></title-part></class-title></classification-item>
<classification-item breakdown-code="false" not-allocatable="false" level="8" additional-only="false" sort-key="A43C15/16" definition-exists="false" ipc-concordant="A43C15/16" c-set-base-allowed="false" c-set-subsequent-allowed="true" date-revised="2013-01-01" status="published"><classification-symbol>A43C15/16</classification-symbol><class-title date-revised="2013-01-01"><title-part><text>Studs </text><CPC-specific-text><text>or cleats</text></CPC-specific-text><text> for football or like boots</text></title-part></class-title>
<classification-item breakdown-code="false" not-allocatable="false" level="9" additional-only="false" sort-key="A43C15/161" definition-exists="false" ipc-concordant="A43C15/16" c-set-base-allowed="false" c-set-subsequent-allowed="true" date-revised="2013-01-01" status="published"><classification-symbol>A43C15/161</classification-symbol><class-title date-revised="2013-01-01"><title-part><CPC-specific-text><text>characterised by the attachment to the sole</text></CPC-specific-text></title-part></class-title></classification-item>
<classification-item breakdown-code="false" not-allocatable="false" level="9" additional-only="false" sort-key="A43C15/162" definition-exists="false" ipc-concordant="A43C15/16" c-set-base-allowed="false" c-set-subsequent-allowed="true" date-revised="2013-01-01" status="published"><classification-symbol>A43C15/162</classification-symbol><class-title date-revised="2013-01-01"><title-part><CPC-specific-text><text>characterised by the shape</text></CPC-specific-text></title-part></class-title>
<classification-item breakdown-code="false" not-allocatable="false" level="10" additional-only="false" sort-key="A43C15/164" definition-exists="false" ipc-concordant="A43C15/16" c-set-base-allowed="false" c-set-subsequent-allowed="true" date-revised="2013-01-01" status="published"><classification-symbol>A43C15/164</classification-symbol><class-title date-revised="2013-01-01"><title-part><CPC-specific-text><text>having a circular cross section</text></CPC-specific-text></title-part></class-title>
<classification-item breakdown-code="false" not-allocatable="false" level="11" additional-only="false" sort-key="A43C15/165" definition-exists="false" ipc-concordant="A43C15/16" c-set-base-allowed="false" c-set-subsequent-allowed="true" date-revised="2013-01-01" status="published"><classification-symbol>A43C15/165</classification-symbol><class-title date-revised="2013-01-01"><title-part><CPC-specific-text><text>pointed or conical, e.g. calks, spikes, pins</text></CPC-specific-text></title-part></class-title></classification-item>
<classification-item breakdown-code="false" not-allocatable="false" level="11" additional-only="false" sort-key="A43C15/167" definition-exists="false" ipc-concordant="A43C15/16" c-set-base-allowed="false" c-set-subsequent-allowed="true" date-revised="2013-01-01" status="published"><classification-symbol>A43C15/167</classification-symbol><class-title date-revised="2013-01-01"><title-part><CPC-specific-text><text>frusto-conical or cylindrical</text></CPC-specific-text></title-part></class-title></classification-item></classification-item></classification-item>
<classification-item breakdown-code="false" not-allocatable="false" level="9" additional-only="false" sort-key="A43C15/168" definition-exists="false" ipc-concordant="A43C15/16" c-set-base-allowed="false" c-set-subsequent-allowed="true" date-revised="2013-01-01" status="published"><classification-symbol>A43C15/168</classification-symbol><class-title date-revised="2013-01-01"><title-part><CPC-specific-text><text>with resilient means, e.g. shock absorbing means</text></CPC-specific-text></title-part></class-title></classification-item></classification-item>
<classification-item breakdown-code="false" not-allocatable="false" level="8" additional-only="false" sort-key="A43C15/18" definition-exists="false" ipc-concordant="A43C15/18" c-set-base-allowed="false" c-set-subsequent-allowed="true" date-revised="2013-01-01" status="published"><classification-symbol>A43C15/18</classification-symbol><class-title date-revised="2013-01-01"><title-part><text>Serrated grips</text></title-part></class-title></classification-item></classification-item>
<classification-item breakdown-code="false" not-allocatable="false" level="7" additional-only="false" sort-key="A43C17/00" definition-exists="false" ipc-concordant="A43C17/00" c-set-base-allowed="false" c-set-subsequent-allowed="true" date-revised="2013-01-01" status="published"><classification-symbol>A43C17/00</classification-symbol><class-title date-revised="2013-01-01"><title-part><text>Spurs</text></title-part></class-title>
<classification-item breakdown-code="false" not-allocatable="false" level="8" additional-only="false" sort-key="A43C17/02" definition-exists="false" ipc-concordant="A43C17/02" c-set-base-allowed="false" c-set-subsequent-allowed="true" date-revised="2013-01-01" status="published"><classification-symbol>A43C17/02</classification-symbol><class-title date-revised="2013-01-01"><title-part><text>Spurs</text></title-part><title-part><text>Means for fastening spurs</text></title-part></class-title></classification-item>
<classification-item breakdown-code="false" not-allocatable="false" level="8" additional-only="false" sort-key="A43C17/04" definition-exists="false" ipc-concordant="A43C17/04" c-set-base-allowed="false" c-set-subsequent-allowed="true" date-revised="2013-01-01" status="published"><classification-symbol>A43C17/04</classification-symbol><class-title date-revised="2013-01-01"><title-part><text>Releasable spur fastenings</text></title-part></class-title></classification-item>
<classification-item breakdown-code="false" not-allocatable="false" level="8" additional-only="false" sort-key="A43C17/06" definition-exists="false" ipc-concordant="A43C17/06" c-set-base-allowed="false" c-set-subsequent-allowed="true" date-revised="2013-01-01" status="published"><classification-symbol>A43C17/06</classification-symbol><class-title date-revised="2013-01-01"><title-part><text>Collapsible spurs</text></title-part></class-title></classification-item></classification-item>
<classification-item breakdown-code="false" not-allocatable="false" level="7" additional-only="false" sort-key="A43C19/00" definition-exists="true" ipc-concordant="A43C19/00" c-set-base-allowed="false" c-set-subsequent-allowed="true" date-revised="2013-01-01" status="published"><classification-symbol>A43C19/00</classification-symbol><class-title date-revised="2013-01-01"><title-part><text>Attachments for footwear, not provided for in other groups of this subclass</text></title-part></class-title></classification-item></classification-item></classification-item></class-scheme>