<?xml version="1.0" encoding="UTF-8"?>
<class-scheme publication-date="2018-02-01" scheme-type="cpc" publication-type="official">
<classification-item breakdown-code="false" not-allocatable="true" level="5" additional-only="false" sort-key="B61F" definition-exists="true" date-revised="2015-05-01" status="published"><classification-symbol>B61F</classification-symbol><class-title date-revised="2013-01-01"><title-part><text>RAIL VEHICLE SUSPENSIONS, e.g. UNDERFRAMES, BOGIES OR ARRANGEMENTS OF WHEEL AXLES</text></title-part><title-part><text>RAIL VEHICLES FOR USE ON TRACKS OF DIFFERENT WIDTH</text></title-part><title-part><text>PREVENTING DERAILING OF RAIL VEHICLES</text></title-part><title-part><text>WHEEL GUARDS, OBSTRUCTION REMOVERS OR THE LIKE FOR RAIL VEHICLES </text><reference><text>for vehicles in general <class-ref scheme="cpc">B60</class-ref>; axles or wheels <class-ref scheme="cpc">B60B</class-ref>; vehicle tyres <class-ref scheme="cpc">B60C</class-ref></text></reference></title-part></class-title>
<classification-item breakdown-code="false" not-allocatable="true" level="6" additional-only="false" sort-key="B61F1/00" date-revised="2013-01-01" status="published"><classification-symbol>B61F1/00</classification-symbol>
<classification-item breakdown-code="false" not-allocatable="false" level="7" additional-only="false" sort-key="B61F1/00" definition-exists="true" ipc-concordant="B61F1/00" c-set-base-allowed="false" c-set-subsequent-allowed="true" date-revised="2013-01-01" status="published"><classification-symbol>B61F1/00</classification-symbol><class-title date-revised="2013-01-01"><title-part><text>Underframes </text><reference><text>making railway vehicle underframes by forging or pressing <class-ref scheme="cpc">B21K7/12</class-ref></text></reference></title-part></class-title>
<classification-item breakdown-code="false" not-allocatable="false" level="8" additional-only="false" sort-key="B61F1/02" definition-exists="false" ipc-concordant="B61F1/02" c-set-base-allowed="false" c-set-subsequent-allowed="true" date-revised="2013-01-01" status="published"><classification-symbol>B61F1/02</classification-symbol><class-title date-revised="2013-01-01"><title-part><text>with a single central sill</text></title-part></class-title></classification-item>
<classification-item breakdown-code="false" not-allocatable="false" level="8" additional-only="false" sort-key="B61F1/04" definition-exists="false" ipc-concordant="B61F1/04" c-set-base-allowed="false" c-set-subsequent-allowed="true" date-revised="2013-01-01" status="published"><classification-symbol>B61F1/04</classification-symbol><class-title date-revised="2013-01-01"><title-part><text>of triangulated type</text></title-part></class-title></classification-item>
<classification-item breakdown-code="false" not-allocatable="false" level="8" additional-only="false" sort-key="B61F1/06" definition-exists="false" ipc-concordant="B61F1/06" c-set-base-allowed="false" c-set-subsequent-allowed="true" date-revised="2013-01-01" status="published"><classification-symbol>B61F1/06</classification-symbol><class-title date-revised="2013-01-01"><title-part><text>specially adapted for locomotives or motor-driven railcars</text></title-part></class-title></classification-item>
<classification-item breakdown-code="false" not-allocatable="false" level="8" additional-only="false" sort-key="B61F1/08" definition-exists="false" ipc-concordant="B61F1/08" c-set-base-allowed="false" c-set-subsequent-allowed="true" date-revised="2013-01-01" status="published"><classification-symbol>B61F1/08</classification-symbol><class-title date-revised="2013-01-01"><title-part><text>Details</text></title-part></class-title>
<classification-item breakdown-code="false" not-allocatable="false" level="9" additional-only="false" sort-key="B61F1/10" definition-exists="false" ipc-concordant="B61F1/10" c-set-base-allowed="false" c-set-subsequent-allowed="true" date-revised="2013-01-01" status="published"><classification-symbol>B61F1/10</classification-symbol><class-title date-revised="2013-01-01"><title-part><text>End constructions</text></title-part></class-title></classification-item>
<classification-item breakdown-code="false" not-allocatable="false" level="9" additional-only="false" sort-key="B61F1/12" definition-exists="false" ipc-concordant="B61F1/12" c-set-base-allowed="false" c-set-subsequent-allowed="true" date-revised="2013-01-01" status="published"><classification-symbol>B61F1/12</classification-symbol><class-title date-revised="2013-01-01"><title-part><text>Cross bearers</text></title-part></class-title></classification-item>
<classification-item breakdown-code="false" not-allocatable="false" level="9" additional-only="false" sort-key="B61F1/14" definition-exists="false" ipc-concordant="B61F1/14" c-set-base-allowed="false" c-set-subsequent-allowed="true" date-revised="2013-01-01" status="published"><classification-symbol>B61F1/14</classification-symbol><class-title date-revised="2013-01-01"><title-part><text>Attaching or supporting vehicle body-structure</text></title-part></class-title></classification-item></classification-item></classification-item>
<classification-item breakdown-code="false" not-allocatable="false" level="7" additional-only="false" sort-key="B61F3/00" definition-exists="true" ipc-concordant="B61F3/00" c-set-base-allowed="false" c-set-subsequent-allowed="true" date-revised="2013-01-01" status="published"><classification-symbol>B61F3/00</classification-symbol><class-title date-revised="2013-01-01"><title-part><text>Types of bogies </text><reference><text><class-ref scheme="cpc">B61F5/00</class-ref> takes precedence</text></reference></title-part></class-title>
<classification-item breakdown-code="false" not-allocatable="false" level="8" additional-only="false" sort-key="B61F3/02" definition-exists="false" ipc-concordant="B61F3/02" c-set-base-allowed="false" c-set-subsequent-allowed="true" date-revised="2013-01-01" status="published"><classification-symbol>B61F3/02</classification-symbol><class-title date-revised="2013-01-01"><title-part><text>with more than one axle</text></title-part></class-title>
<classification-item breakdown-code="false" not-allocatable="false" level="9" additional-only="false" sort-key="B61F3/04" definition-exists="false" ipc-concordant="B61F3/04" c-set-base-allowed="false" c-set-subsequent-allowed="true" date-revised="2013-01-01" status="published"><classification-symbol>B61F3/04</classification-symbol><class-title date-revised="2013-01-01"><title-part><text>with driven axles or wheels</text></title-part></class-title>
<classification-item breakdown-code="false" not-allocatable="false" level="10" additional-only="false" sort-key="B61F3/06" definition-exists="false" ipc-concordant="B61F3/06" c-set-base-allowed="false" c-set-subsequent-allowed="true" date-revised="2013-01-01" status="published"><classification-symbol>B61F3/06</classification-symbol><class-title date-revised="2013-01-01"><title-part><text>with three or more axles</text></title-part></class-title></classification-item></classification-item>
<classification-item breakdown-code="false" not-allocatable="false" level="9" additional-only="false" sort-key="B61F3/08" definition-exists="false" ipc-concordant="B61F3/08" c-set-base-allowed="false" c-set-subsequent-allowed="true" date-revised="2013-01-01" status="published"><classification-symbol>B61F3/08</classification-symbol><class-title date-revised="2013-01-01"><title-part><text>without driven axles or wheels</text></title-part></class-title>
<classification-item breakdown-code="false" not-allocatable="false" level="10" additional-only="false" sort-key="B61F3/10" definition-exists="false" ipc-concordant="B61F3/10" c-set-base-allowed="false" c-set-subsequent-allowed="true" date-revised="2013-01-01" status="published"><classification-symbol>B61F3/10</classification-symbol><class-title date-revised="2013-01-01"><title-part><text>with three or more axles</text></title-part></class-title></classification-item></classification-item></classification-item>
<classification-item breakdown-code="false" not-allocatable="false" level="8" additional-only="false" sort-key="B61F3/12" definition-exists="false" ipc-concordant="B61F3/12" c-set-base-allowed="false" c-set-subsequent-allowed="true" date-revised="2013-01-01" status="published"><classification-symbol>B61F3/12</classification-symbol><class-title date-revised="2013-01-01"><title-part><text>specially modified for carrying adjacent vehicle bodies of articulated trains</text></title-part></class-title>
<classification-item breakdown-code="false" not-allocatable="false" level="9" additional-only="false" sort-key="B61F3/125" definition-exists="false" ipc-concordant="B61F3/12" c-set-base-allowed="false" c-set-subsequent-allowed="true" date-revised="2013-01-01" status="published"><classification-symbol>B61F3/125</classification-symbol><class-title date-revised="2013-01-01"><title-part><CPC-specific-text><text>with more than one axle or wheel set</text></CPC-specific-text></title-part></class-title></classification-item></classification-item>
<classification-item breakdown-code="false" not-allocatable="false" level="8" additional-only="false" sort-key="B61F3/14" definition-exists="false" ipc-concordant="B61F3/14" c-set-base-allowed="false" c-set-subsequent-allowed="true" date-revised="2013-01-01" status="published"><classification-symbol>B61F3/14</classification-symbol><class-title date-revised="2013-01-01"><title-part><text>specially modified for reducing air resistance</text></title-part></class-title></classification-item>
<classification-item breakdown-code="false" not-allocatable="false" level="8" additional-only="false" sort-key="B61F3/16" definition-exists="false" ipc-concordant="B61F3/16" c-set-base-allowed="false" c-set-subsequent-allowed="true" date-revised="2013-01-01" status="published"><classification-symbol>B61F3/16</classification-symbol><class-title date-revised="2013-01-01"><title-part><text>with a separate axle for each wheel</text></title-part></class-title></classification-item></classification-item>
<classification-item breakdown-code="false" not-allocatable="false" level="7" additional-only="false" sort-key="B61F5/00" definition-exists="true" ipc-concordant="B61F5/00" c-set-base-allowed="false" c-set-subsequent-allowed="true" date-revised="2013-01-01" status="published"><classification-symbol>B61F5/00</classification-symbol><class-title date-revised="2013-01-01"><title-part><text>Constructional details of bogies</text></title-part><title-part><text>Connections between bogies and vehicle underframes</text></title-part><title-part><text>Arrangements or devices for adjusting or allowing self-adjustment of wheel axles or bogies when rounding curves</text></title-part></class-title>
<classification-item breakdown-code="false" not-allocatable="false" level="8" additional-only="false" sort-key="B61F5/02" definition-exists="false" ipc-concordant="B61F5/02" c-set-base-allowed="false" c-set-subsequent-allowed="true" date-revised="2013-01-01" status="published"><classification-symbol>B61F5/02</classification-symbol><class-title date-revised="2013-01-01"><title-part><text>Arrangements permitting limited transverse relative movements between vehicle underframe or bolster and bogie</text></title-part><title-part><text>Connections between underframes and bogies</text></title-part></class-title>
<classification-item breakdown-code="false" not-allocatable="false" level="9" additional-only="false" sort-key="B61F5/04" definition-exists="false" ipc-concordant="B61F5/04" c-set-base-allowed="false" c-set-subsequent-allowed="true" date-revised="2013-01-01" status="published"><classification-symbol>B61F5/04</classification-symbol><class-title date-revised="2013-01-01"><title-part><text>Bolster supports or mountings </text><reference><text>side bearings <class-ref scheme="cpc">B61F5/14</class-ref></text></reference></title-part></class-title>
<classification-item breakdown-code="false" not-allocatable="false" level="10" additional-only="false" sort-key="B61F5/06" definition-exists="false" ipc-concordant="B61F5/06" c-set-base-allowed="false" c-set-subsequent-allowed="true" date-revised="2013-01-01" status="published"><classification-symbol>B61F5/06</classification-symbol><class-title date-revised="2013-01-01"><title-part><text>incorporating metal springs</text></title-part></class-title></classification-item>
<classification-item breakdown-code="false" not-allocatable="false" level="10" additional-only="false" sort-key="B61F5/08" definition-exists="false" ipc-concordant="B61F5/08" c-set-base-allowed="false" c-set-subsequent-allowed="true" date-revised="2013-01-01" status="published"><classification-symbol>B61F5/08</classification-symbol><class-title date-revised="2013-01-01"><title-part><text>incorporating rubber springs</text></title-part></class-title></classification-item>
<classification-item breakdown-code="false" not-allocatable="false" level="10" additional-only="false" sort-key="B61F5/10" definition-exists="false" ipc-concordant="B61F5/10" c-set-base-allowed="false" c-set-subsequent-allowed="true" date-revised="2013-01-01" status="published"><classification-symbol>B61F5/10</classification-symbol><class-title date-revised="2013-01-01"><title-part><text>incorporating fluid springs</text></title-part></class-title></classification-item>
<classification-item breakdown-code="false" not-allocatable="false" level="10" additional-only="false" sort-key="B61F5/12" definition-exists="false" ipc-concordant="B61F5/12" c-set-base-allowed="false" c-set-subsequent-allowed="true" date-revised="2013-01-01" status="published"><classification-symbol>B61F5/12</classification-symbol><class-title date-revised="2013-01-01"><title-part><text>incorporating dampers</text></title-part></class-title>
<classification-item breakdown-code="false" not-allocatable="false" level="11" additional-only="false" sort-key="B61F5/122" definition-exists="false" ipc-concordant="B61F5/12" c-set-base-allowed="false" c-set-subsequent-allowed="true" date-revised="2013-01-01" status="published"><classification-symbol>B61F5/122</classification-symbol><class-title date-revised="2013-01-01"><title-part><CPC-specific-text><text>with friction surfaces</text></CPC-specific-text></title-part></class-title></classification-item>
<classification-item breakdown-code="false" not-allocatable="false" level="11" additional-only="false" sort-key="B61F5/125" definition-exists="false" ipc-concordant="B61F5/12" c-set-base-allowed="false" c-set-subsequent-allowed="true" date-revised="2013-01-01" status="published"><classification-symbol>B61F5/125</classification-symbol><class-title date-revised="2013-01-01"><title-part><CPC-specific-text><text>with rubber elements </text><reference><text><class-ref scheme="cpc">B61F5/08</class-ref> takes precedence</text></reference></CPC-specific-text></title-part></class-title></classification-item>
<classification-item breakdown-code="false" not-allocatable="false" level="11" additional-only="false" sort-key="B61F5/127" definition-exists="false" ipc-concordant="B61F5/12" c-set-base-allowed="false" c-set-subsequent-allowed="true" date-revised="2013-01-01" status="published"><classification-symbol>B61F5/127</classification-symbol><class-title date-revised="2013-01-01"><title-part><CPC-specific-text><text>with fluid as a damping medium</text></CPC-specific-text></title-part></class-title></classification-item></classification-item></classification-item>
<classification-item breakdown-code="false" not-allocatable="false" level="9" additional-only="false" sort-key="B61F5/14" definition-exists="false" ipc-concordant="B61F5/14" c-set-base-allowed="false" c-set-subsequent-allowed="true" date-revised="2013-01-01" status="published"><classification-symbol>B61F5/14</classification-symbol><class-title date-revised="2013-01-01"><title-part><text>Side bearings</text></title-part></class-title>
<classification-item breakdown-code="false" not-allocatable="false" level="10" additional-only="false" sort-key="B61F5/142" definition-exists="false" ipc-concordant="B61F5/14" c-set-base-allowed="false" c-set-subsequent-allowed="true" date-revised="2013-01-01" status="published"><classification-symbol>B61F5/142</classification-symbol><class-title date-revised="2013-01-01"><title-part><CPC-specific-text><text>made of rubber elements, graphite or the like</text></CPC-specific-text></title-part></class-title></classification-item>
<classification-item breakdown-code="false" not-allocatable="false" level="10" additional-only="false" sort-key="B61F5/144" definition-exists="false" ipc-concordant="B61F5/14" c-set-base-allowed="false" c-set-subsequent-allowed="true" date-revised="2013-01-01" status="published"><classification-symbol>B61F5/144</classification-symbol><class-title date-revised="2013-01-01"><title-part><CPC-specific-text><text>comprising fluid damping devices </text><reference><text><class-ref scheme="cpc">B61F5/146</class-ref> takes precedence</text></reference></CPC-specific-text></title-part></class-title></classification-item>
<classification-item breakdown-code="false" not-allocatable="false" level="10" additional-only="false" sort-key="B61F5/146" definition-exists="false" ipc-concordant="B61F5/14" c-set-base-allowed="false" c-set-subsequent-allowed="true" date-revised="2013-01-01" status="published"><classification-symbol>B61F5/146</classification-symbol><class-title date-revised="2013-01-01"><title-part><CPC-specific-text><text>of the oil bath type; Lubrication devices for side bearings</text></CPC-specific-text></title-part></class-title></classification-item>
<classification-item breakdown-code="false" not-allocatable="false" level="10" additional-only="false" sort-key="B61F5/148" definition-exists="false" ipc-concordant="B61F5/14" c-set-base-allowed="false" c-set-subsequent-allowed="true" date-revised="2013-01-01" status="published"><classification-symbol>B61F5/148</classification-symbol><class-title date-revised="2013-01-01"><title-part><CPC-specific-text><text>between bolsterless bogies and underframes </text><reference><text><class-ref scheme="cpc">B61F5/142</class-ref> - <class-ref scheme="cpc">B61F5/146</class-ref> take precedence</text></reference></CPC-specific-text></title-part></class-title></classification-item></classification-item>
<classification-item breakdown-code="false" not-allocatable="false" level="9" additional-only="false" sort-key="B61F5/16" definition-exists="false" ipc-concordant="B61F5/16" c-set-base-allowed="false" c-set-subsequent-allowed="true" date-revised="2013-01-01" status="published"><classification-symbol>B61F5/16</classification-symbol><class-title date-revised="2013-01-01"><title-part><text>Centre bearings or other swivel connections between underframes and bolsters or bogies</text></title-part></class-title>
<classification-item breakdown-code="false" not-allocatable="false" level="10" additional-only="false" sort-key="B61F5/18" definition-exists="false" ipc-concordant="B61F5/18" c-set-base-allowed="false" c-set-subsequent-allowed="true" date-revised="2013-01-01" status="published"><classification-symbol>B61F5/18</classification-symbol><class-title date-revised="2013-01-01"><title-part><text>King-bolts</text></title-part></class-title></classification-item>
<classification-item breakdown-code="false" not-allocatable="false" level="10" additional-only="false" sort-key="B61F5/20" definition-exists="false" ipc-concordant="B61F5/20" c-set-base-allowed="false" c-set-subsequent-allowed="true" date-revised="2013-01-01" status="published"><classification-symbol>B61F5/20</classification-symbol><class-title date-revised="2013-01-01"><title-part><text>with springs allowing transverse movements</text></title-part></class-title></classification-item></classification-item>
<classification-item breakdown-code="false" not-allocatable="false" level="9" additional-only="false" sort-key="B61F5/22" definition-exists="false" ipc-concordant="B61F5/22" c-set-base-allowed="false" c-set-subsequent-allowed="true" date-revised="2013-01-01" status="published"><classification-symbol>B61F5/22</classification-symbol><class-title date-revised="2013-01-01"><title-part><text>Guiding of the vehicle underframes with respect to the bogies</text></title-part></class-title>
<classification-item breakdown-code="false" not-allocatable="false" level="10" additional-only="false" sort-key="B61F5/24" definition-exists="false" ipc-concordant="B61F5/24" c-set-base-allowed="false" c-set-subsequent-allowed="true" date-revised="2013-01-01" status="published"><classification-symbol>B61F5/24</classification-symbol><class-title date-revised="2013-01-01"><title-part><text>Means for damping or minimising the canting, skewing, pitching, or plunging movements of the underframes</text></title-part></class-title>
<classification-item breakdown-code="false" not-allocatable="false" level="11" additional-only="false" sort-key="B61F5/245" definition-exists="false" ipc-concordant="B61F5/24" c-set-base-allowed="false" c-set-subsequent-allowed="true" date-revised="2013-01-01" status="published"><classification-symbol>B61F5/245</classification-symbol><class-title date-revised="2013-01-01"><title-part><CPC-specific-text><text>by active damping, i.e. with means to vary the damping characteristics in accordance with track or vehicle induced reactions, especially in high speed mode</text></CPC-specific-text></title-part></class-title></classification-item></classification-item></classification-item></classification-item>
<classification-item breakdown-code="false" not-allocatable="false" level="8" additional-only="false" sort-key="B61F5/26" definition-exists="false" ipc-concordant="B61F5/26" c-set-base-allowed="false" c-set-subsequent-allowed="true" date-revised="2013-01-01" status="published"><classification-symbol>B61F5/26</classification-symbol><class-title date-revised="2013-01-01"><title-part><text>Mounting or securing axle-boxes in vehicle or bogie underframes</text></title-part></class-title>
<classification-item breakdown-code="false" not-allocatable="false" level="9" additional-only="false" sort-key="B61F5/28" definition-exists="false" ipc-concordant="B61F5/28" c-set-base-allowed="false" c-set-subsequent-allowed="true" date-revised="2013-01-01" status="published"><classification-symbol>B61F5/28</classification-symbol><class-title date-revised="2013-01-01"><title-part><text>Axle-boxes integral with, or directly secured to, vehicle or bogie underframes</text></title-part></class-title></classification-item>
<classification-item breakdown-code="false" not-allocatable="false" level="9" additional-only="false" sort-key="B61F5/30" definition-exists="false" ipc-concordant="B61F5/30" c-set-base-allowed="false" c-set-subsequent-allowed="true" date-revised="2013-01-01" status="published"><classification-symbol>B61F5/30</classification-symbol><class-title date-revised="2013-01-01"><title-part><text>Axle-boxes mounted for movement under spring control in vehicle or bogie underframes </text><CPC-specific-text><reference><text><class-ref scheme="cpc">B61F5/36</class-ref> takes precedence over <class-ref scheme="cpc">B61F5/305</class-ref> - <class-ref scheme="cpc">B61F5/34</class-ref></text></reference></CPC-specific-text></title-part></class-title>
<classification-item breakdown-code="false" not-allocatable="false" level="10" additional-only="false" sort-key="B61F5/301" definition-exists="false" ipc-concordant="B61F5/30" c-set-base-allowed="false" c-set-subsequent-allowed="true" date-revised="2013-01-01" status="published"><classification-symbol>B61F5/301</classification-symbol><class-title date-revised="2013-01-01"><title-part><CPC-specific-text><text>incorporating metal springs</text></CPC-specific-text></title-part></class-title>
<classification-item breakdown-code="false" not-allocatable="false" level="11" additional-only="false" sort-key="B61F5/302" definition-exists="false" ipc-concordant="B61F5/30" c-set-base-allowed="false" c-set-subsequent-allowed="true" date-revised="2013-01-01" status="published"><classification-symbol>B61F5/302</classification-symbol><class-title date-revised="2013-01-01"><title-part><CPC-specific-text><text>Leaf springs</text></CPC-specific-text></title-part></class-title></classification-item>
<classification-item breakdown-code="false" not-allocatable="false" level="11" additional-only="false" sort-key="B61F5/304" definition-exists="false" ipc-concordant="B61F5/30" c-set-base-allowed="false" c-set-subsequent-allowed="true" date-revised="2013-01-01" status="published"><classification-symbol>B61F5/304</classification-symbol><class-title date-revised="2013-01-01"><title-part><CPC-specific-text><text>Torsion-bar springs</text></CPC-specific-text></title-part></class-title></classification-item></classification-item>
<classification-item breakdown-code="false" not-allocatable="false" level="10" additional-only="false" sort-key="B61F5/305" definition-exists="false" ipc-concordant="B61F5/30" c-set-base-allowed="false" c-set-subsequent-allowed="true" date-revised="2013-01-01" status="published"><classification-symbol>B61F5/305</classification-symbol><class-title date-revised="2013-01-01"><title-part><CPC-specific-text><text>incorporating rubber springs</text></CPC-specific-text></title-part></class-title></classification-item>
<classification-item breakdown-code="false" not-allocatable="false" level="10" additional-only="false" sort-key="B61F5/307" definition-exists="false" ipc-concordant="B61F5/30" c-set-base-allowed="false" c-set-subsequent-allowed="true" date-revised="2013-01-01" status="published"><classification-symbol>B61F5/307</classification-symbol><class-title date-revised="2013-01-01"><title-part><CPC-specific-text><text>incorporating fluid springs</text></CPC-specific-text></title-part></class-title></classification-item>
<classification-item breakdown-code="false" not-allocatable="false" level="10" additional-only="false" sort-key="B61F5/308" definition-exists="false" ipc-concordant="B61F5/30" c-set-base-allowed="false" c-set-subsequent-allowed="true" date-revised="2013-01-01" status="published"><classification-symbol>B61F5/308</classification-symbol><class-title date-revised="2013-01-01"><title-part><CPC-specific-text><text>incorporating damping devices</text></CPC-specific-text></title-part></class-title></classification-item>
<classification-item breakdown-code="false" not-allocatable="false" level="10" additional-only="false" sort-key="B61F5/32" definition-exists="false" ipc-concordant="B61F5/32" c-set-base-allowed="false" c-set-subsequent-allowed="true" date-revised="2013-01-01" status="published"><classification-symbol>B61F5/32</classification-symbol><class-title date-revised="2013-01-01"><title-part><text>Guides, e.g. plates, for axle-boxes</text></title-part></class-title>
<classification-item breakdown-code="false" not-allocatable="false" level="11" additional-only="false" sort-key="B61F5/325" definition-exists="false" ipc-concordant="B61F5/32" c-set-base-allowed="false" c-set-subsequent-allowed="true" date-revised="2013-01-01" status="published"><classification-symbol>B61F5/325</classification-symbol><class-title date-revised="2013-01-01"><title-part><CPC-specific-text><text>The guiding device including swinging arms or the like to ensure the parallelism of the axles</text></CPC-specific-text></title-part></class-title></classification-item>
<classification-item breakdown-code="false" not-allocatable="false" level="11" additional-only="false" sort-key="B61F5/34" definition-exists="false" ipc-concordant="B61F5/34" c-set-base-allowed="false" c-set-subsequent-allowed="true" date-revised="2013-01-01" status="published"><classification-symbol>B61F5/34</classification-symbol><class-title date-revised="2013-01-01"><title-part><text>Wedge mechanisms for adjusting clearance between underframes and axles</text></title-part></class-title></classification-item></classification-item>
<classification-item breakdown-code="false" not-allocatable="false" level="10" additional-only="false" sort-key="B61F5/36" definition-exists="false" ipc-concordant="B61F5/36" c-set-base-allowed="false" c-set-subsequent-allowed="true" date-revised="2013-01-01" status="published"><classification-symbol>B61F5/36</classification-symbol><class-title date-revised="2013-01-01"><title-part><text>Arrangements for equalising or adjusting the load on wheels or springs, e.g. yokes</text></title-part></class-title></classification-item></classification-item></classification-item>
<classification-item breakdown-code="false" not-allocatable="false" level="8" additional-only="false" sort-key="B61F5/38" definition-exists="false" ipc-concordant="B61F5/38" c-set-base-allowed="false" c-set-subsequent-allowed="true" date-revised="2013-01-01" status="published"><classification-symbol>B61F5/38</classification-symbol><class-title date-revised="2013-01-01"><title-part><text>Arrangements or devices for adjusting or allowing self- adjustment of wheel axles or bogies when rounding curves, e.g. sliding axles, swinging axles</text></title-part></class-title>
<classification-item breakdown-code="false" not-allocatable="false" level="9" additional-only="false" sort-key="B61F5/383" definition-exists="false" ipc-concordant="B61F5/38" c-set-base-allowed="false" c-set-subsequent-allowed="true" date-revised="2013-01-01" status="published"><classification-symbol>B61F5/383</classification-symbol><class-title date-revised="2013-01-01"><title-part><CPC-specific-text><text>Adjustment controlled by non-mechanical devices, e.g. scanning trackside elements</text></CPC-specific-text></title-part></class-title></classification-item>
<classification-item breakdown-code="false" not-allocatable="false" level="9" additional-only="false" sort-key="B61F5/386" definition-exists="false" ipc-concordant="B61F5/38" c-set-base-allowed="false" c-set-subsequent-allowed="true" date-revised="2013-01-01" status="published"><classification-symbol>B61F5/386</classification-symbol><class-title date-revised="2013-01-01"><title-part><CPC-specific-text><text>fluid actuated</text></CPC-specific-text></title-part></class-title></classification-item>
<classification-item breakdown-code="false" not-allocatable="false" level="9" additional-only="false" sort-key="B61F5/40" definition-exists="false" ipc-concordant="B61F5/40" c-set-base-allowed="false" c-set-subsequent-allowed="true" date-revised="2013-01-01" status="published"><classification-symbol>B61F5/40</classification-symbol><class-title date-revised="2013-01-01"><title-part><text>Bogies with side frames mounted for longitudinal relative movements</text></title-part></class-title></classification-item>
<classification-item breakdown-code="false" not-allocatable="false" level="9" additional-only="false" sort-key="B61F5/42" definition-exists="false" ipc-concordant="B61F5/42" c-set-base-allowed="false" c-set-subsequent-allowed="true" date-revised="2013-01-01" status="published"><classification-symbol>B61F5/42</classification-symbol><class-title date-revised="2013-01-01"><title-part><text>Adjustment controlled by buffer or coupling gear</text></title-part></class-title></classification-item>
<classification-item breakdown-code="false" not-allocatable="false" level="9" additional-only="false" sort-key="B61F5/44" definition-exists="false" ipc-concordant="B61F5/44" c-set-base-allowed="false" c-set-subsequent-allowed="true" date-revised="2013-01-01" status="published"><classification-symbol>B61F5/44</classification-symbol><class-title date-revised="2013-01-01"><title-part><text>Adjustment controlled by movements of vehicle body</text></title-part></class-title></classification-item>
<classification-item breakdown-code="false" not-allocatable="false" level="9" additional-only="false" sort-key="B61F5/46" definition-exists="false" ipc-concordant="B61F5/46" c-set-base-allowed="false" c-set-subsequent-allowed="true" date-revised="2013-01-01" status="published"><classification-symbol>B61F5/46</classification-symbol><class-title date-revised="2013-01-01"><title-part><text>Adjustment controlled by a sliding axle under the same vehicle underframe</text></title-part></class-title></classification-item>
<classification-item breakdown-code="false" not-allocatable="false" level="9" additional-only="false" sort-key="B61F5/48" definition-exists="false" ipc-concordant="B61F5/48" c-set-base-allowed="false" c-set-subsequent-allowed="true" date-revised="2013-01-01" status="published"><classification-symbol>B61F5/48</classification-symbol><class-title date-revised="2013-01-01"><title-part><text>Trailing or leading bogies for locomotives or motor- driven railcars </text><reference><text><class-ref scheme="cpc">B61F5/40</class-ref> takes precedence</text></reference></title-part></class-title></classification-item></classification-item>
<classification-item breakdown-code="false" not-allocatable="false" level="8" additional-only="false" sort-key="B61F5/50" definition-exists="false" ipc-concordant="B61F5/50" c-set-base-allowed="false" c-set-subsequent-allowed="true" date-revised="2013-01-01" status="published"><classification-symbol>B61F5/50</classification-symbol><class-title date-revised="2013-01-01"><title-part><text>Other details</text></title-part></class-title>
<classification-item breakdown-code="false" not-allocatable="false" level="9" additional-only="false" sort-key="B61F5/52" definition-exists="false" ipc-concordant="B61F5/52" c-set-base-allowed="false" c-set-subsequent-allowed="true" date-revised="2013-01-01" status="published"><classification-symbol>B61F5/52</classification-symbol><class-title date-revised="2013-01-01"><title-part><text>Bogie frames</text></title-part></class-title>
<classification-item breakdown-code="false" not-allocatable="false" level="10" additional-only="false" sort-key="B61F5/523" definition-exists="false" ipc-concordant="B61F5/52" c-set-base-allowed="false" c-set-subsequent-allowed="true" date-revised="2013-01-01" status="published"><classification-symbol>B61F5/523</classification-symbol><class-title date-revised="2013-01-01"><title-part><CPC-specific-text><text>comprising parts made from fibre-reinforced matrix material</text></CPC-specific-text></title-part></class-title></classification-item>
<classification-item breakdown-code="false" not-allocatable="false" level="10" additional-only="false" sort-key="B61F5/526" definition-exists="false" ipc-concordant="B61F5/52" c-set-base-allowed="false" c-set-subsequent-allowed="true" date-revised="2013-01-01" status="published"><classification-symbol>B61F5/526</classification-symbol><class-title date-revised="2013-01-01"><title-part><CPC-specific-text><text>comprising noise reducing devices</text></CPC-specific-text></title-part></class-title></classification-item></classification-item></classification-item></classification-item>
<classification-item breakdown-code="false" not-allocatable="false" level="7" additional-only="false" sort-key="B61F7/00" definition-exists="true" ipc-concordant="B61F7/00" c-set-base-allowed="false" c-set-subsequent-allowed="true" date-revised="2013-01-01" status="published"><classification-symbol>B61F7/00</classification-symbol><class-title date-revised="2013-01-01"><title-part><text>Rail vehicles equipped for use on tracks of different width</text></title-part></class-title></classification-item>
<classification-item breakdown-code="false" not-allocatable="false" level="7" additional-only="false" sort-key="B61F9/00" definition-exists="true" ipc-concordant="B61F9/00" c-set-base-allowed="false" c-set-subsequent-allowed="true" date-revised="2013-01-01" status="published"><classification-symbol>B61F9/00</classification-symbol><class-title date-revised="2013-01-01"><title-part><text>Rail vehicles characterised by means for preventing derailing, e.g. by use of guide wheels</text></title-part></class-title>
<classification-item breakdown-code="false" not-allocatable="false" level="8" additional-only="false" sort-key="B61F9/005" definition-exists="false" ipc-concordant="B61F9/00" c-set-base-allowed="false" c-set-subsequent-allowed="true" date-revised="2013-01-01" status="published"><classification-symbol>B61F9/005</classification-symbol><class-title date-revised="2013-01-01"><title-part><CPC-specific-text><text>by use of non-mechanical means, e.g. acoustic or electromagnetic devices</text></CPC-specific-text></title-part></class-title></classification-item></classification-item>
<classification-item breakdown-code="false" not-allocatable="false" level="7" additional-only="false" sort-key="B61F11/00" definition-exists="true" ipc-concordant="B61F11/00" c-set-base-allowed="false" c-set-subsequent-allowed="true" date-revised="2013-01-01" status="published"><classification-symbol>B61F11/00</classification-symbol><class-title date-revised="2013-01-01"><title-part><text>Rail vehicles characterised by rail-engaging elements other than wheels, e.g. balls</text></title-part></class-title></classification-item>
<classification-item breakdown-code="false" not-allocatable="false" level="7" additional-only="false" sort-key="B61F13/00" definition-exists="true" ipc-concordant="B61F13/00" c-set-base-allowed="false" c-set-subsequent-allowed="true" date-revised="2013-01-01" status="published"><classification-symbol>B61F13/00</classification-symbol><class-title date-revised="2013-01-01"><title-part><text>Rail vehicles characterised by wheel arrangements, not otherwise provided for</text></title-part></class-title></classification-item>
<classification-item breakdown-code="false" not-allocatable="false" level="7" additional-only="false" sort-key="B61F15/00" definition-exists="true" ipc-concordant="B61F15/00" c-set-base-allowed="false" c-set-subsequent-allowed="true" date-revised="2013-01-01" status="published"><classification-symbol>B61F15/00</classification-symbol><class-title date-revised="2013-01-01"><title-part><text>Axle-boxes </text><reference><text>mounting or securing axle-boxes <class-ref scheme="cpc">B61F5/26</class-ref>; lubrication <class-ref scheme="cpc">B61F17/00</class-ref>; bearings in general <class-ref scheme="cpc">F16C</class-ref></text></reference></title-part></class-title>
<classification-item breakdown-code="false" not-allocatable="false" level="8" additional-only="false" sort-key="B61F15/02" definition-exists="false" ipc-concordant="B61F15/02" c-set-base-allowed="false" c-set-subsequent-allowed="true" date-revised="2013-01-01" status="published"><classification-symbol>B61F15/02</classification-symbol><class-title date-revised="2013-01-01"><title-part><text>with journal bearings</text></title-part></class-title>
<classification-item breakdown-code="false" not-allocatable="false" level="9" additional-only="false" sort-key="B61F15/04" definition-exists="false" ipc-concordant="B61F15/04" c-set-base-allowed="false" c-set-subsequent-allowed="true" date-revised="2013-01-01" status="published"><classification-symbol>B61F15/04</classification-symbol><class-title date-revised="2013-01-01"><title-part><text>for locomotives</text></title-part></class-title></classification-item>
<classification-item breakdown-code="false" not-allocatable="false" level="9" additional-only="false" sort-key="B61F15/06" definition-exists="false" ipc-concordant="B61F15/06" c-set-base-allowed="false" c-set-subsequent-allowed="true" date-revised="2013-01-01" status="published"><classification-symbol>B61F15/06</classification-symbol><class-title date-revised="2013-01-01"><title-part><text>for cars</text></title-part></class-title></classification-item>
<classification-item breakdown-code="false" not-allocatable="false" level="9" additional-only="false" sort-key="B61F15/08" definition-exists="false" ipc-concordant="B61F15/08" c-set-base-allowed="false" c-set-subsequent-allowed="true" date-revised="2013-01-01" status="published"><classification-symbol>B61F15/08</classification-symbol><class-title date-revised="2013-01-01"><title-part><text>the axle being slidable or tiltable in the bearings</text></title-part></class-title>
<classification-item breakdown-code="false" not-allocatable="false" level="10" additional-only="false" sort-key="B61F15/10" definition-exists="false" ipc-concordant="B61F15/10" c-set-base-allowed="false" c-set-subsequent-allowed="true" date-revised="2013-01-01" status="published"><classification-symbol>B61F15/10</classification-symbol><class-title date-revised="2013-01-01"><title-part><text>and having springs opposing such movements</text></title-part></class-title></classification-item></classification-item></classification-item>
<classification-item breakdown-code="false" not-allocatable="false" level="8" additional-only="false" sort-key="B61F15/12" definition-exists="false" ipc-concordant="B61F15/12" c-set-base-allowed="false" c-set-subsequent-allowed="true" date-revised="2013-01-01" status="published"><classification-symbol>B61F15/12</classification-symbol><class-title date-revised="2013-01-01"><title-part><text>with roller, needle, or ball bearings</text></title-part></class-title>
<classification-item breakdown-code="false" not-allocatable="false" level="9" additional-only="false" sort-key="B61F15/14" definition-exists="false" ipc-concordant="B61F15/14" c-set-base-allowed="false" c-set-subsequent-allowed="true" date-revised="2013-01-01" status="published"><classification-symbol>B61F15/14</classification-symbol><class-title date-revised="2013-01-01"><title-part><text>constructed for taking-up axial pressure</text></title-part></class-title></classification-item>
<classification-item breakdown-code="false" not-allocatable="false" level="9" additional-only="false" sort-key="B61F15/16" definition-exists="false" ipc-concordant="B61F15/16" c-set-base-allowed="false" c-set-subsequent-allowed="true" date-revised="2013-01-01" status="published"><classification-symbol>B61F15/16</classification-symbol><class-title date-revised="2013-01-01"><title-part><text>the axle being slidable or tiltable in the bearings</text></title-part></class-title>
<classification-item breakdown-code="false" not-allocatable="false" level="10" additional-only="false" sort-key="B61F15/18" definition-exists="false" ipc-concordant="B61F15/18" c-set-base-allowed="false" c-set-subsequent-allowed="true" date-revised="2013-01-01" status="published"><classification-symbol>B61F15/18</classification-symbol><class-title date-revised="2013-01-01"><title-part><text>and having springs opposing such movements</text></title-part></class-title></classification-item></classification-item></classification-item>
<classification-item breakdown-code="false" not-allocatable="false" level="8" additional-only="false" sort-key="B61F15/20" definition-exists="false" ipc-concordant="B61F15/20" c-set-base-allowed="false" c-set-subsequent-allowed="true" date-revised="2013-01-01" status="published"><classification-symbol>B61F15/20</classification-symbol><class-title date-revised="2013-01-01"><title-part><text>Details</text></title-part></class-title>
<classification-item breakdown-code="false" not-allocatable="false" level="9" additional-only="false" sort-key="B61F15/22" definition-exists="false" ipc-concordant="B61F15/22" c-set-base-allowed="false" c-set-subsequent-allowed="true" date-revised="2013-01-01" status="published"><classification-symbol>B61F15/22</classification-symbol><class-title date-revised="2013-01-01"><title-part><text>Sealing means preventing entrance of dust or leakage of oil</text></title-part></class-title>
<classification-item breakdown-code="false" not-allocatable="false" level="10" additional-only="false" sort-key="B61F15/24" definition-exists="false" ipc-concordant="B61F15/24" c-set-base-allowed="false" c-set-subsequent-allowed="true" date-revised="2013-01-01" status="published"><classification-symbol>B61F15/24</classification-symbol><class-title date-revised="2013-01-01"><title-part><text>preventing oil leakage when vehicle is tilted or inverted</text></title-part></class-title></classification-item></classification-item>
<classification-item breakdown-code="false" not-allocatable="false" level="9" additional-only="false" sort-key="B61F15/26" definition-exists="false" ipc-concordant="B61F15/26" c-set-base-allowed="false" c-set-subsequent-allowed="true" date-revised="2013-01-01" status="published"><classification-symbol>B61F15/26</classification-symbol><class-title date-revised="2013-01-01"><title-part><text>Covers</text></title-part><title-part><text>Sealing thereof</text></title-part></class-title></classification-item>
<classification-item breakdown-code="false" not-allocatable="false" level="9" additional-only="false" sort-key="B61F15/28" definition-exists="false" ipc-concordant="B61F15/28" c-set-base-allowed="false" c-set-subsequent-allowed="true" date-revised="2013-01-01" status="published"><classification-symbol>B61F15/28</classification-symbol><class-title date-revised="2013-01-01"><title-part><text>Axle-boxes modified to ensure electrical conductivity</text></title-part></class-title></classification-item></classification-item></classification-item>
<classification-item breakdown-code="false" not-allocatable="false" level="7" additional-only="false" sort-key="B61F17/00" definition-exists="true" ipc-concordant="B61F17/00" c-set-base-allowed="false" c-set-subsequent-allowed="true" date-revised="2013-01-01" status="published"><classification-symbol>B61F17/00</classification-symbol><class-title date-revised="2013-01-01"><title-part><text>Lubrication specially adapted for axle-boxes of rail vehicles </text><reference><text>lubrication in general <class-ref scheme="cpc">F16N</class-ref></text></reference></title-part></class-title>
<classification-item breakdown-code="false" not-allocatable="false" level="8" additional-only="false" sort-key="B61F17/02" definition-exists="false" ipc-concordant="B61F17/02" c-set-base-allowed="false" c-set-subsequent-allowed="true" date-revised="2013-01-01" status="published"><classification-symbol>B61F17/02</classification-symbol><class-title date-revised="2013-01-01"><title-part><text>with oil</text></title-part></class-title>
<classification-item breakdown-code="false" not-allocatable="false" level="9" additional-only="false" sort-key="B61F17/04" definition-exists="false" ipc-concordant="B61F17/04" c-set-base-allowed="false" c-set-subsequent-allowed="true" date-revised="2013-01-01" status="published"><classification-symbol>B61F17/04</classification-symbol><class-title date-revised="2013-01-01"><title-part><text>Lubrication by stationary devices</text></title-part></class-title>
<classification-item breakdown-code="false" not-allocatable="false" level="10" additional-only="false" sort-key="B61F17/06" definition-exists="false" ipc-concordant="B61F17/06" c-set-base-allowed="false" c-set-subsequent-allowed="true" date-revised="2013-01-01" status="published"><classification-symbol>B61F17/06</classification-symbol><class-title date-revised="2013-01-01"><title-part><text>by means of a wick or the like</text></title-part></class-title>
<classification-item breakdown-code="false" not-allocatable="false" level="11" additional-only="false" sort-key="B61F17/08" definition-exists="false" ipc-concordant="B61F17/08" c-set-base-allowed="false" c-set-subsequent-allowed="true" date-revised="2013-01-01" status="published"><classification-symbol>B61F17/08</classification-symbol><class-title date-revised="2013-01-01"><title-part><text>Devices for pressing the wick or the like against the rotating axle</text></title-part></class-title></classification-item></classification-item>
<classification-item breakdown-code="false" not-allocatable="false" level="10" additional-only="false" sort-key="B61F17/10" definition-exists="false" ipc-concordant="B61F17/10" c-set-base-allowed="false" c-set-subsequent-allowed="true" date-revised="2013-01-01" status="published"><classification-symbol>B61F17/10</classification-symbol><class-title date-revised="2013-01-01"><title-part><text>by means of an oil bath</text></title-part></class-title></classification-item>
<classification-item breakdown-code="false" not-allocatable="false" level="10" additional-only="false" sort-key="B61F17/12" definition-exists="false" ipc-concordant="B61F17/12" c-set-base-allowed="false" c-set-subsequent-allowed="true" date-revised="2013-01-01" status="published"><classification-symbol>B61F17/12</classification-symbol><class-title date-revised="2013-01-01"><title-part><text>by gravity</text></title-part></class-title></classification-item></classification-item>
<classification-item breakdown-code="false" not-allocatable="false" level="9" additional-only="false" sort-key="B61F17/14" definition-exists="false" ipc-concordant="B61F17/14" c-set-base-allowed="false" c-set-subsequent-allowed="true" date-revised="2013-01-01" status="published"><classification-symbol>B61F17/14</classification-symbol><class-title date-revised="2013-01-01"><title-part><text>Rotating lubricating devices</text></title-part></class-title>
<classification-item breakdown-code="false" not-allocatable="false" level="10" additional-only="false" sort-key="B61F17/16" definition-exists="false" ipc-concordant="B61F17/16" c-set-base-allowed="false" c-set-subsequent-allowed="true" date-revised="2013-01-01" status="published"><classification-symbol>B61F17/16</classification-symbol><class-title date-revised="2013-01-01"><title-part><text>with rings</text></title-part></class-title></classification-item>
<classification-item breakdown-code="false" not-allocatable="false" level="10" additional-only="false" sort-key="B61F17/18" definition-exists="false" ipc-concordant="B61F17/18" c-set-base-allowed="false" c-set-subsequent-allowed="true" date-revised="2013-01-01" status="published"><classification-symbol>B61F17/18</classification-symbol><class-title date-revised="2013-01-01"><title-part><text>with chains</text></title-part></class-title></classification-item>
<classification-item breakdown-code="false" not-allocatable="false" level="10" additional-only="false" sort-key="B61F17/20" definition-exists="false" ipc-concordant="B61F17/20" c-set-base-allowed="false" c-set-subsequent-allowed="true" date-revised="2013-01-01" status="published"><classification-symbol>B61F17/20</classification-symbol><class-title date-revised="2013-01-01"><title-part><text>with scoops or the like attached to, or coupled with, the axle</text></title-part></class-title></classification-item>
<classification-item breakdown-code="false" not-allocatable="false" level="10" additional-only="false" sort-key="B61F17/22" definition-exists="false" ipc-concordant="B61F17/22" c-set-base-allowed="false" c-set-subsequent-allowed="true" date-revised="2013-01-01" status="published"><classification-symbol>B61F17/22</classification-symbol><class-title date-revised="2013-01-01"><title-part><text>with discs, rollers, or belts engaging the axle</text></title-part></class-title></classification-item></classification-item>
<classification-item breakdown-code="false" not-allocatable="false" level="9" additional-only="false" sort-key="B61F17/24" definition-exists="false" ipc-concordant="B61F17/24" c-set-base-allowed="false" c-set-subsequent-allowed="true" date-revised="2013-01-01" status="published"><classification-symbol>B61F17/24</classification-symbol><class-title date-revised="2013-01-01"><title-part><text>by built-in lubricating pumps</text></title-part></class-title></classification-item>
<classification-item breakdown-code="false" not-allocatable="false" level="9" additional-only="false" sort-key="B61F17/26" definition-exists="false" ipc-concordant="B61F17/26" c-set-base-allowed="false" c-set-subsequent-allowed="true" date-revised="2013-01-01" status="published"><classification-symbol>B61F17/26</classification-symbol><class-title date-revised="2013-01-01"><title-part><text>by external feeding means, e.g. pneumatic devices</text></title-part></class-title></classification-item>
<classification-item breakdown-code="false" not-allocatable="false" level="9" additional-only="false" sort-key="B61F17/28" definition-exists="false" ipc-concordant="B61F17/28" c-set-base-allowed="false" c-set-subsequent-allowed="true" date-revised="2013-01-01" status="published"><classification-symbol>B61F17/28</classification-symbol><class-title date-revised="2013-01-01"><title-part><text>Applications of oil cleaners not otherwise provided for</text></title-part></class-title></classification-item></classification-item>
<classification-item breakdown-code="false" not-allocatable="false" level="8" additional-only="false" sort-key="B61F17/30" definition-exists="false" ipc-concordant="B61F17/30" c-set-base-allowed="false" c-set-subsequent-allowed="true" date-revised="2013-01-01" status="published"><classification-symbol>B61F17/30</classification-symbol><class-title date-revised="2013-01-01"><title-part><text>with grease</text></title-part></class-title>
<classification-item breakdown-code="false" not-allocatable="false" level="9" additional-only="false" sort-key="B61F17/32" definition-exists="false" ipc-concordant="B61F17/32" c-set-base-allowed="false" c-set-subsequent-allowed="true" date-revised="2013-01-01" status="published"><classification-symbol>B61F17/32</classification-symbol><class-title date-revised="2013-01-01"><title-part><text>by manually-operated lubricators, e.g. screw cups</text></title-part></class-title></classification-item>
<classification-item breakdown-code="false" not-allocatable="false" level="9" additional-only="false" sort-key="B61F17/34" definition-exists="false" ipc-concordant="B61F17/34" c-set-base-allowed="false" c-set-subsequent-allowed="true" date-revised="2013-01-01" status="published"><classification-symbol>B61F17/34</classification-symbol><class-title date-revised="2013-01-01"><title-part><text>by automatic means, e.g. with spring action</text></title-part></class-title></classification-item></classification-item>
<classification-item breakdown-code="false" not-allocatable="false" level="8" additional-only="false" sort-key="B61F17/36" definition-exists="false" ipc-concordant="B61F17/36" c-set-base-allowed="false" c-set-subsequent-allowed="true" date-revised="2013-01-01" status="published"><classification-symbol>B61F17/36</classification-symbol><class-title date-revised="2013-01-01"><title-part><text>with other, e.g. mixed, lubricating agents</text></title-part></class-title></classification-item></classification-item>
<classification-item breakdown-code="false" not-allocatable="false" level="7" additional-only="false" sort-key="B61F19/00" definition-exists="true" ipc-concordant="B61F19/00" c-set-base-allowed="false" c-set-subsequent-allowed="true" date-revised="2013-01-01" status="published"><classification-symbol>B61F19/00</classification-symbol><class-title date-revised="2013-01-01"><title-part><text>Wheel guards</text></title-part><title-part><text>Bumpers</text></title-part><title-part><text>Obstruction removers or the like </text><reference><text>for vehicles in general <class-ref scheme="cpc">B60R19/00</class-ref></text></reference></title-part></class-title>
<classification-item breakdown-code="false" not-allocatable="false" level="8" additional-only="false" sort-key="B61F19/02" definition-exists="false" ipc-concordant="B61F19/02" c-set-base-allowed="false" c-set-subsequent-allowed="true" date-revised="2013-01-01" status="published"><classification-symbol>B61F19/02</classification-symbol><class-title date-revised="2013-01-01"><title-part><text>Wheel guards</text></title-part></class-title></classification-item>
<classification-item breakdown-code="false" not-allocatable="false" level="8" additional-only="false" sort-key="B61F19/04" definition-exists="false" ipc-concordant="B61F19/04" c-set-base-allowed="false" c-set-subsequent-allowed="true" date-revised="2013-01-01" status="published"><classification-symbol>B61F19/04</classification-symbol><class-title date-revised="2013-01-01"><title-part><text>Bumpers or like collision guards</text></title-part></class-title></classification-item>
<classification-item breakdown-code="false" not-allocatable="false" level="8" additional-only="false" sort-key="B61F19/06" definition-exists="false" ipc-concordant="B61F19/06" c-set-base-allowed="false" c-set-subsequent-allowed="true" date-revised="2013-01-01" status="published"><classification-symbol>B61F19/06</classification-symbol><class-title date-revised="2013-01-01"><title-part><text>Nets, catchers, or the like for catching obstacles or removing them from the track </text><reference><text>mailbag catchers <class-ref scheme="cpc">B61K1/02</class-ref></text></reference></title-part></class-title>
<classification-item breakdown-code="false" not-allocatable="false" level="9" additional-only="false" sort-key="B61F19/08" definition-exists="false" ipc-concordant="B61F19/08" c-set-base-allowed="false" c-set-subsequent-allowed="true" date-revised="2013-01-01" status="published"><classification-symbol>B61F19/08</classification-symbol><class-title date-revised="2013-01-01"><title-part><text>of the drop-down type</text></title-part></class-title>
<classification-item breakdown-code="false" not-allocatable="false" level="10" additional-only="false" sort-key="B61F19/10" definition-exists="false" ipc-concordant="B61F19/10" c-set-base-allowed="false" c-set-subsequent-allowed="true" date-revised="2013-01-01" status="published"><classification-symbol>B61F19/10</classification-symbol><class-title date-revised="2013-01-01"><title-part><text>automatically operated by engagement with obstacle</text></title-part></class-title></classification-item></classification-item></classification-item></classification-item>
<classification-item breakdown-code="false" not-allocatable="false" level="7" additional-only="false" sort-key="B61F99/00" definition-exists="true" ipc-concordant="B61F99/00" c-set-base-allowed="false" c-set-subsequent-allowed="true" date-revised="2013-01-01" status="published"><classification-symbol>B61F99/00</classification-symbol><class-title date-revised="2013-01-01"><title-part><text>Subject matter not provided for in other groups of this subclass</text></title-part></class-title></classification-item></classification-item></classification-item></class-scheme>