<?xml version="1.0" encoding="UTF-8"?>
<class-scheme publication-date="2018-02-01" scheme-type="cpc" publication-type="official">
<classification-item breakdown-code="false" not-allocatable="true" level="5" additional-only="false" sort-key="C12H" definition-exists="true" date-revised="2018-01-01" status="published"><classification-symbol>C12H</classification-symbol><class-title date-revised="2013-01-01"><title-part><text>PASTEURISATION</text></title-part><title-part><text>STERILISATION</text></title-part><title-part><text>PRESERVATION</text></title-part><title-part><text>PURIFICATION</text></title-part><title-part><text>CLARIFICATION</text></title-part><title-part><text>AGEING</text></title-part></class-title><notes-and-warnings date-revised="2013-01-01"><note type="note"><note-paragraph> When classifying in this subclass, classification is also made in group <class-ref scheme="cpc">B01D15/08</class-ref> insofar as subject matter of general interest relating to chromatography is concerned. </note-paragraph></note><note type="warning"><note-paragraph warning-type="ipc-not-used">The following IPC groups are not in the CPC scheme. The subject matter for these IPC groups is classified in the following CPC groups: <table><row><entry><class-ref scheme="ipc">C12H1/044</class-ref>-<class-ref scheme="ipc">C12H1/048</class-ref></entry><entry> covered by </entry><entry/></row><row><entry><class-ref scheme="ipc">C12H1/052</class-ref>-<class-ref scheme="ipc">C12H1/056</class-ref></entry><entry> covered by </entry><entry/></row><row><entry><class-ref scheme="ipc">C12H1/065</class-ref></entry><entry> covered by </entry><entry/></row><row><entry><class-ref scheme="ipc">C12H1/07</class-ref>-<class-ref scheme="ipc">C12H1/075</class-ref></entry><entry> covered by </entry><entry/></row><row><entry><class-ref scheme="ipc">C12H1/15</class-ref></entry><entry> covered by </entry><entry/></row><row><entry><class-ref scheme="ipc">C12H3/00</class-ref>-<class-ref scheme="ipc">C12H3/04</class-ref></entry><entry> covered by </entry><entry/></row></table></note-paragraph></note></notes-and-warnings>
<classification-item breakdown-code="false" not-allocatable="true" level="6" additional-only="false" sort-key="C12H1/00" date-revised="2013-01-01" status="published"><classification-symbol>C12H1/00</classification-symbol>
<classification-item breakdown-code="false" not-allocatable="false" level="7" additional-only="false" sort-key="C12H1/00" definition-exists="true" ipc-concordant="C12H1/00" c-set-base-allowed="false" c-set-subsequent-allowed="true" date-revised="2013-01-01" status="published"><classification-symbol>C12H1/00</classification-symbol><class-title date-revised="2013-01-01"><title-part><text>Pasteurisation, sterilisation, preservation, purification, clarification, or ageing of alcoholic beverages </text><reference><text>simulating ageing by flavouring <class-ref scheme="cpc">C12G3/06</class-ref></text></reference></title-part></class-title>
<classification-item breakdown-code="false" not-allocatable="false" level="8" additional-only="false" sort-key="C12H1/003" definition-exists="true" ipc-concordant="C12H1/00" c-set-base-allowed="false" c-set-subsequent-allowed="true" date-revised="2013-01-01" status="published"><classification-symbol>C12H1/003</classification-symbol><class-title date-revised="2013-01-01"><title-part><CPC-specific-text><text>by a biochemical process</text></CPC-specific-text></title-part></class-title>
<classification-item breakdown-code="false" not-allocatable="false" level="9" additional-only="false" sort-key="C12H1/006" definition-exists="true" ipc-concordant="C12H1/00" c-set-base-allowed="false" c-set-subsequent-allowed="true" date-revised="2013-01-01" status="published"><classification-symbol>C12H1/006</classification-symbol><class-title date-revised="2013-01-01"><title-part><CPC-specific-text><text>using bacterial cultures</text></CPC-specific-text></title-part></class-title></classification-item></classification-item>
<classification-item breakdown-code="false" not-allocatable="false" level="8" additional-only="false" sort-key="C12H1/02" definition-exists="true" ipc-concordant="C12H1/02" c-set-base-allowed="false" c-set-subsequent-allowed="true" date-revised="2013-01-01" status="published"><classification-symbol>C12H1/02</classification-symbol><class-title date-revised="2013-01-01"><title-part><text>combined with removal of precipitate or added materials, e.g. adsorption material</text></title-part></class-title>
<classification-item breakdown-code="false" not-allocatable="false" level="9" additional-only="false" sort-key="C12H1/04" definition-exists="true" ipc-concordant="C12H1/04" c-set-base-allowed="false" c-set-subsequent-allowed="true" date-revised="2013-01-01" status="published"><classification-symbol>C12H1/04</classification-symbol><class-title date-revised="2013-01-01"><title-part><text>with the aid of ion-exchange material or inert clarification material, e.g. adsorption material</text></title-part></class-title>
<classification-item breakdown-code="false" not-allocatable="false" level="10" additional-only="false" sort-key="C12H1/0408" definition-exists="true" ipc-concordant="C12H1/044" c-set-base-allowed="false" c-set-subsequent-allowed="true" date-revised="2013-01-01" status="published"><classification-symbol>C12H1/0408</classification-symbol><class-title date-revised="2013-01-01"><title-part><CPC-specific-text><text>with the aid of inorganic added material</text></CPC-specific-text></title-part></class-title></classification-item>
<classification-item breakdown-code="false" not-allocatable="false" level="10" additional-only="false" sort-key="C12H1/0416" definition-exists="true" ipc-concordant="C12H1/052" c-set-base-allowed="false" c-set-subsequent-allowed="true" date-revised="2013-01-01" status="published"><classification-symbol>C12H1/0416</classification-symbol><class-title date-revised="2013-01-01"><title-part><CPC-specific-text><text>with the aid of organic added material</text></CPC-specific-text></title-part></class-title>
<classification-item breakdown-code="false" not-allocatable="false" level="11" additional-only="false" sort-key="C12H1/0424" definition-exists="true" ipc-concordant="C12H1/056" c-set-base-allowed="false" c-set-subsequent-allowed="true" date-revised="2013-01-01" status="published"><classification-symbol>C12H1/0424</classification-symbol><class-title date-revised="2013-01-01"><title-part><CPC-specific-text><text>with the aid of a polymer</text></CPC-specific-text></title-part></class-title></classification-item></classification-item>
<classification-item breakdown-code="false" not-allocatable="false" level="10" additional-only="false" sort-key="C12H1/0432" definition-exists="true" ipc-concordant="C12H1/04" c-set-base-allowed="false" c-set-subsequent-allowed="true" date-revised="2013-01-01" status="published"><classification-symbol>C12H1/0432</classification-symbol><class-title date-revised="2013-01-01"><title-part><CPC-specific-text><text>with the aid of ion-exchange material</text></CPC-specific-text></title-part></class-title></classification-item></classification-item>
<classification-item breakdown-code="false" not-allocatable="false" level="9" additional-only="false" sort-key="C12H1/06" definition-exists="true" ipc-concordant="C12H1/06" c-set-base-allowed="false" c-set-subsequent-allowed="true" date-revised="2013-01-01" status="published"><classification-symbol>C12H1/06</classification-symbol><class-title date-revised="2013-01-01"><title-part><text>Precipitation by physical means, e.g. by irradiation, vibrations</text></title-part></class-title>
<classification-item breakdown-code="false" not-allocatable="false" level="10" additional-only="false" sort-key="C12H1/061" definition-exists="true" ipc-concordant="C12H1/065" c-set-base-allowed="false" c-set-subsequent-allowed="true" date-revised="2013-01-01" status="published"><classification-symbol>C12H1/061</classification-symbol><class-title date-revised="2013-01-01"><title-part><CPC-specific-text><text>Separation by centrifugation</text></CPC-specific-text></title-part></class-title></classification-item>
<classification-item breakdown-code="false" not-allocatable="false" level="10" additional-only="false" sort-key="C12H1/063" definition-exists="true" ipc-concordant="C12H1/07" c-set-base-allowed="false" c-set-subsequent-allowed="true" date-revised="2013-01-01" status="published"><classification-symbol>C12H1/063</classification-symbol><class-title date-revised="2013-01-01"><title-part><CPC-specific-text><text>Separation by filtration</text></CPC-specific-text></title-part></class-title></classification-item>
<classification-item breakdown-code="false" not-allocatable="false" level="10" additional-only="false" sort-key="C12H1/08" definition-exists="true" ipc-concordant="C12H1/08" c-set-base-allowed="false" c-set-subsequent-allowed="true" date-revised="2013-01-01" status="published"><classification-symbol>C12H1/08</classification-symbol><class-title date-revised="2013-01-01"><title-part><text>by heating</text></title-part></class-title></classification-item></classification-item>
<classification-item breakdown-code="false" not-allocatable="false" level="9" additional-only="false" sort-key="C12H1/10" definition-exists="true" ipc-concordant="C12H1/10" c-set-base-allowed="false" c-set-subsequent-allowed="true" date-revised="2013-01-01" status="published"><classification-symbol>C12H1/10</classification-symbol><class-title date-revised="2013-01-01"><title-part><text>Precipitation by chemical means</text></title-part></class-title></classification-item></classification-item>
<classification-item breakdown-code="false" not-allocatable="false" level="8" additional-only="false" sort-key="C12H1/12" definition-exists="true" ipc-concordant="C12H1/12" c-set-base-allowed="false" c-set-subsequent-allowed="true" date-revised="2013-01-01" status="published"><classification-symbol>C12H1/12</classification-symbol><class-title date-revised="2013-01-01"><title-part><text>without precipitation</text></title-part></class-title>
<classification-item breakdown-code="false" not-allocatable="false" level="9" additional-only="false" sort-key="C12H1/14" definition-exists="true" ipc-concordant="C12H1/14" c-set-base-allowed="false" c-set-subsequent-allowed="true" date-revised="2013-01-01" status="published"><classification-symbol>C12H1/14</classification-symbol><class-title date-revised="2013-01-01"><title-part><text>with non-precipitating compounds, e.g. sulfiting</text></title-part><title-part><text>Sequestration, e.g. with chelate-producing compounds</text></title-part></class-title></classification-item>
<classification-item breakdown-code="false" not-allocatable="false" level="9" additional-only="false" sort-key="C12H1/16" definition-exists="true" ipc-concordant="C12H1/16" c-set-base-allowed="false" c-set-subsequent-allowed="true" date-revised="2013-01-01" status="published"><classification-symbol>C12H1/16</classification-symbol><class-title date-revised="2013-01-01"><title-part><text>by physical means, e.g. irradiation</text></title-part></class-title>
<classification-item breakdown-code="false" not-allocatable="false" level="10" additional-only="false" sort-key="C12H1/165" definition-exists="true" ipc-concordant="C12H1/16" c-set-base-allowed="false" c-set-subsequent-allowed="true" date-revised="2013-01-01" status="published"><classification-symbol>C12H1/165</classification-symbol><class-title date-revised="2013-01-01"><title-part><CPC-specific-text><text>by irradiation</text></CPC-specific-text></title-part></class-title></classification-item>
<classification-item breakdown-code="false" not-allocatable="false" level="10" additional-only="false" sort-key="C12H1/18" definition-exists="true" ipc-concordant="C12H1/18" c-set-base-allowed="false" c-set-subsequent-allowed="true" date-revised="2013-01-01" status="published"><classification-symbol>C12H1/18</classification-symbol><class-title date-revised="2013-01-01"><title-part><text>by heating</text></title-part></class-title>
<classification-item breakdown-code="false" not-allocatable="false" level="11" additional-only="false" sort-key="C12H1/20" definition-exists="true" ipc-concordant="C12H1/20" c-set-base-allowed="false" c-set-subsequent-allowed="true" date-revised="2013-01-01" status="published"><classification-symbol>C12H1/20</classification-symbol><class-title date-revised="2013-01-01"><title-part><text>in containers allowing for expansion of the contents</text></title-part></class-title></classification-item></classification-item></classification-item></classification-item>
<classification-item breakdown-code="false" not-allocatable="false" level="8" additional-only="false" sort-key="C12H1/22" definition-exists="true" ipc-concordant="C12H1/22" c-set-base-allowed="false" c-set-subsequent-allowed="true" date-revised="2013-01-01" status="published"><classification-symbol>C12H1/22</classification-symbol><class-title date-revised="2013-01-01"><title-part><text>Ageing or ripening by storing, e.g. lagering of beer</text></title-part></class-title></classification-item></classification-item></classification-item></classification-item></class-scheme>