<?xml version="1.0" encoding="UTF-8"?>
<class-scheme publication-date="2018-02-01" scheme-type="cpc" publication-type="official">
<classification-item breakdown-code="false" not-allocatable="true" level="5" additional-only="false" sort-key="B68C" definition-exists="true" date-revised="2013-01-01" status="published"><classification-symbol>B68C</classification-symbol><class-title date-revised="2013-01-01"><title-part><text>SADDLES</text></title-part><title-part><text>STIRRUPS</text></title-part></class-title>
<classification-item breakdown-code="false" not-allocatable="true" level="6" additional-only="false" sort-key="B68C1/00" date-revised="2013-01-01" status="published"><classification-symbol>B68C1/00</classification-symbol>
<classification-item breakdown-code="false" not-allocatable="false" level="7" additional-only="false" sort-key="B68C1/00" definition-exists="true" ipc-concordant="B68C1/00" c-set-base-allowed="false" c-set-subsequent-allowed="true" date-revised="2013-01-01" status="published"><classification-symbol>B68C1/00</classification-symbol><class-title date-revised="2013-01-01"><title-part><text>Saddling equipment for riding- or pack-animals</text></title-part></class-title>
<classification-item breakdown-code="false" not-allocatable="false" level="8" additional-only="false" sort-key="B68C1/002" definition-exists="false" ipc-concordant="B68C1/00" c-set-base-allowed="false" c-set-subsequent-allowed="true" date-revised="2013-01-01" status="published"><classification-symbol>B68C1/002</classification-symbol><class-title date-revised="2013-01-01"><title-part><CPC-specific-text><text>Saddle-racks for supporting or cleaning purposes</text></CPC-specific-text></title-part></class-title></classification-item>
<classification-item breakdown-code="false" not-allocatable="false" level="8" additional-only="false" sort-key="B68C1/005" definition-exists="false" ipc-concordant="B68C1/00" c-set-base-allowed="false" c-set-subsequent-allowed="true" date-revised="2013-01-01" status="published"><classification-symbol>B68C1/005</classification-symbol><class-title date-revised="2013-01-01"><title-part><CPC-specific-text><text>Devices for positioning the saddle more to the rear</text></CPC-specific-text></title-part></class-title></classification-item>
<classification-item breakdown-code="true" not-allocatable="false" level="8" additional-only="true" sort-key="B68C1/007" definition-exists="false" ipc-concordant="B68C1/00" c-set-base-allowed="false" c-set-subsequent-allowed="true" date-revised="2013-01-01" status="published"><classification-symbol>B68C2001/007</classification-symbol><class-title date-revised="2013-01-01"><title-part><CPC-specific-text><text>Indexing codes relating to saddling equipment</text></CPC-specific-text></title-part></class-title></classification-item>
<classification-item breakdown-code="false" not-allocatable="false" level="8" additional-only="false" sort-key="B68C1/02" definition-exists="false" ipc-concordant="B68C1/02" c-set-base-allowed="false" c-set-subsequent-allowed="true" date-revised="2013-01-01" status="published"><classification-symbol>B68C1/02</classification-symbol><class-title date-revised="2013-01-01"><title-part><text>Saddles</text></title-part></class-title>
<classification-item breakdown-code="true" not-allocatable="false" level="9" additional-only="true" sort-key="B68C1/022" definition-exists="false" ipc-concordant="B68C1/02" c-set-base-allowed="false" c-set-subsequent-allowed="true" date-revised="2013-01-01" status="published"><classification-symbol>B68C2001/022</classification-symbol><class-title date-revised="2013-01-01"><title-part><CPC-specific-text><text>Saddles for disabled persons</text></CPC-specific-text></title-part></class-title></classification-item>
<classification-item breakdown-code="false" not-allocatable="false" level="9" additional-only="false" sort-key="B68C1/025" definition-exists="false" ipc-concordant="B68C1/02" c-set-base-allowed="false" c-set-subsequent-allowed="true" date-revised="2013-01-01" status="published"><classification-symbol>B68C1/025</classification-symbol><class-title date-revised="2013-01-01"><title-part><CPC-specific-text><text>Saddle-trees </text><reference><text><class-ref scheme="cpc">B68C1/04</class-ref> and <class-ref scheme="cpc">B68C1/06</class-ref> take precedence</text></reference></CPC-specific-text></title-part></class-title></classification-item>
<classification-item breakdown-code="false" not-allocatable="false" level="9" additional-only="false" sort-key="B68C1/027" definition-exists="false" ipc-concordant="B68C1/02" c-set-base-allowed="false" c-set-subsequent-allowed="true" date-revised="2017-08-01" status="published"><classification-symbol>B68C1/027</classification-symbol><class-title date-revised="2017-08-01"><title-part><CPC-specific-text><text>Tandem-saddles; Saddles for children fixed to a standard saddle </text><reference><text>toy saddles <class-ref scheme="cpc">A63H33/00</class-ref></text></reference></CPC-specific-text></title-part></class-title></classification-item>
<classification-item breakdown-code="false" not-allocatable="false" level="9" additional-only="false" sort-key="B68C1/04" definition-exists="false" ipc-concordant="B68C1/04" c-set-base-allowed="false" c-set-subsequent-allowed="true" date-revised="2013-01-01" status="published"><classification-symbol>B68C1/04</classification-symbol><class-title date-revised="2013-01-01"><title-part><text>Adjustable saddles</text></title-part></class-title>
<classification-item breakdown-code="true" not-allocatable="false" level="10" additional-only="true" sort-key="B68C1/042" definition-exists="false" ipc-concordant="B68C1/04" c-set-base-allowed="false" c-set-subsequent-allowed="true" date-revised="2013-01-01" status="published"><classification-symbol>B68C2001/042</classification-symbol><class-title date-revised="2013-01-01"><title-part><CPC-specific-text><text>self-adjustable by means of articulations</text></CPC-specific-text></title-part></class-title></classification-item>
<classification-item breakdown-code="true" not-allocatable="false" level="10" additional-only="true" sort-key="B68C1/044" definition-exists="false" ipc-concordant="B68C1/04" c-set-base-allowed="false" c-set-subsequent-allowed="true" date-revised="2013-01-01" status="published"><classification-symbol>B68C2001/044</classification-symbol><class-title date-revised="2013-01-01"><title-part><CPC-specific-text><text>by means of interchangeable elements</text></CPC-specific-text></title-part></class-title></classification-item>
<classification-item breakdown-code="true" not-allocatable="false" level="10" additional-only="true" sort-key="B68C1/046" definition-exists="false" ipc-concordant="B68C1/04" c-set-base-allowed="false" c-set-subsequent-allowed="true" date-revised="2013-01-01" status="published"><classification-symbol>B68C2001/046</classification-symbol><class-title date-revised="2013-01-01"><title-part><CPC-specific-text><text>by means of discrete pre-set positions</text></CPC-specific-text></title-part></class-title></classification-item>
<classification-item breakdown-code="true" not-allocatable="false" level="10" additional-only="true" sort-key="B68C1/048" definition-exists="false" ipc-concordant="B68C1/04" c-set-base-allowed="false" c-set-subsequent-allowed="true" date-revised="2013-01-01" status="published"><classification-symbol>B68C2001/048</classification-symbol><class-title date-revised="2013-01-01"><title-part><CPC-specific-text><text>continuously by means of screws</text></CPC-specific-text></title-part></class-title></classification-item></classification-item>
<classification-item breakdown-code="false" not-allocatable="false" level="9" additional-only="false" sort-key="B68C1/06" definition-exists="false" ipc-concordant="B68C1/06" c-set-base-allowed="false" c-set-subsequent-allowed="true" date-revised="2013-01-01" status="published"><classification-symbol>B68C1/06</classification-symbol><class-title date-revised="2013-01-01"><title-part><text>Side saddles</text></title-part></class-title></classification-item>
<classification-item breakdown-code="false" not-allocatable="false" level="9" additional-only="false" sort-key="B68C1/08" definition-exists="false" ipc-concordant="B68C1/08" c-set-base-allowed="false" c-set-subsequent-allowed="true" date-revised="2013-01-01" status="published"><classification-symbol>B68C1/08</classification-symbol><class-title date-revised="2013-01-01"><title-part><text>with pneumatic pads</text></title-part></class-title></classification-item>
<classification-item breakdown-code="false" not-allocatable="false" level="9" additional-only="false" sort-key="B68C1/10" definition-exists="false" ipc-concordant="B68C1/10" c-set-base-allowed="false" c-set-subsequent-allowed="true" date-revised="2013-01-01" status="published"><classification-symbol>B68C1/10</classification-symbol><class-title date-revised="2013-01-01"><title-part><text>with spring pads</text></title-part></class-title></classification-item></classification-item>
<classification-item breakdown-code="false" not-allocatable="false" level="8" additional-only="false" sort-key="B68C1/12" definition-exists="false" ipc-concordant="B68C1/12" c-set-base-allowed="false" c-set-subsequent-allowed="true" date-revised="2013-01-01" status="published"><classification-symbol>B68C1/12</classification-symbol><class-title date-revised="2013-01-01"><title-part><text>Bottom pads for saddles</text></title-part><title-part><text>Saddle cloths </text><CPC-specific-text><reference><text><class-ref scheme="cpc">B68C1/005</class-ref> takes precedence</text></reference></CPC-specific-text></title-part></class-title>
<classification-item breakdown-code="true" not-allocatable="false" level="9" additional-only="true" sort-key="B68C1/123" definition-exists="false" ipc-concordant="B68C1/12" c-set-base-allowed="false" c-set-subsequent-allowed="true" date-revised="2013-01-01" status="published"><classification-symbol>B68C2001/123</classification-symbol><class-title date-revised="2013-01-01"><title-part><CPC-specific-text><text>Disposable numnah</text></CPC-specific-text></title-part></class-title></classification-item>
<classification-item breakdown-code="false" not-allocatable="false" level="9" additional-only="false" sort-key="B68C1/126" definition-exists="false" ipc-concordant="B68C1/12" c-set-base-allowed="false" c-set-subsequent-allowed="true" date-revised="2013-01-01" status="published"><classification-symbol>B68C1/126</classification-symbol><class-title date-revised="2013-01-01"><title-part><CPC-specific-text><text>Saddle covers or similar, e.g. to be placed between rider and saddle</text></CPC-specific-text></title-part></class-title></classification-item></classification-item>
<classification-item breakdown-code="false" not-allocatable="false" level="8" additional-only="false" sort-key="B68C1/14" definition-exists="false" ipc-concordant="B68C1/14" c-set-base-allowed="false" c-set-subsequent-allowed="true" date-revised="2013-01-01" status="published"><classification-symbol>B68C1/14</classification-symbol><class-title date-revised="2013-01-01"><title-part><text>Belts or straps for saddles</text></title-part><title-part><text>Tighteners therefor </text><CPC-specific-text><reference><text><class-ref scheme="cpc">B68C1/005</class-ref> takes precedence</text></reference></CPC-specific-text></title-part></class-title>
<classification-item breakdown-code="true" not-allocatable="false" level="9" additional-only="true" sort-key="B68C1/142" definition-exists="false" ipc-concordant="B68C1/14" c-set-base-allowed="false" c-set-subsequent-allowed="true" date-revised="2013-01-01" status="published"><classification-symbol>B68C2001/142</classification-symbol><class-title date-revised="2013-01-01"><title-part><CPC-specific-text><text>Tensioning devices</text></CPC-specific-text></title-part></class-title>
<classification-item breakdown-code="true" not-allocatable="false" level="10" additional-only="true" sort-key="B68C1/145" definition-exists="false" ipc-concordant="B68C1/14" c-set-base-allowed="false" c-set-subsequent-allowed="true" date-revised="2013-01-01" status="published"><classification-symbol>B68C2001/145</classification-symbol><class-title date-revised="2013-01-01"><title-part><CPC-specific-text><text>independent from the saddle</text></CPC-specific-text></title-part></class-title></classification-item></classification-item>
<classification-item breakdown-code="false" not-allocatable="false" level="9" additional-only="false" sort-key="B68C1/147" definition-exists="false" ipc-concordant="B68C1/14" c-set-base-allowed="false" c-set-subsequent-allowed="true" date-revised="2013-01-01" status="published"><classification-symbol>B68C1/147</classification-symbol><class-title date-revised="2013-01-01"><title-part><CPC-specific-text><text>Safety belts or similar devices</text></CPC-specific-text></title-part></class-title></classification-item></classification-item>
<classification-item breakdown-code="false" not-allocatable="false" level="8" additional-only="false" sort-key="B68C1/16" definition-exists="false" ipc-concordant="B68C1/16" c-set-base-allowed="false" c-set-subsequent-allowed="true" date-revised="2013-01-01" status="published"><classification-symbol>B68C1/16</classification-symbol><class-title date-revised="2013-01-01"><title-part><text>Fastening stirrups to saddles</text></title-part><title-part><text>Stirrup-leathers </text><reference><text>stirrups <class-ref scheme="cpc">B68C3/00</class-ref></text></reference></title-part></class-title>
<classification-item breakdown-code="false" not-allocatable="false" level="9" additional-only="false" sort-key="B68C1/18" definition-exists="false" ipc-concordant="B68C1/18" c-set-base-allowed="false" c-set-subsequent-allowed="true" date-revised="2013-01-01" status="published"><classification-symbol>B68C1/18</classification-symbol><class-title date-revised="2013-01-01"><title-part><text>with safety arrangements for loosening the connection between stirrup and saddle, e.g. in case of rider&apos;s fall</text></title-part></class-title></classification-item></classification-item>
<classification-item breakdown-code="false" not-allocatable="false" level="8" additional-only="false" sort-key="B68C1/20" definition-exists="false" ipc-concordant="B68C1/20" c-set-base-allowed="false" c-set-subsequent-allowed="true" date-revised="2013-01-01" status="published"><classification-symbol>B68C1/20</classification-symbol><class-title date-revised="2013-01-01"><title-part><text>Pockets, receptacles, or other supporting devices attached or attachable to saddle, e.g. for insertion of arms</text></title-part></class-title></classification-item></classification-item>
<classification-item breakdown-code="false" not-allocatable="false" level="7" additional-only="false" sort-key="B68C3/00" definition-exists="false" ipc-concordant="B68C3/00" c-set-base-allowed="false" c-set-subsequent-allowed="true" date-revised="2013-01-01" status="published"><classification-symbol>B68C3/00</classification-symbol><class-title date-revised="2013-01-01"><title-part><text>Stirrups</text></title-part></class-title>
<classification-item breakdown-code="true" not-allocatable="false" level="8" additional-only="true" sort-key="B68C3/0008" definition-exists="false" ipc-concordant="B68C3/00" c-set-base-allowed="false" c-set-subsequent-allowed="true" date-revised="2013-01-01" status="published"><classification-symbol>B68C2003/0008</classification-symbol><class-title date-revised="2013-01-01"><title-part><CPC-specific-text><text>with a swivelling attachment</text></CPC-specific-text></title-part></class-title></classification-item>
<classification-item breakdown-code="false" not-allocatable="false" level="8" additional-only="false" sort-key="B68C3/0016" definition-exists="false" ipc-concordant="B68C3/00" c-set-base-allowed="false" c-set-subsequent-allowed="true" date-revised="2013-01-01" status="published"><classification-symbol>B68C3/0016</classification-symbol><class-title date-revised="2013-01-01"><title-part><CPC-specific-text><text>One-legged stirrups</text></CPC-specific-text></title-part></class-title></classification-item>
<classification-item breakdown-code="true" not-allocatable="false" level="8" additional-only="true" sort-key="B68C3/0025" definition-exists="false" ipc-concordant="B68C3/00" c-set-base-allowed="false" c-set-subsequent-allowed="true" date-revised="2013-01-01" status="published"><classification-symbol>B68C2003/0025</classification-symbol><class-title date-revised="2013-01-01"><title-part><CPC-specific-text><text>with two levels</text></CPC-specific-text></title-part></class-title></classification-item>
<classification-item breakdown-code="true" not-allocatable="false" level="8" additional-only="true" sort-key="B68C3/0033" definition-exists="false" ipc-concordant="B68C3/00" c-set-base-allowed="false" c-set-subsequent-allowed="true" date-revised="2013-01-01" status="published"><classification-symbol>B68C2003/0033</classification-symbol><class-title date-revised="2013-01-01"><title-part><CPC-specific-text><text>with a magnet</text></CPC-specific-text></title-part></class-title></classification-item>
<classification-item breakdown-code="true" not-allocatable="false" level="8" additional-only="true" sort-key="B68C3/0041" definition-exists="false" ipc-concordant="B68C3/00" c-set-base-allowed="false" c-set-subsequent-allowed="true" date-revised="2013-01-01" status="published"><classification-symbol>B68C2003/0041</classification-symbol><class-title date-revised="2013-01-01"><title-part><CPC-specific-text><text>with a shock absorbing device</text></CPC-specific-text></title-part></class-title></classification-item>
<classification-item breakdown-code="true" not-allocatable="false" level="8" additional-only="true" sort-key="B68C3/005" definition-exists="false" ipc-concordant="B68C3/00" c-set-base-allowed="false" c-set-subsequent-allowed="true" date-revised="2013-01-01" status="published"><classification-symbol>B68C2003/005</classification-symbol><class-title date-revised="2013-01-01"><title-part><CPC-specific-text><text>Foot release mechanisms</text></CPC-specific-text></title-part></class-title>
<classification-item breakdown-code="true" not-allocatable="false" level="9" additional-only="true" sort-key="B68C3/0058" definition-exists="false" ipc-concordant="B68C3/00" c-set-base-allowed="false" c-set-subsequent-allowed="true" date-revised="2013-01-01" status="published"><classification-symbol>B68C2003/0058</classification-symbol><class-title date-revised="2013-01-01"><title-part><CPC-specific-text><text>with openable foot support</text></CPC-specific-text></title-part></class-title></classification-item>
<classification-item breakdown-code="true" not-allocatable="false" level="9" additional-only="true" sort-key="B68C3/0066" definition-exists="false" ipc-concordant="B68C3/00" c-set-base-allowed="false" c-set-subsequent-allowed="true" date-revised="2013-01-01" status="published"><classification-symbol>B68C2003/0066</classification-symbol><class-title date-revised="2013-01-01"><title-part><CPC-specific-text><text>with fully detachable parts</text></CPC-specific-text></title-part></class-title></classification-item></classification-item>
<classification-item breakdown-code="true" not-allocatable="false" level="8" additional-only="true" sort-key="B68C3/0075" definition-exists="false" ipc-concordant="B68C3/00" c-set-base-allowed="false" c-set-subsequent-allowed="true" date-revised="2013-01-01" status="published"><classification-symbol>B68C2003/0075</classification-symbol><class-title date-revised="2013-01-01"><title-part><CPC-specific-text><text>with anterior caps</text></CPC-specific-text></title-part></class-title></classification-item>
<classification-item breakdown-code="true" not-allocatable="false" level="8" additional-only="true" sort-key="B68C3/0083" definition-exists="false" ipc-concordant="B68C3/00" c-set-base-allowed="false" c-set-subsequent-allowed="true" date-revised="2013-01-01" status="published"><classification-symbol>B68C2003/0083</classification-symbol><class-title date-revised="2013-01-01"><title-part><CPC-specific-text><text>with an anti-slip foot bar</text></CPC-specific-text></title-part></class-title></classification-item>
<classification-item breakdown-code="true" not-allocatable="false" level="8" additional-only="true" sort-key="B68C3/0091" definition-exists="false" ipc-concordant="B68C3/00" c-set-base-allowed="false" c-set-subsequent-allowed="true" date-revised="2013-01-01" status="published"><classification-symbol>B68C2003/0091</classification-symbol><class-title date-revised="2013-01-01"><title-part><CPC-specific-text><text>with an anti-slip removable sole</text></CPC-specific-text></title-part></class-title></classification-item>
<classification-item breakdown-code="false" not-allocatable="false" level="8" additional-only="false" sort-key="B68C3/02" definition-exists="false" ipc-concordant="B68C3/02" c-set-base-allowed="false" c-set-subsequent-allowed="true" date-revised="2013-01-01" status="published"><classification-symbol>B68C3/02</classification-symbol><class-title date-revised="2013-01-01"><title-part><text>with side part or sole plate attached to other parts of the stirrup movably, e.g. pivotally</text></title-part></class-title>
<classification-item breakdown-code="false" not-allocatable="false" level="9" additional-only="false" sort-key="B68C3/025" definition-exists="false" ipc-concordant="B68C3/02" c-set-base-allowed="false" c-set-subsequent-allowed="true" date-revised="2013-01-01" status="published"><classification-symbol>B68C3/025</classification-symbol><class-title date-revised="2013-01-01"><title-part><CPC-specific-text><text>without openable parts or releasable joints</text></CPC-specific-text></title-part></class-title></classification-item></classification-item></classification-item>
<classification-item breakdown-code="false" not-allocatable="false" level="7" additional-only="false" sort-key="B68C5/00" definition-exists="true" ipc-concordant="B68C5/00" c-set-base-allowed="false" c-set-subsequent-allowed="true" date-revised="2013-01-01" status="published"><classification-symbol>B68C5/00</classification-symbol><class-title date-revised="2013-01-01"><title-part><text>Covers for animals when working, e.g. for protecting</text></title-part></class-title>
<classification-item breakdown-code="true" not-allocatable="false" level="8" additional-only="true" sort-key="B68C5/005" definition-exists="false" ipc-concordant="B68C5/00" c-set-base-allowed="false" c-set-subsequent-allowed="true" date-revised="2013-01-01" status="published"><classification-symbol>B68C2005/005</classification-symbol><class-title date-revised="2013-01-01"><title-part><CPC-specific-text><text>Heat protectors</text></CPC-specific-text></title-part></class-title></classification-item></classification-item></classification-item></classification-item></class-scheme>