<?xml version="1.0" encoding="UTF-8"?>
<class-scheme publication-date="2018-02-01" scheme-type="cpc" publication-type="official">
<classification-item breakdown-code="false" not-allocatable="true" level="5" additional-only="false" sort-key="A01F" definition-exists="true" date-revised="2013-01-01" status="published"><classification-symbol>A01F</classification-symbol><class-title date-revised="2013-01-01"><title-part><text>PROCESSING OF HARVESTED PRODUCE</text></title-part><title-part><text>HAY OR STRAW PRESSES</text></title-part><title-part><text>DEVICES FOR STORING AGRICULTURAL OR HORTICULTURAL PRODUCE </text><reference><text>devices for topping or skinning onions or flower bulbs <class-ref scheme="cpc">A23N15/08</class-ref></text></reference></title-part></class-title>
<classification-item breakdown-code="false" not-allocatable="true" level="6" additional-only="false" sort-key="A01F1/00" date-revised="2013-01-01" status="published"><classification-symbol>A01F1/00</classification-symbol>
<classification-item breakdown-code="false" not-allocatable="false" level="7" additional-only="false" sort-key="A01F1/00" definition-exists="true" ipc-concordant="A01F1/00" c-set-base-allowed="false" c-set-subsequent-allowed="true" date-revised="2013-01-01" status="published"><classification-symbol>A01F1/00</classification-symbol><class-title date-revised="2013-01-01"><title-part><text>Stationary apparatus or hand tools for forming or binding straw, hay or the like into bundles </text><reference><text>baling apparatus or presses <class-ref scheme="cpc">A01F13/00</class-ref>, <class-ref scheme="cpc">A01F15/00</class-ref>; mobile binders for use in the field <class-ref scheme="cpc">A01D37/00</class-ref>, <class-ref scheme="cpc">A01D39/00</class-ref></text></reference></title-part></class-title>
<classification-item breakdown-code="false" not-allocatable="false" level="8" additional-only="false" sort-key="A01F1/02" definition-exists="false" ipc-concordant="A01F1/02" c-set-base-allowed="false" c-set-subsequent-allowed="true" date-revised="2013-01-01" status="published"><classification-symbol>A01F1/02</classification-symbol><class-title date-revised="2013-01-01"><title-part><text>Hand-operated tools</text></title-part></class-title></classification-item>
<classification-item breakdown-code="false" not-allocatable="false" level="8" additional-only="false" sort-key="A01F1/04" definition-exists="false" ipc-concordant="A01F1/04" c-set-base-allowed="false" c-set-subsequent-allowed="true" date-revised="2013-01-01" status="published"><classification-symbol>A01F1/04</classification-symbol><class-title date-revised="2013-01-01"><title-part><text>Fastening or tying devices</text></title-part></class-title></classification-item>
<classification-item breakdown-code="false" not-allocatable="false" level="8" additional-only="false" sort-key="A01F1/06" definition-exists="false" ipc-concordant="A01F1/06" c-set-base-allowed="false" c-set-subsequent-allowed="true" date-revised="2013-01-01" status="published"><classification-symbol>A01F1/06</classification-symbol><class-title date-revised="2013-01-01"><title-part><text>Ties for bundles</text></title-part></class-title></classification-item></classification-item>
<classification-item breakdown-code="false" not-allocatable="false" level="7" additional-only="false" sort-key="A01F3/00" definition-exists="true" ipc-concordant="A01F3/00" c-set-base-allowed="false" c-set-subsequent-allowed="true" date-revised="2013-01-01" status="published"><classification-symbol>A01F3/00</classification-symbol><class-title date-revised="2013-01-01"><title-part><text>Hand-operated implements for cutting-up straw, hay or the like </text><reference><text>mechanically-driven straw cutters <class-ref scheme="cpc">A01F29/00</class-ref>; cutting in general <class-ref scheme="cpc">B26</class-ref></text></reference></title-part></class-title></classification-item></classification-item>
<classification-item breakdown-code="false" not-allocatable="true" level="6" additional-only="false" sort-key="A01F5/00" date-revised="2013-01-01" status="published"><classification-symbol>A01F5/00</classification-symbol><class-title date-revised="2013-01-01"><title-part><text>Threshing</text></title-part></class-title>
<classification-item breakdown-code="false" not-allocatable="false" level="7" additional-only="false" sort-key="A01F5/00" definition-exists="false" ipc-concordant="A01F5/00" c-set-base-allowed="false" c-set-subsequent-allowed="true" date-revised="2013-01-01" status="published"><classification-symbol>A01F5/00</classification-symbol><class-title date-revised="2013-01-01"><title-part><text>Hand-operated implements for threshing</text></title-part></class-title></classification-item>
<classification-item breakdown-code="false" not-allocatable="false" level="7" additional-only="false" sort-key="A01F7/00" definition-exists="true" ipc-concordant="A01F7/00" c-set-base-allowed="false" c-set-subsequent-allowed="true" date-revised="2013-01-01" status="published"><classification-symbol>A01F7/00</classification-symbol><class-title date-revised="2013-01-01"><title-part><text>Threshing apparatus</text></title-part></class-title>
<classification-item breakdown-code="false" not-allocatable="false" level="8" additional-only="false" sort-key="A01F7/02" definition-exists="false" ipc-concordant="A01F7/02" c-set-base-allowed="false" c-set-subsequent-allowed="true" date-revised="2013-01-01" status="published"><classification-symbol>A01F7/02</classification-symbol><class-title date-revised="2013-01-01"><title-part><text>with rotating tools </text><reference><text>threshing cylinders or concaves <class-ref scheme="cpc">A01F12/18</class-ref></text></reference></title-part></class-title>
<classification-item breakdown-code="false" not-allocatable="false" level="9" additional-only="false" sort-key="A01F7/04" definition-exists="false" ipc-concordant="A01F7/04" c-set-base-allowed="false" c-set-subsequent-allowed="true" date-revised="2013-01-01" status="published"><classification-symbol>A01F7/04</classification-symbol><class-title date-revised="2013-01-01"><title-part><text>with axles transverse to the feeding direction</text></title-part></class-title></classification-item>
<classification-item breakdown-code="false" not-allocatable="false" level="9" additional-only="false" sort-key="A01F7/06" definition-exists="true" ipc-concordant="A01F7/06" c-set-base-allowed="false" c-set-subsequent-allowed="true" date-revised="2017-08-01" status="published"><classification-symbol>A01F7/06</classification-symbol><class-title date-revised="2017-08-01"><title-part><text>with axles in line with the feeding direction </text><CPC-specific-text><text>; Axial threshing machines</text></CPC-specific-text></title-part></class-title>
<classification-item breakdown-code="false" not-allocatable="false" level="10" additional-only="false" sort-key="A01F7/062" definition-exists="false" ipc-concordant="A01F7/06" c-set-base-allowed="false" c-set-subsequent-allowed="true" date-revised="2013-01-01" status="published"><classification-symbol>A01F7/062</classification-symbol><class-title date-revised="2013-01-01"><title-part><CPC-specific-text><text>with a rotating cage</text></CPC-specific-text></title-part></class-title></classification-item>
<classification-item breakdown-code="false" not-allocatable="false" level="10" additional-only="false" sort-key="A01F7/065" definition-exists="false" ipc-concordant="A01F7/06" c-set-base-allowed="false" c-set-subsequent-allowed="true" date-revised="2013-01-01" status="published"><classification-symbol>A01F7/065</classification-symbol><class-title date-revised="2013-01-01"><title-part><CPC-specific-text><text>with cage sweep mechanisms</text></CPC-specific-text></title-part></class-title></classification-item>
<classification-item breakdown-code="false" not-allocatable="false" level="10" additional-only="false" sort-key="A01F7/067" definition-exists="false" ipc-concordant="A01F7/06" c-set-base-allowed="false" c-set-subsequent-allowed="true" date-revised="2013-01-01" status="published"><classification-symbol>A01F7/067</classification-symbol><class-title date-revised="2013-01-01"><title-part><CPC-specific-text><text>with material-flow influencing means</text></CPC-specific-text></title-part></class-title></classification-item></classification-item></classification-item>
<classification-item breakdown-code="false" not-allocatable="false" level="8" additional-only="false" sort-key="A01F7/70" definition-exists="false" ipc-concordant="A01F7/70" c-set-base-allowed="false" c-set-subsequent-allowed="true" date-revised="2013-01-01" status="published"><classification-symbol>A01F7/70</classification-symbol><class-title date-revised="2013-01-01"><title-part><text>with flails</text></title-part></class-title></classification-item></classification-item></classification-item>
<classification-item breakdown-code="false" not-allocatable="true" level="6" additional-only="true" sort-key="A01F9/00" date-revised="2013-01-01" status="published"><classification-symbol>A01F2009/00</classification-symbol>
<classification-item breakdown-code="true" not-allocatable="false" level="7" additional-only="true" sort-key="A01F9/00" definition-exists="false" ipc-concordant="CPCONLY" c-set-base-allowed="false" c-set-subsequent-allowed="true" date-revised="2013-01-01" status="published"><classification-symbol>A01F2009/00</classification-symbol><class-title date-revised="2013-01-01"><title-part><text>Threshing machines with flails</text></title-part><title-part><text>Threshing devices with flails for combines</text></title-part></class-title></classification-item>
<classification-item breakdown-code="false" not-allocatable="false" level="7" additional-only="false" sort-key="A01F11/00" definition-exists="false" ipc-concordant="A01F11/00" c-set-base-allowed="false" c-set-subsequent-allowed="true" date-revised="2017-08-01" status="published"><classification-symbol>A01F11/00</classification-symbol><class-title date-revised="2017-08-01"><title-part><text>Threshing apparatus specially adapted for maize</text></title-part><title-part><text>Threshing apparatus specially adapted for particular crops other than cereals</text></title-part></class-title>
<classification-item breakdown-code="false" not-allocatable="false" level="8" additional-only="false" sort-key="A01F11/02" definition-exists="false" ipc-concordant="A01F11/02" c-set-base-allowed="false" c-set-subsequent-allowed="true" date-revised="2013-01-01" status="published"><classification-symbol>A01F11/02</classification-symbol><class-title date-revised="2013-01-01"><title-part><text>for flax</text></title-part></class-title></classification-item>
<classification-item breakdown-code="false" not-allocatable="false" level="8" additional-only="false" sort-key="A01F11/04" definition-exists="false" ipc-concordant="A01F11/04" c-set-base-allowed="false" c-set-subsequent-allowed="true" date-revised="2013-01-01" status="published"><classification-symbol>A01F11/04</classification-symbol><class-title date-revised="2013-01-01"><title-part><text>for clover or like seeds, e.g. lucerne</text></title-part></class-title></classification-item>
<classification-item breakdown-code="false" not-allocatable="false" level="8" additional-only="false" sort-key="A01F11/06" definition-exists="false" ipc-concordant="A01F11/06" c-set-base-allowed="false" c-set-subsequent-allowed="true" date-revised="2013-01-01" status="published"><classification-symbol>A01F11/06</classification-symbol><class-title date-revised="2013-01-01"><title-part><text>for maize, e.g. removing kernels from cobs</text></title-part></class-title></classification-item>
<classification-item breakdown-code="false" not-allocatable="false" level="8" additional-only="false" sort-key="A01F11/08" definition-exists="false" ipc-concordant="A01F11/08" c-set-base-allowed="false" c-set-subsequent-allowed="true" date-revised="2013-01-01" status="published"><classification-symbol>A01F11/08</classification-symbol><class-title date-revised="2013-01-01"><title-part><text>for palm fruit, e.g. releasing the fruit from the stalk</text></title-part></class-title></classification-item></classification-item>
<classification-item breakdown-code="false" not-allocatable="false" level="7" additional-only="false" sort-key="A01F12/00" definition-exists="true" ipc-concordant="A01F12/00" c-set-base-allowed="false" c-set-subsequent-allowed="true" date-revised="2013-01-01" status="published"><classification-symbol>A01F12/00</classification-symbol><class-title date-revised="2013-01-01"><title-part><text>Parts or details of threshing apparatus </text><reference><text>devices, other than safety devices for feeders, for protecting human beings <class-ref scheme="cpc">A01D75/20</class-ref>, <class-ref scheme="cpc">A01F21/00</class-ref></text></reference></title-part></class-title>
<classification-item breakdown-code="false" not-allocatable="false" level="8" additional-only="false" sort-key="A01F12/10" definition-exists="false" ipc-concordant="A01F12/10" c-set-base-allowed="false" c-set-subsequent-allowed="true" date-revised="2013-01-01" status="published"><classification-symbol>A01F12/10</classification-symbol><class-title date-revised="2013-01-01"><title-part><text>Feeders</text></title-part></class-title>
<classification-item breakdown-code="false" not-allocatable="false" level="9" additional-only="false" sort-key="A01F12/12" definition-exists="false" ipc-concordant="A01F12/12" c-set-base-allowed="false" c-set-subsequent-allowed="true" date-revised="2013-01-01" status="published"><classification-symbol>A01F12/12</classification-symbol><class-title date-revised="2013-01-01"><title-part><text>without band-cutters</text></title-part></class-title></classification-item>
<classification-item breakdown-code="false" not-allocatable="false" level="9" additional-only="false" sort-key="A01F12/14" definition-exists="false" ipc-concordant="A01F12/14" c-set-base-allowed="false" c-set-subsequent-allowed="true" date-revised="2013-01-01" status="published"><classification-symbol>A01F12/14</classification-symbol><class-title date-revised="2013-01-01"><title-part><text>with band-cutters</text></title-part></class-title></classification-item>
<classification-item breakdown-code="false" not-allocatable="false" level="9" additional-only="false" sort-key="A01F12/16" definition-exists="false" ipc-concordant="A01F12/16" c-set-base-allowed="false" c-set-subsequent-allowed="true" date-revised="2013-01-01" status="published"><classification-symbol>A01F12/16</classification-symbol><class-title date-revised="2013-01-01"><title-part><text>Safety devices</text></title-part></class-title></classification-item></classification-item>
<classification-item breakdown-code="false" not-allocatable="false" level="8" additional-only="false" sort-key="A01F12/18" definition-exists="false" ipc-concordant="A01F12/18" c-set-base-allowed="false" c-set-subsequent-allowed="true" date-revised="2013-01-01" status="published"><classification-symbol>A01F12/18</classification-symbol><class-title date-revised="2013-01-01"><title-part><text>Threshing devices</text></title-part></class-title>
<classification-item breakdown-code="false" not-allocatable="false" level="9" additional-only="false" sort-key="A01F12/181" definition-exists="false" ipc-concordant="A01F12/18" c-set-base-allowed="false" c-set-subsequent-allowed="true" date-revised="2013-01-01" status="published"><classification-symbol>A01F12/181</classification-symbol><class-title date-revised="2013-01-01"><title-part><CPC-specific-text><text>Adjustable threshing mechanisms</text></CPC-specific-text></title-part></class-title></classification-item>
<classification-item breakdown-code="false" not-allocatable="false" level="9" additional-only="false" sort-key="A01F12/182" definition-exists="false" ipc-concordant="A01F12/18" c-set-base-allowed="false" c-set-subsequent-allowed="true" date-revised="2013-01-01" status="published"><classification-symbol>A01F12/182</classification-symbol><class-title date-revised="2013-01-01"><title-part><CPC-specific-text><text>Stripper beaters after the threshing drum</text></CPC-specific-text></title-part></class-title></classification-item>
<classification-item breakdown-code="false" not-allocatable="false" level="9" additional-only="false" sort-key="A01F12/184" definition-exists="false" ipc-concordant="A01F12/18" c-set-base-allowed="false" c-set-subsequent-allowed="true" date-revised="2013-01-01" status="published"><classification-symbol>A01F12/184</classification-symbol><class-title date-revised="2013-01-01"><title-part><CPC-specific-text><text>Cleaning means</text></CPC-specific-text></title-part></class-title></classification-item>
<classification-item breakdown-code="false" not-allocatable="false" level="9" additional-only="false" sort-key="A01F12/185" definition-exists="false" ipc-concordant="A01F12/18" c-set-base-allowed="false" c-set-subsequent-allowed="true" date-revised="2013-01-01" status="published"><classification-symbol>A01F12/185</classification-symbol><class-title date-revised="2013-01-01"><title-part><CPC-specific-text><text>Mounting means</text></CPC-specific-text></title-part></class-title></classification-item>
<classification-item breakdown-code="false" not-allocatable="false" level="9" additional-only="false" sort-key="A01F12/187" definition-exists="false" ipc-concordant="A01F12/18" c-set-base-allowed="false" c-set-subsequent-allowed="true" date-revised="2013-01-01" status="published"><classification-symbol>A01F12/187</classification-symbol><class-title date-revised="2013-01-01"><title-part><CPC-specific-text><text>Vibratory threshing mechanisms</text></CPC-specific-text></title-part></class-title></classification-item>
<classification-item breakdown-code="true" not-allocatable="false" level="9" additional-only="true" sort-key="A01F12/188" definition-exists="false" ipc-concordant="A01F12/18" c-set-base-allowed="false" c-set-subsequent-allowed="true" date-revised="2013-01-01" status="published"><classification-symbol>A01F2012/188</classification-symbol><class-title date-revised="2013-01-01"><title-part><CPC-specific-text><text>Rethreshing devices</text></CPC-specific-text></title-part></class-title></classification-item>
<classification-item breakdown-code="false" not-allocatable="false" level="9" additional-only="false" sort-key="A01F12/20" definition-exists="false" ipc-concordant="A01F12/20" c-set-base-allowed="false" c-set-subsequent-allowed="true" date-revised="2013-01-01" status="published"><classification-symbol>A01F12/20</classification-symbol><class-title date-revised="2013-01-01"><title-part><text>Threshing cylinders with ribs</text></title-part></class-title></classification-item>
<classification-item breakdown-code="false" not-allocatable="false" level="9" additional-only="false" sort-key="A01F12/22" definition-exists="false" ipc-concordant="A01F12/22" c-set-base-allowed="false" c-set-subsequent-allowed="true" date-revised="2013-01-01" status="published"><classification-symbol>A01F12/22</classification-symbol><class-title date-revised="2013-01-01"><title-part><text>Threshing cylinders with teeth</text></title-part></class-title></classification-item>
<classification-item breakdown-code="false" not-allocatable="false" level="9" additional-only="false" sort-key="A01F12/24" definition-exists="false" ipc-concordant="A01F12/24" c-set-base-allowed="false" c-set-subsequent-allowed="true" date-revised="2013-01-01" status="published"><classification-symbol>A01F12/24</classification-symbol><class-title date-revised="2013-01-01"><title-part><text>One-part threshing concaves</text></title-part></class-title></classification-item>
<classification-item breakdown-code="false" not-allocatable="false" level="9" additional-only="false" sort-key="A01F12/26" definition-exists="false" ipc-concordant="A01F12/26" c-set-base-allowed="false" c-set-subsequent-allowed="true" date-revised="2013-01-01" status="published"><classification-symbol>A01F12/26</classification-symbol><class-title date-revised="2013-01-01"><title-part><text>Multi-part threshing concaves</text></title-part></class-title></classification-item>
<classification-item breakdown-code="false" not-allocatable="false" level="9" additional-only="false" sort-key="A01F12/28" definition-exists="false" ipc-concordant="A01F12/28" c-set-base-allowed="false" c-set-subsequent-allowed="true" date-revised="2013-01-01" status="published"><classification-symbol>A01F12/28</classification-symbol><class-title date-revised="2013-01-01"><title-part><text>Devices for adjusting the concaves</text></title-part></class-title></classification-item></classification-item>
<classification-item breakdown-code="false" not-allocatable="false" level="8" additional-only="false" sort-key="A01F12/30" definition-exists="true" ipc-concordant="A01F12/30" c-set-base-allowed="false" c-set-subsequent-allowed="true" date-revised="2013-01-01" status="published"><classification-symbol>A01F12/30</classification-symbol><class-title date-revised="2013-01-01"><title-part><text>Straw separators </text><CPC-specific-text><text>, i.e. straw walkers, for separating residual grain from the straw </text><reference><text>grain cleaning <class-ref scheme="cpc">A01F12/44</class-ref></text></reference></CPC-specific-text></title-part></class-title>
<classification-item breakdown-code="false" not-allocatable="false" level="9" additional-only="false" sort-key="A01F12/305" definition-exists="false" ipc-concordant="A01F12/30" c-set-base-allowed="false" c-set-subsequent-allowed="true" date-revised="2013-01-01" status="published"><classification-symbol>A01F12/305</classification-symbol><class-title date-revised="2013-01-01"><title-part><CPC-specific-text><text>combined with additional grain extracting means</text></CPC-specific-text></title-part></class-title></classification-item>
<classification-item breakdown-code="false" not-allocatable="false" level="9" additional-only="false" sort-key="A01F12/32" definition-exists="true" ipc-concordant="A01F12/32" c-set-base-allowed="false" c-set-subsequent-allowed="true" date-revised="2013-01-01" status="published"><classification-symbol>A01F12/32</classification-symbol><class-title date-revised="2013-01-01"><title-part><text>with shaker screens or sieves</text></title-part></class-title>
<classification-item breakdown-code="false" not-allocatable="false" level="10" additional-only="false" sort-key="A01F12/34" definition-exists="false" ipc-concordant="A01F12/34" c-set-base-allowed="false" c-set-subsequent-allowed="true" date-revised="2013-01-01" status="published"><classification-symbol>A01F12/34</classification-symbol><class-title date-revised="2013-01-01"><title-part><text>Sieve elements</text></title-part><title-part><text>Linings for shakers</text></title-part></class-title>
<classification-item breakdown-code="false" not-allocatable="false" level="11" additional-only="false" sort-key="A01F12/36" definition-exists="false" ipc-concordant="A01F12/36" c-set-base-allowed="false" c-set-subsequent-allowed="true" date-revised="2013-01-01" status="published"><classification-symbol>A01F12/36</classification-symbol><class-title date-revised="2013-01-01"><title-part><text>Sieve elements specially adapted for handling short straw</text></title-part></class-title></classification-item></classification-item></classification-item>
<classification-item breakdown-code="false" not-allocatable="false" level="9" additional-only="false" sort-key="A01F12/38" definition-exists="false" ipc-concordant="A01F12/38" c-set-base-allowed="false" c-set-subsequent-allowed="true" date-revised="2013-01-01" status="published"><classification-symbol>A01F12/38</classification-symbol><class-title date-revised="2013-01-01"><title-part><text>with juxtaposed and independently-moved shaker bars or the like</text></title-part></class-title></classification-item>
<classification-item breakdown-code="false" not-allocatable="false" level="9" additional-only="false" sort-key="A01F12/385" definition-exists="false" ipc-concordant="A01F12/385" c-set-base-allowed="false" c-set-subsequent-allowed="true" date-revised="2013-01-01" status="published"><classification-symbol>A01F12/385</classification-symbol><class-title date-revised="2013-01-01"><title-part><text>with endless straw-conveying surface</text></title-part></class-title></classification-item>
<classification-item breakdown-code="false" not-allocatable="false" level="9" additional-only="false" sort-key="A01F12/39" definition-exists="false" ipc-concordant="A01F12/39" c-set-base-allowed="false" c-set-subsequent-allowed="true" date-revised="2013-01-01" status="published"><classification-symbol>A01F12/39</classification-symbol><class-title date-revised="2013-01-01"><title-part><text>with straw carriers in the form of rotors or drums</text></title-part></class-title></classification-item>
<classification-item breakdown-code="false" not-allocatable="false" level="9" additional-only="false" sort-key="A01F12/395" definition-exists="false" ipc-concordant="A01F12/395" c-set-base-allowed="false" c-set-subsequent-allowed="true" date-revised="2013-01-01" status="published"><classification-symbol>A01F12/395</classification-symbol><class-title date-revised="2013-01-01"><title-part><text>Conical or cylindrical straw separators with internal working surface</text></title-part></class-title></classification-item></classification-item>
<classification-item breakdown-code="false" not-allocatable="false" level="8" additional-only="false" sort-key="A01F12/40" definition-exists="true" ipc-concordant="A01F12/40" c-set-base-allowed="false" c-set-subsequent-allowed="true" date-revised="2013-01-01" status="published"><classification-symbol>A01F12/40</classification-symbol><class-title date-revised="2013-01-01"><title-part><text>Arrangements of straw crushers or cutters</text></title-part></class-title></classification-item>
<classification-item breakdown-code="false" not-allocatable="false" level="8" additional-only="false" sort-key="A01F12/42" definition-exists="true" ipc-concordant="A01F12/42" c-set-base-allowed="false" c-set-subsequent-allowed="true" date-revised="2013-01-01" status="published"><classification-symbol>A01F12/42</classification-symbol><class-title date-revised="2013-01-01"><title-part><text>Apparatus for removing awns from the grain</text></title-part></class-title></classification-item>
<classification-item breakdown-code="false" not-allocatable="false" level="8" additional-only="false" sort-key="A01F12/44" definition-exists="false" ipc-concordant="A01F12/44" c-set-base-allowed="false" c-set-subsequent-allowed="true" date-revised="2013-01-01" status="published"><classification-symbol>A01F12/44</classification-symbol><class-title date-revised="2013-01-01"><title-part><text>Grain cleaners</text></title-part><title-part><text>Grain separators</text></title-part></class-title>
<classification-item breakdown-code="false" not-allocatable="false" level="9" additional-only="false" sort-key="A01F12/442" definition-exists="false" ipc-concordant="A01F12/44" c-set-base-allowed="false" c-set-subsequent-allowed="true" date-revised="2013-01-01" status="published"><classification-symbol>A01F12/442</classification-symbol><class-title date-revised="2013-01-01"><title-part><CPC-specific-text><text>Rotary cleaners</text></CPC-specific-text></title-part></class-title></classification-item>
<classification-item breakdown-code="false" not-allocatable="false" level="9" additional-only="false" sort-key="A01F12/444" definition-exists="false" ipc-concordant="A01F12/44" c-set-base-allowed="false" c-set-subsequent-allowed="true" date-revised="2013-01-01" status="published"><classification-symbol>A01F12/444</classification-symbol><class-title date-revised="2013-01-01"><title-part><CPC-specific-text><text>Fanning means</text></CPC-specific-text></title-part></class-title></classification-item>
<classification-item breakdown-code="false" not-allocatable="false" level="9" additional-only="false" sort-key="A01F12/446" definition-exists="false" ipc-concordant="A01F12/44" c-set-base-allowed="false" c-set-subsequent-allowed="true" date-revised="2013-01-01" status="published"><classification-symbol>A01F12/446</classification-symbol><class-title date-revised="2013-01-01"><title-part><CPC-specific-text><text>Sieving means</text></CPC-specific-text></title-part></class-title>
<classification-item breakdown-code="false" not-allocatable="false" level="10" additional-only="false" sort-key="A01F12/448" definition-exists="false" ipc-concordant="A01F12/44" c-set-base-allowed="false" c-set-subsequent-allowed="true" date-revised="2013-01-01" status="published"><classification-symbol>A01F12/448</classification-symbol><class-title date-revised="2013-01-01"><title-part><CPC-specific-text><text>Sieve adjusting means</text></CPC-specific-text></title-part></class-title></classification-item></classification-item></classification-item>
<classification-item breakdown-code="false" not-allocatable="false" level="8" additional-only="false" sort-key="A01F12/46" definition-exists="false" ipc-concordant="A01F12/46" c-set-base-allowed="false" c-set-subsequent-allowed="true" date-revised="2016-05-01" status="published"><classification-symbol>A01F12/46</classification-symbol><class-title date-revised="2016-05-01"><title-part><text>Mechanical grain conveyors</text></title-part></class-title></classification-item>
<classification-item breakdown-code="false" not-allocatable="false" level="8" additional-only="false" sort-key="A01F12/48" definition-exists="true" ipc-concordant="A01F12/48" c-set-base-allowed="false" c-set-subsequent-allowed="true" date-revised="2013-01-01" status="published"><classification-symbol>A01F12/48</classification-symbol><class-title date-revised="2013-01-01"><title-part><text>Air conduits or blowers for grain</text></title-part></class-title></classification-item>
<classification-item breakdown-code="false" not-allocatable="false" level="8" additional-only="false" sort-key="A01F12/50" definition-exists="true" ipc-concordant="A01F12/50" c-set-base-allowed="false" c-set-subsequent-allowed="true" date-revised="2013-01-01" status="published"><classification-symbol>A01F12/50</classification-symbol><class-title date-revised="2013-01-01"><title-part><text>Sack-filling devices</text></title-part><title-part><text>Counting or weighing devices</text></title-part></class-title></classification-item>
<classification-item breakdown-code="false" not-allocatable="false" level="8" additional-only="false" sort-key="A01F12/52" definition-exists="false" ipc-concordant="A01F12/52" c-set-base-allowed="false" c-set-subsequent-allowed="true" date-revised="2013-01-01" status="published"><classification-symbol>A01F12/52</classification-symbol><class-title date-revised="2013-01-01"><title-part><text>Arrangements for returning unthreshed grain to the threshing device</text></title-part></class-title></classification-item>
<classification-item breakdown-code="false" not-allocatable="false" level="8" additional-only="false" sort-key="A01F12/54" definition-exists="false" ipc-concordant="A01F12/54" c-set-base-allowed="false" c-set-subsequent-allowed="true" date-revised="2013-01-01" status="published"><classification-symbol>A01F12/54</classification-symbol><class-title date-revised="2013-01-01"><title-part><text>Arrangements for collecting or removing dust</text></title-part></class-title></classification-item>
<classification-item breakdown-code="false" not-allocatable="false" level="8" additional-only="false" sort-key="A01F12/56" definition-exists="false" ipc-concordant="A01F12/56" c-set-base-allowed="false" c-set-subsequent-allowed="true" date-revised="2013-01-01" status="published"><classification-symbol>A01F12/56</classification-symbol><class-title date-revised="2013-01-01"><title-part><text>Driving mechanisms for the threshing parts</text></title-part></class-title></classification-item>
<classification-item breakdown-code="false" not-allocatable="false" level="8" additional-only="false" sort-key="A01F12/58" definition-exists="false" ipc-concordant="A01F12/58" c-set-base-allowed="false" c-set-subsequent-allowed="true" date-revised="2013-01-01" status="published"><classification-symbol>A01F12/58</classification-symbol><class-title date-revised="2013-01-01"><title-part><text>Control devices</text></title-part><title-part><text>Brakes</text></title-part><title-part><text>Bearings</text></title-part></class-title></classification-item>
<classification-item breakdown-code="false" not-allocatable="false" level="8" additional-only="false" sort-key="A01F12/60" definition-exists="false" ipc-concordant="A01F12/60" c-set-base-allowed="false" c-set-subsequent-allowed="true" date-revised="2013-01-01" status="published"><classification-symbol>A01F12/60</classification-symbol><class-title date-revised="2013-01-01"><title-part><text>Grain tanks </text><CPC-specific-text><reference><text>for combines <class-ref scheme="cpc">A01D41/1208</class-ref></text></reference></CPC-specific-text></title-part></class-title></classification-item></classification-item></classification-item>
<classification-item breakdown-code="false" not-allocatable="true" level="6" additional-only="false" sort-key="A01F13/00" date-revised="2013-01-01" status="published"><classification-symbol>A01F13/00</classification-symbol><class-title date-revised="2013-01-01"><title-part><text>Baling straw or the like </text><reference><text>baling presses in general, briquetting presses <class-ref scheme="cpc">B30B</class-ref></text></reference></title-part></class-title>
<classification-item breakdown-code="false" not-allocatable="false" level="7" additional-only="false" sort-key="A01F13/00" definition-exists="true" ipc-concordant="A01F13/00" c-set-base-allowed="false" c-set-subsequent-allowed="true" date-revised="2013-01-01" status="published"><classification-symbol>A01F13/00</classification-symbol><class-title date-revised="2013-01-01"><title-part><text>Hand-operated baling apparatus</text></title-part></class-title></classification-item>
<classification-item breakdown-code="false" not-allocatable="false" level="7" additional-only="false" sort-key="A01F15/00" definition-exists="true" ipc-concordant="A01F15/00" c-set-base-allowed="false" c-set-subsequent-allowed="true" date-revised="2013-01-01" status="published"><classification-symbol>A01F15/00</classification-symbol><class-title date-revised="2013-01-01"><title-part><text>Baling presses for straw, hay or the like </text><CPC-specific-text><reference><text>making compressed stacks <class-ref scheme="cpc">A01D85/00</class-ref></text></reference></CPC-specific-text></title-part></class-title>
<classification-item breakdown-code="false" not-allocatable="false" level="8" additional-only="false" sort-key="A01F15/005" definition-exists="true" ipc-concordant="A01F15/00" c-set-base-allowed="false" c-set-subsequent-allowed="true" date-revised="2013-01-01" status="published"><classification-symbol>A01F15/005</classification-symbol><class-title date-revised="2013-01-01"><title-part><CPC-specific-text><text>for conditioning bales, e.g. rebaling</text></CPC-specific-text></title-part></class-title></classification-item>
<classification-item breakdown-code="false" not-allocatable="false" level="8" additional-only="false" sort-key="A01F15/02" definition-exists="true" ipc-concordant="A01F15/02" c-set-base-allowed="false" c-set-subsequent-allowed="true" date-revised="2013-01-01" status="published"><classification-symbol>A01F15/02</classification-symbol><class-title date-revised="2013-01-01"><title-part><text>with press-boxes </text><CPC-specific-text><reference><text><class-ref scheme="cpc">A01F15/046</class-ref> takes precedence</text></reference></CPC-specific-text></title-part></class-title></classification-item>
<classification-item breakdown-code="false" not-allocatable="false" level="8" additional-only="false" sort-key="A01F15/04" definition-exists="true" ipc-concordant="A01F15/04" c-set-base-allowed="false" c-set-subsequent-allowed="true" date-revised="2013-01-01" status="published"><classification-symbol>A01F15/04</classification-symbol><class-title date-revised="2013-01-01"><title-part><text>Plunger presses</text></title-part></class-title>
<classification-item breakdown-code="false" not-allocatable="false" level="9" additional-only="false" sort-key="A01F15/042" definition-exists="false" ipc-concordant="A01F15/04" c-set-base-allowed="false" c-set-subsequent-allowed="true" date-revised="2013-01-01" status="published"><classification-symbol>A01F15/042</classification-symbol><class-title date-revised="2013-01-01"><title-part><CPC-specific-text><text>Plungers</text></CPC-specific-text></title-part></class-title></classification-item>
<classification-item breakdown-code="false" not-allocatable="false" level="9" additional-only="false" sort-key="A01F15/044" definition-exists="false" ipc-concordant="A01F15/04" c-set-base-allowed="false" c-set-subsequent-allowed="true" date-revised="2013-01-01" status="published"><classification-symbol>A01F15/044</classification-symbol><class-title date-revised="2013-01-01"><title-part><CPC-specific-text><text>with open pressing chambers</text></CPC-specific-text></title-part></class-title></classification-item>
<classification-item breakdown-code="false" not-allocatable="false" level="9" additional-only="false" sort-key="A01F15/046" definition-exists="false" ipc-concordant="A01F15/04" c-set-base-allowed="false" c-set-subsequent-allowed="true" date-revised="2013-01-01" status="published"><classification-symbol>A01F15/046</classification-symbol><class-title date-revised="2013-01-01"><title-part><CPC-specific-text><text>with press-boxes</text></CPC-specific-text></title-part></class-title></classification-item>
<classification-item breakdown-code="true" not-allocatable="false" level="9" additional-only="true" sort-key="A01F15/048" definition-exists="false" ipc-concordant="A01F15/04" c-set-base-allowed="false" c-set-subsequent-allowed="true" date-revised="2013-01-01" status="published"><classification-symbol>A01F2015/048</classification-symbol><class-title date-revised="2013-01-01"><title-part><CPC-specific-text><text>Anti-return systems for the material in the pressing chamber when the plunger moves backwards</text></CPC-specific-text></title-part></class-title></classification-item>
<classification-item breakdown-code="false" not-allocatable="false" level="9" additional-only="false" sort-key="A01F15/06" definition-exists="true" ipc-concordant="A01F15/06" c-set-base-allowed="false" c-set-subsequent-allowed="true" date-revised="2013-01-01" status="published"><classification-symbol>A01F15/06</classification-symbol><class-title date-revised="2013-01-01"><title-part><text>with double-action plunger</text></title-part></class-title></classification-item></classification-item>
<classification-item breakdown-code="false" not-allocatable="false" level="8" additional-only="false" sort-key="A01F15/07" definition-exists="true" ipc-concordant="A01F15/07" c-set-base-allowed="false" c-set-subsequent-allowed="true" date-revised="2013-01-01" status="published"><classification-symbol>A01F15/07</classification-symbol><class-title date-revised="2013-01-01"><title-part><text>Rotobalers, i.e. machines for forming cylindrical bales by winding and pressing</text></title-part></class-title>
<classification-item breakdown-code="false" not-allocatable="false" level="9" additional-only="false" sort-key="A01F15/0705" definition-exists="true" ipc-concordant="A01F15/07" c-set-base-allowed="false" c-set-subsequent-allowed="true" date-revised="2013-01-01" status="published"><classification-symbol>A01F15/0705</classification-symbol><class-title date-revised="2013-01-01"><title-part><CPC-specific-text><text>Arrangements for continuous operation</text></CPC-specific-text></title-part></class-title></classification-item>
<classification-item breakdown-code="false" not-allocatable="false" level="9" additional-only="false" sort-key="A01F15/071" definition-exists="true" ipc-concordant="A01F15/07" c-set-base-allowed="false" c-set-subsequent-allowed="true" date-revised="2013-01-01" status="published"><classification-symbol>A01F15/071</classification-symbol><class-title date-revised="2013-01-01"><title-part><CPC-specific-text><text>Wrapping devices </text><reference><text>tying devices <class-ref scheme="cpc">A01F15/141</class-ref></text></reference></CPC-specific-text></title-part></class-title>
<classification-item breakdown-code="false" not-allocatable="false" level="10" additional-only="false" sort-key="A01F15/0715" definition-exists="true" ipc-concordant="A01F15/07" c-set-base-allowed="false" c-set-subsequent-allowed="true" date-revised="2013-01-01" status="published"><classification-symbol>A01F15/0715</classification-symbol><class-title date-revised="2013-01-01"><title-part><CPC-specific-text><text>Wrapping the bale in the press chamber before opening said chamber</text></CPC-specific-text></title-part></class-title>
<classification-item breakdown-code="true" not-allocatable="false" level="11" additional-only="true" sort-key="A01F15/072" definition-exists="false" ipc-concordant="A01F15/07" c-set-base-allowed="false" c-set-subsequent-allowed="true" date-revised="2016-05-01" status="published"><classification-symbol>A01F2015/072</classification-symbol><class-title date-revised="2016-05-01"><title-part><CPC-specific-text><text>Braking means for the film roll in balers which wrap the bale before opening the pressing chamber in order to stretch the film while wrapping</text></CPC-specific-text></title-part></class-title></classification-item></classification-item>
<classification-item breakdown-code="true" not-allocatable="false" level="10" additional-only="true" sort-key="A01F15/0725" definition-exists="false" ipc-concordant="A01F15/07" c-set-base-allowed="false" c-set-subsequent-allowed="true" date-revised="2013-01-01" status="published"><classification-symbol>A01F2015/0725</classification-symbol><class-title date-revised="2013-01-01"><title-part><CPC-specific-text><text>Film dispensers for film rollers in a satellite type wrapper, e.g. holding and tensioning means for the film roller </text><reference><text>the rotating arm itself <class-ref scheme="cpc">A01F2015/073</class-ref></text></reference></CPC-specific-text></title-part></class-title></classification-item>
<classification-item breakdown-code="true" not-allocatable="false" level="10" additional-only="true" sort-key="A01F15/073" definition-exists="false" ipc-concordant="A01F15/07" c-set-base-allowed="false" c-set-subsequent-allowed="true" date-revised="2013-01-01" status="published"><classification-symbol>A01F2015/073</classification-symbol><class-title date-revised="2013-01-01"><title-part><CPC-specific-text><text>Features related to the horizontal rotating arm of a wrapping device of the satellite type </text><reference><text>features of film dispensers <class-ref scheme="cpc">A01F2015/0725</class-ref></text></reference></CPC-specific-text></title-part></class-title></classification-item>
<classification-item breakdown-code="true" not-allocatable="false" level="10" additional-only="true" sort-key="A01F15/0735" definition-exists="false" ipc-concordant="A01F15/07" c-set-base-allowed="false" c-set-subsequent-allowed="true" date-revised="2013-01-01" status="published"><classification-symbol>A01F2015/0735</classification-symbol><class-title date-revised="2013-01-01"><title-part><CPC-specific-text><text>Combined machines that include a press bale and a wrapping device in a further step, e.g. turning table, not in the same closed pressing chamber</text></CPC-specific-text></title-part></class-title></classification-item>
<classification-item breakdown-code="true" not-allocatable="false" level="10" additional-only="true" sort-key="A01F15/074" definition-exists="false" ipc-concordant="A01F15/07" c-set-base-allowed="false" c-set-subsequent-allowed="true" date-revised="2016-05-01" status="published"><classification-symbol>A01F2015/074</classification-symbol><class-title date-revised="2016-05-01"><title-part><CPC-specific-text><text>Mechanisms for discharging a bale from the wrapping machine</text></CPC-specific-text></title-part></class-title></classification-item>
<classification-item breakdown-code="true" not-allocatable="false" level="10" additional-only="true" sort-key="A01F15/0745" definition-exists="false" ipc-concordant="A01F15/07" c-set-base-allowed="false" c-set-subsequent-allowed="true" date-revised="2016-05-01" status="published"><classification-symbol>A01F2015/0745</classification-symbol><class-title date-revised="2016-05-01"><title-part><CPC-specific-text><text>Special features of the wrapping material for wrapping the bale</text></CPC-specific-text></title-part></class-title></classification-item>
<classification-item breakdown-code="true" not-allocatable="false" level="10" additional-only="true" sort-key="A01F15/075" definition-exists="false" ipc-concordant="A01F15/07" c-set-base-allowed="false" c-set-subsequent-allowed="true" date-revised="2013-01-01" status="published"><classification-symbol>A01F2015/075</classification-symbol><class-title date-revised="2013-01-01"><title-part><CPC-specific-text><text>Opening the pressing chamber before wrapping, and then wrapping by rotating the bale without displacing it out of the open pressing chamber</text></CPC-specific-text></title-part></class-title></classification-item>
<classification-item breakdown-code="true" not-allocatable="false" level="10" additional-only="true" sort-key="A01F15/0755" definition-exists="false" ipc-concordant="A01F15/07" c-set-base-allowed="false" c-set-subsequent-allowed="true" date-revised="2013-01-01" status="published"><classification-symbol>A01F2015/0755</classification-symbol><class-title date-revised="2013-01-01"><title-part><CPC-specific-text><text>Configuration of support surfaces which can move in order to rotate a bale around at least one axis while wrapping</text></CPC-specific-text></title-part></class-title></classification-item>
<classification-item breakdown-code="true" not-allocatable="false" level="10" additional-only="true" sort-key="A01F15/076" definition-exists="false" ipc-concordant="A01F15/07" c-set-base-allowed="false" c-set-subsequent-allowed="true" date-revised="2013-01-01" status="published"><classification-symbol>A01F2015/076</classification-symbol><class-title date-revised="2013-01-01"><title-part><CPC-specific-text><text>Wrapping device incorporating sensors</text></CPC-specific-text></title-part></class-title></classification-item></classification-item>
<classification-item breakdown-code="false" not-allocatable="false" level="9" additional-only="false" sort-key="A01F15/0765" definition-exists="false" ipc-concordant="A01F15/07" c-set-base-allowed="false" c-set-subsequent-allowed="true" date-revised="2013-01-01" status="published"><classification-symbol>A01F15/0765</classification-symbol><class-title date-revised="2013-01-01"><title-part><CPC-specific-text><text>Rolling bales on the ground</text></CPC-specific-text></title-part></class-title></classification-item>
<classification-item breakdown-code="true" not-allocatable="false" level="9" additional-only="true" sort-key="A01F15/077" definition-exists="false" ipc-concordant="A01F15/07" c-set-base-allowed="false" c-set-subsequent-allowed="true" date-revised="2016-05-01" status="published"><classification-symbol>A01F2015/077</classification-symbol><class-title date-revised="2016-05-01"><title-part><CPC-specific-text><text>Pressing chamber formed by belts and rollers</text></CPC-specific-text></title-part></class-title></classification-item>
<classification-item breakdown-code="true" not-allocatable="false" level="9" additional-only="true" sort-key="A01F15/0775" definition-exists="false" ipc-concordant="A01F15/07" c-set-base-allowed="false" c-set-subsequent-allowed="true" date-revised="2013-01-01" status="published"><classification-symbol>A01F2015/0775</classification-symbol><class-title date-revised="2013-01-01"><title-part><CPC-specific-text><text>Pressing chambers with fix volume</text></CPC-specific-text></title-part></class-title></classification-item>
<classification-item breakdown-code="true" not-allocatable="false" level="9" additional-only="true" sort-key="A01F15/078" definition-exists="false" ipc-concordant="A01F15/07" c-set-base-allowed="false" c-set-subsequent-allowed="true" date-revised="2013-01-01" status="published"><classification-symbol>A01F2015/078</classification-symbol><class-title date-revised="2013-01-01"><title-part><CPC-specific-text><text>Pressing chamber formed exclusively by flexible elements, e.g. belts</text></CPC-specific-text></title-part></class-title></classification-item>
<classification-item breakdown-code="true" not-allocatable="false" level="9" additional-only="true" sort-key="A01F15/0785" definition-exists="false" ipc-concordant="A01F15/07" c-set-base-allowed="false" c-set-subsequent-allowed="true" date-revised="2016-05-01" status="published"><classification-symbol>A01F2015/0785</classification-symbol><class-title date-revised="2016-05-01"><title-part><CPC-specific-text><text>Latching or locking means for the tailgate of the rotobaler</text></CPC-specific-text></title-part></class-title></classification-item>
<classification-item breakdown-code="true" not-allocatable="false" level="9" additional-only="true" sort-key="A01F15/079" definition-exists="false" ipc-concordant="A01F15/07" c-set-base-allowed="false" c-set-subsequent-allowed="true" date-revised="2016-05-01" status="published"><classification-symbol>A01F2015/079</classification-symbol><class-title date-revised="2016-05-01"><title-part><CPC-specific-text><text>Sledge for rollers of the pressing chamber</text></CPC-specific-text></title-part></class-title></classification-item>
<classification-item breakdown-code="true" not-allocatable="false" level="9" additional-only="true" sort-key="A01F15/0795" definition-exists="false" ipc-concordant="A01F15/07" c-set-base-allowed="false" c-set-subsequent-allowed="true" date-revised="2013-01-01" status="published"><classification-symbol>A01F2015/0795</classification-symbol><class-title date-revised="2013-01-01"><title-part><CPC-specific-text><text>Pressing chamber with variable volume</text></CPC-specific-text></title-part></class-title></classification-item></classification-item>
<classification-item breakdown-code="false" not-allocatable="false" level="8" additional-only="false" sort-key="A01F15/08" definition-exists="true" ipc-concordant="A01F15/08" c-set-base-allowed="false" c-set-subsequent-allowed="true" date-revised="2013-01-01" status="published"><classification-symbol>A01F15/08</classification-symbol><class-title date-revised="2013-01-01"><title-part><text>Details</text></title-part></class-title>
<classification-item breakdown-code="true" not-allocatable="false" level="9" additional-only="true" sort-key="A01F15/0808" definition-exists="false" ipc-concordant="A01F15/08" c-set-base-allowed="false" c-set-subsequent-allowed="true" date-revised="2013-01-01" status="published"><classification-symbol>A01F2015/0808</classification-symbol><class-title date-revised="2013-01-01"><title-part><CPC-specific-text><text>Balers incorporate an inclinometer</text></CPC-specific-text></title-part></class-title></classification-item>
<classification-item breakdown-code="false" not-allocatable="false" level="9" additional-only="false" sort-key="A01F15/0816" definition-exists="false" ipc-concordant="A01F15/08" c-set-base-allowed="false" c-set-subsequent-allowed="true" date-revised="2013-01-01" status="published"><classification-symbol>A01F15/0816</classification-symbol><class-title date-revised="2013-01-01"><title-part><CPC-specific-text><text>Devices for dispensing chemicals in bales during formation</text></CPC-specific-text></title-part></class-title></classification-item>
<classification-item breakdown-code="false" not-allocatable="false" level="9" additional-only="false" sort-key="A01F15/0825" definition-exists="true" ipc-concordant="A01F15/08" c-set-base-allowed="false" c-set-subsequent-allowed="true" date-revised="2013-01-01" status="published"><classification-symbol>A01F15/0825</classification-symbol><class-title date-revised="2013-01-01"><title-part><CPC-specific-text><text>Regulating or controlling density or shape of the bale</text></CPC-specific-text></title-part></class-title>
<classification-item breakdown-code="false" not-allocatable="false" level="10" additional-only="false" sort-key="A01F15/0833" definition-exists="false" ipc-concordant="A01F15/08" c-set-base-allowed="false" c-set-subsequent-allowed="true" date-revised="2013-01-01" status="published"><classification-symbol>A01F15/0833</classification-symbol><class-title date-revised="2013-01-01"><title-part><CPC-specific-text><text>for round balers</text></CPC-specific-text></title-part></class-title></classification-item></classification-item>
<classification-item breakdown-code="false" not-allocatable="false" level="9" additional-only="false" sort-key="A01F15/0841" definition-exists="false" ipc-concordant="A01F15/08" c-set-base-allowed="false" c-set-subsequent-allowed="true" date-revised="2013-01-01" status="published"><classification-symbol>A01F15/0841</classification-symbol><class-title date-revised="2013-01-01"><title-part><CPC-specific-text><text>Drives for balers</text></CPC-specific-text></title-part></class-title>
<classification-item breakdown-code="false" not-allocatable="false" level="10" additional-only="false" sort-key="A01F15/085" definition-exists="false" ipc-concordant="A01F15/08" c-set-base-allowed="false" c-set-subsequent-allowed="true" date-revised="2013-01-01" status="published"><classification-symbol>A01F15/085</classification-symbol><class-title date-revised="2013-01-01"><title-part><CPC-specific-text><text>for round balers</text></CPC-specific-text></title-part></class-title></classification-item>
<classification-item breakdown-code="false" not-allocatable="false" level="10" additional-only="false" sort-key="A01F15/0858" definition-exists="true" ipc-concordant="A01F15/08" c-set-base-allowed="false" c-set-subsequent-allowed="true" date-revised="2013-01-01" status="published"><classification-symbol>A01F15/0858</classification-symbol><class-title date-revised="2013-01-01"><title-part><CPC-specific-text><text>for the tying devices or needles</text></CPC-specific-text></title-part></class-title>
<classification-item breakdown-code="true" not-allocatable="false" level="11" additional-only="true" sort-key="A01F15/0866" definition-exists="false" ipc-concordant="A01F15/08" c-set-base-allowed="false" c-set-subsequent-allowed="true" date-revised="2013-01-01" status="published"><classification-symbol>A01F2015/0866</classification-symbol><class-title date-revised="2013-01-01"><title-part><CPC-specific-text><text>Clutching means for the knotting process;  Bale length measuring means for triggering the clutching mean</text></CPC-specific-text></title-part></class-title></classification-item></classification-item></classification-item>
<classification-item breakdown-code="false" not-allocatable="false" level="9" additional-only="false" sort-key="A01F15/0875" definition-exists="true" ipc-concordant="A01F15/08" c-set-base-allowed="false" c-set-subsequent-allowed="true" date-revised="2013-01-01" status="published"><classification-symbol>A01F15/0875</classification-symbol><class-title date-revised="2013-01-01"><title-part><CPC-specific-text><text>Discharge devices</text></CPC-specific-text></title-part></class-title>
<classification-item breakdown-code="false" not-allocatable="false" level="10" additional-only="false" sort-key="A01F15/0883" definition-exists="false" ipc-concordant="A01F15/08" c-set-base-allowed="false" c-set-subsequent-allowed="true" date-revised="2013-01-01" status="published"><classification-symbol>A01F15/0883</classification-symbol><class-title date-revised="2013-01-01"><title-part><CPC-specific-text><text>for round balers</text></CPC-specific-text></title-part></class-title></classification-item>
<classification-item breakdown-code="true" not-allocatable="false" level="10" additional-only="true" sort-key="A01F15/0891" definition-exists="false" ipc-concordant="A01F15/08" c-set-base-allowed="false" c-set-subsequent-allowed="true" date-revised="2013-01-01" status="published"><classification-symbol>A01F2015/0891</classification-symbol><class-title date-revised="2013-01-01"><title-part><CPC-specific-text><text>Weighing the finished bale before falling to ground</text></CPC-specific-text></title-part></class-title></classification-item></classification-item>
<classification-item breakdown-code="false" not-allocatable="false" level="9" additional-only="false" sort-key="A01F15/10" definition-exists="true" ipc-concordant="A01F15/10" c-set-base-allowed="false" c-set-subsequent-allowed="true" date-revised="2017-08-01" status="published"><classification-symbol>A01F15/10</classification-symbol><class-title date-revised="2017-08-01"><title-part><text>Feeding devices for the crop material </text><CPC-specific-text><text>, e.g. precompression devices </text><reference><text>pick-ups <class-ref scheme="cpc">A01D89/00</class-ref></text></reference></CPC-specific-text></title-part></class-title>
<classification-item breakdown-code="false" not-allocatable="false" level="10" additional-only="false" sort-key="A01F15/101" definition-exists="true" ipc-concordant="A01F15/10" c-set-base-allowed="false" c-set-subsequent-allowed="true" date-revised="2013-01-01" status="published"><classification-symbol>A01F15/101</classification-symbol><class-title date-revised="2013-01-01"><title-part><CPC-specific-text><text>Feeding at right angles to the compression stroke </text><reference><text><class-ref scheme="cpc">A01F15/106</class-ref> takes precedence</text></reference></CPC-specific-text></title-part></class-title>
<classification-item breakdown-code="true" not-allocatable="false" level="11" additional-only="true" sort-key="A01F15/102" definition-exists="false" ipc-concordant="A01F15/10" c-set-base-allowed="false" c-set-subsequent-allowed="true" date-revised="2013-01-01" status="published"><classification-symbol>A01F2015/102</classification-symbol><class-title date-revised="2013-01-01"><title-part><CPC-specific-text><text>the pressing chamber is fed from the bottom side</text></CPC-specific-text></title-part></class-title></classification-item>
<classification-item breakdown-code="true" not-allocatable="false" level="11" additional-only="true" sort-key="A01F15/103" definition-exists="false" ipc-concordant="A01F15/10" c-set-base-allowed="false" c-set-subsequent-allowed="true" date-revised="2013-01-01" status="published"><classification-symbol>A01F2015/103</classification-symbol><class-title date-revised="2013-01-01"><title-part><CPC-specific-text><text>the pressing chamber is fed from a lateral side</text></CPC-specific-text></title-part></class-title></classification-item>
<classification-item breakdown-code="true" not-allocatable="false" level="11" additional-only="true" sort-key="A01F15/105" definition-exists="false" ipc-concordant="A01F15/10" c-set-base-allowed="false" c-set-subsequent-allowed="true" date-revised="2013-01-01" status="published"><classification-symbol>A01F2015/105</classification-symbol><class-title date-revised="2013-01-01"><title-part><CPC-specific-text><text>the pressing chamber is fed from the top side</text></CPC-specific-text></title-part></class-title></classification-item></classification-item>
<classification-item breakdown-code="false" not-allocatable="false" level="10" additional-only="false" sort-key="A01F15/106" definition-exists="false" ipc-concordant="A01F15/10" c-set-base-allowed="false" c-set-subsequent-allowed="true" date-revised="2013-01-01" status="published"><classification-symbol>A01F15/106</classification-symbol><class-title date-revised="2013-01-01"><title-part><CPC-specific-text><text>for round balers</text></CPC-specific-text></title-part></class-title></classification-item>
<classification-item breakdown-code="true" not-allocatable="false" level="10" additional-only="true" sort-key="A01F15/107" definition-exists="false" ipc-concordant="A01F15/10" c-set-base-allowed="false" c-set-subsequent-allowed="true" date-revised="2013-01-01" status="published"><classification-symbol>A01F2015/107</classification-symbol><class-title date-revised="2013-01-01"><title-part><CPC-specific-text><text>Means for withdrawing knives, rotor or walls of the feeding chamber in case of plugging or congestion</text></CPC-specific-text></title-part></class-title></classification-item>
<classification-item breakdown-code="true" not-allocatable="false" level="10" additional-only="true" sort-key="A01F15/108" definition-exists="false" ipc-concordant="A01F15/10" c-set-base-allowed="false" c-set-subsequent-allowed="true" date-revised="2013-01-01" status="published"><classification-symbol>A01F2015/108</classification-symbol><class-title date-revised="2013-01-01"><title-part><CPC-specific-text><text>Cutting devices comprising cutter and counter-cutter</text></CPC-specific-text></title-part></class-title></classification-item></classification-item>
<classification-item breakdown-code="false" not-allocatable="false" level="9" additional-only="false" sort-key="A01F15/12" definition-exists="true" ipc-concordant="A01F15/12" c-set-base-allowed="false" c-set-subsequent-allowed="true" date-revised="2013-01-01" status="published"><classification-symbol>A01F15/12</classification-symbol><class-title date-revised="2013-01-01"><title-part><text>Feeding devices for the ties</text></title-part></class-title></classification-item>
<classification-item breakdown-code="false" not-allocatable="false" level="9" additional-only="false" sort-key="A01F15/14" definition-exists="true" ipc-concordant="A01F15/14" c-set-base-allowed="false" c-set-subsequent-allowed="true" date-revised="2013-01-01" status="published"><classification-symbol>A01F15/14</classification-symbol><class-title date-revised="2013-01-01"><title-part><text>Tying devices specially adapted for baling presses </text><CPC-specific-text><reference><text>independent binders <class-ref scheme="cpc">A01D39/00</class-ref></text></reference></CPC-specific-text></title-part></class-title>
<classification-item breakdown-code="false" not-allocatable="false" level="10" additional-only="false" sort-key="A01F15/141" definition-exists="true" ipc-concordant="A01F15/14" c-set-base-allowed="false" c-set-subsequent-allowed="true" date-revised="2013-01-01" status="published"><classification-symbol>A01F15/141</classification-symbol><class-title date-revised="2013-01-01"><title-part><CPC-specific-text><text>for round balers </text><reference><text>wrapping devices <class-ref scheme="cpc">A01F15/071</class-ref></text></reference></CPC-specific-text></title-part></class-title>
<classification-item breakdown-code="true" not-allocatable="false" level="11" additional-only="true" sort-key="A01F15/143" definition-exists="false" ipc-concordant="A01F15/14" c-set-base-allowed="false" c-set-subsequent-allowed="true" date-revised="2013-01-01" status="published"><classification-symbol>A01F2015/143</classification-symbol><class-title date-revised="2013-01-01"><title-part><CPC-specific-text><text>Guiding fingers for twines in order to avoid the slippage of twines to the sides of the bale when tying it</text></CPC-specific-text></title-part></class-title></classification-item></classification-item>
<classification-item breakdown-code="false" not-allocatable="false" level="10" additional-only="false" sort-key="A01F15/145" definition-exists="false" ipc-concordant="A01F15/14" c-set-base-allowed="false" c-set-subsequent-allowed="true" date-revised="2013-01-01" status="published"><classification-symbol>A01F15/145</classification-symbol><class-title date-revised="2013-01-01"><title-part><CPC-specific-text><text>Twine knotters</text></CPC-specific-text></title-part></class-title></classification-item>
<classification-item breakdown-code="false" not-allocatable="false" level="10" additional-only="false" sort-key="A01F15/146" definition-exists="false" ipc-concordant="A01F15/14" c-set-base-allowed="false" c-set-subsequent-allowed="true" date-revised="2013-01-01" status="published"><classification-symbol>A01F15/146</classification-symbol><class-title date-revised="2013-01-01"><title-part><CPC-specific-text><text>Wire twisters</text></CPC-specific-text></title-part></class-title></classification-item>
<classification-item breakdown-code="false" not-allocatable="false" level="10" additional-only="false" sort-key="A01F15/148" definition-exists="false" ipc-concordant="A01F15/14" c-set-base-allowed="false" c-set-subsequent-allowed="true" date-revised="2013-01-01" status="published"><classification-symbol>A01F15/148</classification-symbol><class-title date-revised="2013-01-01"><title-part><CPC-specific-text><text>Monitoring the tying, e.g. mistie detectors</text></CPC-specific-text></title-part></class-title></classification-item></classification-item>
<classification-item breakdown-code="false" not-allocatable="false" level="9" additional-only="false" sort-key="A01F15/16" definition-exists="true" ipc-concordant="A01F15/16" c-set-base-allowed="false" c-set-subsequent-allowed="true" date-revised="2013-01-01" status="published"><classification-symbol>A01F15/16</classification-symbol><class-title date-revised="2013-01-01"><title-part><text>Division blocks</text></title-part></class-title></classification-item>
<classification-item breakdown-code="false" not-allocatable="false" level="9" additional-only="false" sort-key="A01F15/18" definition-exists="true" ipc-concordant="A01F15/18" c-set-base-allowed="false" c-set-subsequent-allowed="true" date-revised="2013-01-01" status="published"><classification-symbol>A01F15/18</classification-symbol><class-title date-revised="2013-01-01"><title-part><text>Endless belts, rolls or the like</text></title-part></class-title>
<classification-item breakdown-code="true" not-allocatable="false" level="10" additional-only="true" sort-key="A01F15/183" definition-exists="false" ipc-concordant="A01F15/18" c-set-base-allowed="false" c-set-subsequent-allowed="true" date-revised="2013-01-01" status="published"><classification-symbol>A01F2015/183</classification-symbol><class-title date-revised="2013-01-01"><title-part><CPC-specific-text><text>Constructional details of belts of the press chamber</text></CPC-specific-text></title-part></class-title></classification-item>
<classification-item breakdown-code="true" not-allocatable="false" level="10" additional-only="true" sort-key="A01F15/186" definition-exists="false" ipc-concordant="A01F15/18" c-set-base-allowed="false" c-set-subsequent-allowed="true" date-revised="2013-01-01" status="published"><classification-symbol>A01F2015/186</classification-symbol><class-title date-revised="2013-01-01"><title-part><CPC-specific-text><text>Constructional details of rollers or the bearings of the rollers of the press chamber</text></CPC-specific-text></title-part></class-title></classification-item></classification-item></classification-item></classification-item></classification-item>
<classification-item breakdown-code="false" not-allocatable="true" level="6" additional-only="false" sort-key="A01F17/00" date-revised="2013-01-01" status="published"><classification-symbol>A01F17/00</classification-symbol><class-title date-revised="2013-01-01"><title-part><text>Accessories for threshing machines or baling presses </text><reference><text>loaders for sheaves, stacks or bales <class-ref scheme="cpc">A01D87/12</class-ref>; trailers <class-ref scheme="cpc">B62D63/06</class-ref></text></reference></title-part></class-title>
<classification-item breakdown-code="false" not-allocatable="false" level="7" additional-only="false" sort-key="A01F17/00" definition-exists="true" ipc-concordant="A01F17/00" c-set-base-allowed="false" c-set-subsequent-allowed="true" date-revised="2016-05-01" status="published"><classification-symbol>A01F17/00</classification-symbol><class-title date-revised="2016-05-01"><title-part><text>Straw conveyors for threshing machines or baling presses</text></title-part></class-title>
<classification-item breakdown-code="false" not-allocatable="false" level="8" additional-only="false" sort-key="A01F17/02" definition-exists="false" ipc-concordant="A01F17/02" c-set-base-allowed="false" c-set-subsequent-allowed="true" date-revised="2016-05-01" status="published"><classification-symbol>A01F17/02</classification-symbol><class-title date-revised="2016-05-01"><title-part><text>Mechanical conveyors</text></title-part></class-title></classification-item>
<classification-item breakdown-code="false" not-allocatable="false" level="8" additional-only="false" sort-key="A01F17/04" definition-exists="false" ipc-concordant="A01F17/04" c-set-base-allowed="false" c-set-subsequent-allowed="true" date-revised="2016-05-01" status="published"><classification-symbol>A01F17/04</classification-symbol><class-title date-revised="2016-05-01"><title-part><text>Pneumatic conveyors</text></title-part></class-title></classification-item></classification-item>
<classification-item breakdown-code="false" not-allocatable="false" level="7" additional-only="false" sort-key="A01F19/00" definition-exists="true" ipc-concordant="A01F19/00" c-set-base-allowed="false" c-set-subsequent-allowed="true" date-revised="2013-01-01" status="published"><classification-symbol>A01F19/00</classification-symbol><class-title date-revised="2013-01-01"><title-part><text>Devices for securing threshing machines or baling presses to the ground, e.g. for compensating for unevenness of the ground</text></title-part></class-title></classification-item>
<classification-item breakdown-code="false" not-allocatable="false" level="7" additional-only="false" sort-key="A01F21/00" definition-exists="true" ipc-concordant="A01F21/00" c-set-base-allowed="false" c-set-subsequent-allowed="true" date-revised="2013-01-01" status="published"><classification-symbol>A01F21/00</classification-symbol><class-title date-revised="2013-01-01"><title-part><text>Devices for protecting human beings for threshing machines or baling presses </text><reference><text>in combines <class-ref scheme="cpc">A01D75/20</class-ref>; for feeders for threshing apparatus <class-ref scheme="cpc">A01F12/16</class-ref></text></reference></title-part></class-title></classification-item>
<classification-item breakdown-code="false" not-allocatable="false" level="7" additional-only="false" sort-key="A01F25/00" definition-exists="true" ipc-concordant="A01F25/00" c-set-base-allowed="false" c-set-subsequent-allowed="true" date-revised="2013-01-01" status="published"><classification-symbol>A01F25/00</classification-symbol><class-title date-revised="2013-01-01"><title-part><text>Storing agricultural or horticultural produce</text></title-part><title-part><text>Hanging-up harvested fruit </text><reference><text>maturing fruit <class-ref scheme="cpc">A23N15/06</class-ref>; arrangements in barns for preparatory treatment of tobacco <class-ref scheme="cpc">A24B1/02</class-ref>; packing or storing hops <class-ref scheme="cpc">C12C3/04</class-ref></text></reference></title-part></class-title>
<classification-item breakdown-code="false" not-allocatable="false" level="8" additional-only="false" sort-key="A01F25/02" definition-exists="true" ipc-concordant="A01F25/02" c-set-base-allowed="false" c-set-subsequent-allowed="true" date-revised="2013-01-01" status="published"><classification-symbol>A01F25/02</classification-symbol><class-title date-revised="2013-01-01"><title-part><text>Clamps</text></title-part><title-part><text>Pits</text></title-part></class-title></classification-item>
<classification-item breakdown-code="false" not-allocatable="false" level="8" additional-only="false" sort-key="A01F25/04" definition-exists="true" ipc-concordant="A01F25/04" c-set-base-allowed="false" c-set-subsequent-allowed="true" date-revised="2013-01-01" status="published"><classification-symbol>A01F25/04</classification-symbol><class-title date-revised="2013-01-01"><title-part><text>Stacks, ricks or the like</text></title-part></class-title>
<classification-item breakdown-code="false" not-allocatable="false" level="9" additional-only="false" sort-key="A01F25/045" definition-exists="true" ipc-concordant="A01F25/04" c-set-base-allowed="false" c-set-subsequent-allowed="true" date-revised="2013-01-01" status="published"><classification-symbol>A01F25/045</classification-symbol><class-title date-revised="2013-01-01"><title-part><CPC-specific-text><text>Distributing arrangements in haystacks</text></CPC-specific-text></title-part></class-title></classification-item>
<classification-item breakdown-code="false" not-allocatable="false" level="9" additional-only="false" sort-key="A01F25/08" definition-exists="true" ipc-concordant="A01F25/08" c-set-base-allowed="false" c-set-subsequent-allowed="true" date-revised="2013-01-01" status="published"><classification-symbol>A01F25/08</classification-symbol><class-title date-revised="2013-01-01"><title-part><text>Ventilating means</text></title-part></class-title></classification-item>
<classification-item breakdown-code="false" not-allocatable="false" level="9" additional-only="false" sort-key="A01F25/10" definition-exists="false" ipc-concordant="A01F25/10" c-set-base-allowed="false" c-set-subsequent-allowed="true" date-revised="2017-08-01" status="published"><classification-symbol>A01F25/10</classification-symbol><class-title date-revised="2017-08-01"><title-part><text>Shelters </text><CPC-specific-text><text>; Open sheds or similar structures</text></CPC-specific-text></title-part></class-title></classification-item></classification-item>
<classification-item breakdown-code="false" not-allocatable="false" level="8" additional-only="false" sort-key="A01F25/12" definition-exists="false" ipc-concordant="A01F25/12" c-set-base-allowed="false" c-set-subsequent-allowed="true" date-revised="2013-01-01" status="published"><classification-symbol>A01F25/12</classification-symbol><class-title date-revised="2013-01-01"><title-part><text>Racks for drying purposes</text></title-part></class-title>
<classification-item breakdown-code="false" not-allocatable="false" level="9" additional-only="false" sort-key="A01F25/125" definition-exists="true" ipc-concordant="A01F25/12" c-set-base-allowed="false" c-set-subsequent-allowed="true" date-revised="2013-01-01" status="published"><classification-symbol>A01F25/125</classification-symbol><class-title date-revised="2013-01-01"><title-part><CPC-specific-text><text>Transport devices for hay racks</text></CPC-specific-text></title-part></class-title></classification-item></classification-item>
<classification-item breakdown-code="false" not-allocatable="false" level="8" additional-only="false" sort-key="A01F25/13" definition-exists="true" ipc-concordant="A01F25/13" c-set-base-allowed="false" c-set-subsequent-allowed="true" date-revised="2013-01-01" status="published"><classification-symbol>A01F25/13</classification-symbol><class-title date-revised="2013-01-01"><title-part><text>Coverings </text><reference><text><class-ref scheme="cpc">A01F25/14</class-ref> takes precedence</text></reference></title-part></class-title></classification-item>
<classification-item breakdown-code="false" not-allocatable="false" level="8" additional-only="false" sort-key="A01F25/14" definition-exists="true" ipc-concordant="A01F25/14" c-set-base-allowed="false" c-set-subsequent-allowed="true" date-revised="2013-01-01" status="published"><classification-symbol>A01F25/14</classification-symbol><class-title date-revised="2013-01-01"><title-part><text>Containers specially adapted for storing</text></title-part></class-title>
<classification-item breakdown-code="true" not-allocatable="false" level="9" additional-only="true" sort-key="A01F25/142" definition-exists="false" ipc-concordant="A01F25/14" c-set-base-allowed="false" c-set-subsequent-allowed="true" date-revised="2013-01-01" status="published"><classification-symbol>A01F2025/142</classification-symbol><class-title date-revised="2013-01-01"><title-part><CPC-specific-text><text>Machinery for making sausage-like groups of bales by wrapping or bagging </text><reference><text>for bagging of loose material <class-ref scheme="cpc">A01F2025/145</class-ref></text></reference></CPC-specific-text></title-part></class-title></classification-item>
<classification-item breakdown-code="true" not-allocatable="false" level="9" additional-only="true" sort-key="A01F25/145" definition-exists="false" ipc-concordant="A01F25/14" c-set-base-allowed="false" c-set-subsequent-allowed="true" date-revised="2013-01-01" status="published"><classification-symbol>A01F2025/145</classification-symbol><class-title date-revised="2013-01-01"><title-part><CPC-specific-text><text>Bagging machines for loose materials making some kind of &quot;sausage&quot; on the field </text><reference><text>making sausage-like groups of bales <class-ref scheme="cpc">A01F2025/142</class-ref></text></reference></CPC-specific-text></title-part></class-title></classification-item>
<classification-item breakdown-code="true" not-allocatable="false" level="9" additional-only="true" sort-key="A01F25/147" definition-exists="false" ipc-concordant="A01F25/14" c-set-base-allowed="false" c-set-subsequent-allowed="true" date-revised="2013-01-01" status="published"><classification-symbol>A01F2025/147</classification-symbol><class-title date-revised="2013-01-01"><title-part><CPC-specific-text><text>the containers are specially adapted for storing or drying the products in vacuum</text></CPC-specific-text></title-part></class-title></classification-item></classification-item>
<classification-item breakdown-code="false" not-allocatable="false" level="8" additional-only="false" sort-key="A01F25/16" definition-exists="true" ipc-concordant="A01F25/16" c-set-base-allowed="false" c-set-subsequent-allowed="true" date-revised="2013-01-01" status="published"><classification-symbol>A01F25/16</classification-symbol><class-title date-revised="2013-01-01"><title-part><text>Arrangements in forage silos</text></title-part></class-title>
<classification-item breakdown-code="false" not-allocatable="false" level="9" additional-only="false" sort-key="A01F25/163" definition-exists="false" ipc-concordant="A01F25/16" c-set-base-allowed="false" c-set-subsequent-allowed="true" date-revised="2013-01-01" status="published"><classification-symbol>A01F25/163</classification-symbol><class-title date-revised="2013-01-01"><title-part><CPC-specific-text><text>in tower silos</text></CPC-specific-text></title-part></class-title></classification-item>
<classification-item breakdown-code="false" not-allocatable="false" level="9" additional-only="false" sort-key="A01F25/166" definition-exists="true" ipc-concordant="A01F25/16" c-set-base-allowed="false" c-set-subsequent-allowed="true" date-revised="2013-01-01" status="published"><classification-symbol>A01F25/166</classification-symbol><class-title date-revised="2013-01-01"><title-part><CPC-specific-text><text>in trench silos</text></CPC-specific-text></title-part></class-title></classification-item>
<classification-item breakdown-code="false" not-allocatable="false" level="9" additional-only="false" sort-key="A01F25/18" definition-exists="false" ipc-concordant="A01F25/18" c-set-base-allowed="false" c-set-subsequent-allowed="true" date-revised="2013-01-01" status="published"><classification-symbol>A01F25/18</classification-symbol><class-title date-revised="2013-01-01"><title-part><text>Loading or distributing arrangements</text></title-part></class-title>
<classification-item breakdown-code="false" not-allocatable="false" level="10" additional-only="false" sort-key="A01F25/183" definition-exists="true" ipc-concordant="A01F25/18" c-set-base-allowed="false" c-set-subsequent-allowed="true" date-revised="2013-01-01" status="published"><classification-symbol>A01F25/183</classification-symbol><class-title date-revised="2013-01-01"><title-part><CPC-specific-text><text>Loading arrangements</text></CPC-specific-text></title-part></class-title></classification-item>
<classification-item breakdown-code="false" not-allocatable="false" level="10" additional-only="false" sort-key="A01F25/186" definition-exists="true" ipc-concordant="A01F25/18" c-set-base-allowed="false" c-set-subsequent-allowed="true" date-revised="2013-01-01" status="published"><classification-symbol>A01F25/186</classification-symbol><class-title date-revised="2013-01-01"><title-part><CPC-specific-text><text>Distributing arrangements </text><reference><text>for haystacks <class-ref scheme="cpc">A01F25/045</class-ref></text></reference></CPC-specific-text></title-part></class-title></classification-item></classification-item>
<classification-item breakdown-code="false" not-allocatable="false" level="9" additional-only="false" sort-key="A01F25/20" definition-exists="false" ipc-concordant="A01F25/20" c-set-base-allowed="false" c-set-subsequent-allowed="true" date-revised="2013-01-01" status="published"><classification-symbol>A01F25/20</classification-symbol><class-title date-revised="2013-01-01"><title-part><text>Unloading arrangements</text></title-part></class-title>
<classification-item breakdown-code="false" not-allocatable="false" level="10" additional-only="false" sort-key="A01F25/2009" definition-exists="false" ipc-concordant="A01F25/20" c-set-base-allowed="false" c-set-subsequent-allowed="true" date-revised="2013-01-01" status="published"><classification-symbol>A01F25/2009</classification-symbol><class-title date-revised="2013-01-01"><title-part><CPC-specific-text><text>Top unloading units for tower silos</text></CPC-specific-text></title-part></class-title></classification-item>
<classification-item breakdown-code="false" not-allocatable="false" level="10" additional-only="false" sort-key="A01F25/2018" definition-exists="false" ipc-concordant="A01F25/20" c-set-base-allowed="false" c-set-subsequent-allowed="true" date-revised="2013-01-01" status="published"><classification-symbol>A01F25/2018</classification-symbol><class-title date-revised="2013-01-01"><title-part><CPC-specific-text><text>Bottom unloading units for tower silos</text></CPC-specific-text></title-part></class-title></classification-item>
<classification-item breakdown-code="false" not-allocatable="false" level="10" additional-only="false" sort-key="A01F25/2027" definition-exists="true" ipc-concordant="A01F25/20" c-set-base-allowed="false" c-set-subsequent-allowed="true" date-revised="2013-01-01" status="published"><classification-symbol>A01F25/2027</classification-symbol><class-title date-revised="2013-01-01"><title-part><CPC-specific-text><text>for trench silos</text></CPC-specific-text></title-part></class-title>
<classification-item breakdown-code="false" not-allocatable="false" level="11" additional-only="false" sort-key="A01F25/2036" definition-exists="true" ipc-concordant="A01F25/20" c-set-base-allowed="false" c-set-subsequent-allowed="true" date-revised="2013-01-01" status="published"><classification-symbol>A01F25/2036</classification-symbol><class-title date-revised="2013-01-01"><title-part><CPC-specific-text><text>Cutting or handling arrangements for silage blocks</text></CPC-specific-text></title-part></class-title></classification-item>
<classification-item breakdown-code="true" not-allocatable="false" level="11" additional-only="true" sort-key="A01F25/2045" definition-exists="false" ipc-concordant="A01F25/20" c-set-base-allowed="false" c-set-subsequent-allowed="true" date-revised="2013-01-01" status="published"><classification-symbol>A01F2025/2045</classification-symbol><class-title date-revised="2013-01-01"><title-part><CPC-specific-text><text>Unloading arrangements including a conveyor belt for transferring the material to a hopper</text></CPC-specific-text></title-part></class-title></classification-item>
<classification-item breakdown-code="true" not-allocatable="false" level="11" additional-only="true" sort-key="A01F25/2054" definition-exists="false" ipc-concordant="A01F25/20" c-set-base-allowed="false" c-set-subsequent-allowed="true" date-revised="2013-01-01" status="published"><classification-symbol>A01F2025/2054</classification-symbol><class-title date-revised="2013-01-01"><title-part><CPC-specific-text><text>Machinery for cutting successive parallel layers of material in a trench silo </text><reference><text>for shredding <class-ref scheme="cpc">A01F2025/2063</class-ref></text></reference></CPC-specific-text></title-part></class-title></classification-item>
<classification-item breakdown-code="true" not-allocatable="false" level="11" additional-only="true" sort-key="A01F25/2063" definition-exists="false" ipc-concordant="A01F25/20" c-set-base-allowed="false" c-set-subsequent-allowed="true" date-revised="2013-01-01" status="published"><classification-symbol>A01F2025/2063</classification-symbol><class-title date-revised="2013-01-01"><title-part><CPC-specific-text><text>Machinery for shredding successive parallel layers of material in a trench silo</text></CPC-specific-text></title-part></class-title></classification-item>
<classification-item breakdown-code="true" not-allocatable="false" level="11" additional-only="true" sort-key="A01F25/2072" definition-exists="false" ipc-concordant="A01F25/20" c-set-base-allowed="false" c-set-subsequent-allowed="true" date-revised="2013-01-01" status="published"><classification-symbol>A01F2025/2072</classification-symbol><class-title date-revised="2013-01-01"><title-part><CPC-specific-text><text>Scoops with an extracting tool mounted inside or in the vicinity of said scoop</text></CPC-specific-text></title-part></class-title></classification-item>
<classification-item breakdown-code="true" not-allocatable="false" level="11" additional-only="true" sort-key="A01F25/2081" definition-exists="false" ipc-concordant="A01F25/20" c-set-base-allowed="false" c-set-subsequent-allowed="true" date-revised="2013-01-01" status="published"><classification-symbol>A01F2025/2081</classification-symbol><class-title date-revised="2013-01-01"><title-part><CPC-specific-text><text>Hydraulic features of the trench silos unloading devices, e.g. hydraulic circuits</text></CPC-specific-text></title-part></class-title></classification-item>
<classification-item breakdown-code="true" not-allocatable="false" level="11" additional-only="true" sort-key="A01F25/209" definition-exists="false" ipc-concordant="A01F25/20" c-set-base-allowed="false" c-set-subsequent-allowed="true" date-revised="2013-01-01" status="published"><classification-symbol>A01F2025/209</classification-symbol><class-title date-revised="2013-01-01"><title-part><CPC-specific-text><text>Manual portable tools for unloading a silo, e.g. for cutting out a block</text></CPC-specific-text></title-part></class-title></classification-item></classification-item></classification-item>
<classification-item breakdown-code="false" not-allocatable="false" level="9" additional-only="false" sort-key="A01F25/22" definition-exists="true" ipc-concordant="A01F25/22" c-set-base-allowed="false" c-set-subsequent-allowed="true" date-revised="2013-01-01" status="published"><classification-symbol>A01F25/22</classification-symbol><class-title date-revised="2013-01-01"><title-part><text>Ventilating arrangements</text></title-part></class-title></classification-item></classification-item></classification-item>
<classification-item breakdown-code="false" not-allocatable="false" level="7" additional-only="false" sort-key="A01F29/00" definition-exists="true" ipc-concordant="A01F29/00" c-set-base-allowed="false" c-set-subsequent-allowed="true" date-revised="2013-01-01" status="published"><classification-symbol>A01F29/00</classification-symbol><class-title date-revised="2013-01-01"><title-part><text>Cutting apparatus specially adapted for cutting hay, straw or the like </text><reference><text>mowers combined with means for cutting up the mown crop <class-ref scheme="cpc">A01D43/08</class-ref></text></reference></title-part></class-title>
<classification-item breakdown-code="false" not-allocatable="false" level="8" additional-only="false" sort-key="A01F29/005" definition-exists="true" ipc-concordant="A01F29/00" c-set-base-allowed="false" c-set-subsequent-allowed="true" date-revised="2013-01-01" status="published"><classification-symbol>A01F29/005</classification-symbol><class-title date-revised="2013-01-01"><title-part><CPC-specific-text><text>for disintegrating and cutting up bales of hay, straw or fodder </text><reference><text>for unrolling round bales <class-ref scheme="cpc">A01D87/127</class-ref></text></reference></CPC-specific-text></title-part></class-title></classification-item>
<classification-item breakdown-code="false" not-allocatable="false" level="8" additional-only="false" sort-key="A01F29/01" definition-exists="false" ipc-concordant="A01F29/01" c-set-base-allowed="false" c-set-subsequent-allowed="true" date-revised="2013-01-01" status="published"><classification-symbol>A01F29/01</classification-symbol><class-title date-revised="2013-01-01"><title-part><text>specially adapted for being mounted on or drawn by a tractor, e.g. field choppers</text></title-part></class-title></classification-item>
<classification-item breakdown-code="false" not-allocatable="false" level="8" additional-only="false" sort-key="A01F29/02" definition-exists="false" ipc-concordant="A01F29/02" c-set-base-allowed="false" c-set-subsequent-allowed="true" date-revised="2013-01-01" status="published"><classification-symbol>A01F29/02</classification-symbol><class-title date-revised="2013-01-01"><title-part><text>having rotating knives with their cutting edges in a plane perpendicular to their rotational axis</text></title-part></class-title>
<classification-item breakdown-code="false" not-allocatable="false" level="9" additional-only="false" sort-key="A01F29/025" definition-exists="false" ipc-concordant="A01F29/02" c-set-base-allowed="false" c-set-subsequent-allowed="true" date-revised="2013-01-01" status="published"><classification-symbol>A01F29/025</classification-symbol><class-title date-revised="2013-01-01"><title-part><CPC-specific-text><text>with feeding direction parallel to axis</text></CPC-specific-text></title-part></class-title></classification-item>
<classification-item breakdown-code="false" not-allocatable="false" level="9" additional-only="false" sort-key="A01F29/04" definition-exists="false" ipc-concordant="A01F29/04" c-set-base-allowed="false" c-set-subsequent-allowed="true" date-revised="2013-01-01" status="published"><classification-symbol>A01F29/04</classification-symbol><class-title date-revised="2013-01-01"><title-part><text>with feeding direction transverse to axis</text></title-part></class-title></classification-item></classification-item>
<classification-item breakdown-code="false" not-allocatable="false" level="8" additional-only="false" sort-key="A01F29/06" definition-exists="false" ipc-concordant="A01F29/06" c-set-base-allowed="false" c-set-subsequent-allowed="true" date-revised="2013-01-01" status="published"><classification-symbol>A01F29/06</classification-symbol><class-title date-revised="2013-01-01"><title-part><text>having rotating knives with their cutting edges on a cylinder surface, e.g. of the helical-type</text></title-part></class-title></classification-item>
<classification-item breakdown-code="false" not-allocatable="false" level="8" additional-only="false" sort-key="A01F29/08" definition-exists="false" ipc-concordant="A01F29/08" c-set-base-allowed="false" c-set-subsequent-allowed="true" date-revised="2013-01-01" status="published"><classification-symbol>A01F29/08</classification-symbol><class-title date-revised="2013-01-01"><title-part><text>having reciprocating knives</text></title-part></class-title></classification-item>
<classification-item breakdown-code="false" not-allocatable="false" level="8" additional-only="false" sort-key="A01F29/09" definition-exists="false" ipc-concordant="A01F29/09" c-set-base-allowed="false" c-set-subsequent-allowed="true" date-revised="2013-01-01" status="published"><classification-symbol>A01F29/09</classification-symbol><class-title date-revised="2013-01-01"><title-part><text>Details</text></title-part></class-title>
<classification-item breakdown-code="false" not-allocatable="false" level="9" additional-only="false" sort-key="A01F29/095" definition-exists="false" ipc-concordant="A01F29/09" c-set-base-allowed="false" c-set-subsequent-allowed="true" date-revised="2013-01-01" status="published"><classification-symbol>A01F29/095</classification-symbol><class-title date-revised="2013-01-01"><title-part><CPC-specific-text><text>Mounting or adjusting of knives</text></CPC-specific-text></title-part></class-title></classification-item>
<classification-item breakdown-code="false" not-allocatable="false" level="9" additional-only="false" sort-key="A01F29/10" definition-exists="false" ipc-concordant="A01F29/10" c-set-base-allowed="false" c-set-subsequent-allowed="true" date-revised="2013-01-01" status="published"><classification-symbol>A01F29/10</classification-symbol><class-title date-revised="2013-01-01"><title-part><text>Feeding devices</text></title-part></class-title></classification-item>
<classification-item breakdown-code="false" not-allocatable="false" level="9" additional-only="false" sort-key="A01F29/12" definition-exists="false" ipc-concordant="A01F29/12" c-set-base-allowed="false" c-set-subsequent-allowed="true" date-revised="2013-01-01" status="published"><classification-symbol>A01F29/12</classification-symbol><class-title date-revised="2013-01-01"><title-part><text>Discharge means </text><reference><text>loaders for hay or like field crop having blowers <class-ref scheme="cpc">A01D87/10</class-ref></text></reference></title-part></class-title></classification-item>
<classification-item breakdown-code="false" not-allocatable="false" level="9" additional-only="false" sort-key="A01F29/14" definition-exists="false" ipc-concordant="A01F29/14" c-set-base-allowed="false" c-set-subsequent-allowed="true" date-revised="2013-01-01" status="published"><classification-symbol>A01F29/14</classification-symbol><class-title date-revised="2013-01-01"><title-part><text>Drives</text></title-part></class-title></classification-item>
<classification-item breakdown-code="false" not-allocatable="false" level="9" additional-only="false" sort-key="A01F29/16" definition-exists="false" ipc-concordant="A01F29/16" c-set-base-allowed="false" c-set-subsequent-allowed="true" date-revised="2013-01-01" status="published"><classification-symbol>A01F29/16</classification-symbol><class-title date-revised="2013-01-01"><title-part><text>Safety devices, e.g. emergency brake arrangements</text></title-part></class-title>
<classification-item breakdown-code="false" not-allocatable="false" level="10" additional-only="false" sort-key="A01F29/18" definition-exists="false" ipc-concordant="A01F29/18" c-set-base-allowed="false" c-set-subsequent-allowed="true" date-revised="2013-01-01" status="published"><classification-symbol>A01F29/18</classification-symbol><class-title date-revised="2013-01-01"><title-part><text>for protecting human beings</text></title-part></class-title></classification-item></classification-item>
<classification-item breakdown-code="false" not-allocatable="false" level="9" additional-only="false" sort-key="A01F29/22" definition-exists="false" ipc-concordant="A01F29/22" c-set-base-allowed="false" c-set-subsequent-allowed="true" date-revised="2013-01-01" status="published"><classification-symbol>A01F29/22</classification-symbol><class-title date-revised="2013-01-01"><title-part><text>Arrangement of knife sharpening devices</text></title-part></class-title></classification-item></classification-item></classification-item></classification-item></classification-item></class-scheme>