<?xml version="1.0" encoding="UTF-8"?>
<class-scheme publication-date="2018-02-01" scheme-type="cpc" publication-type="official">
<classification-item breakdown-code="false" not-allocatable="true" level="5" additional-only="false" sort-key="D04G" definition-exists="true" date-revised="2013-01-01" status="published"><classification-symbol>D04G</classification-symbol><class-title date-revised="2013-01-01"><title-part><text>MAKING NETS BY KNOTTING OF FILAMENTARY MATERIAL</text></title-part><title-part><text>MAKING KNOTTED CARPETS OR TAPESTRIES</text></title-part><title-part><text>KNOTTING NOT OTHERWISE PROVIDED FOR </text><reference><text>binding knotters for harvesters <class-ref scheme="cpc">A01D59/04</class-ref>; wire netting <class-ref scheme="cpc">B21F</class-ref>; tying articles by knotting <class-ref scheme="cpc">B65B</class-ref>; knotting in association with winding or unwinding <class-ref scheme="cpc">B65H69/00</class-ref>; knotting in weaving <class-ref scheme="cpc">D03J</class-ref>; making nets, carpets, or tapestries by other techniques, <u>see</u> the relevant subclasses</text></reference></title-part></class-title>
<classification-item breakdown-code="false" not-allocatable="true" level="6" additional-only="false" sort-key="D04G1/00" date-revised="2013-01-01" status="published"><classification-symbol>D04G1/00</classification-symbol>
<classification-item breakdown-code="false" not-allocatable="false" level="7" additional-only="false" sort-key="D04G1/00" definition-exists="true" ipc-concordant="D04G1/00" c-set-base-allowed="false" c-set-subsequent-allowed="true" date-revised="2013-01-01" status="published"><classification-symbol>D04G1/00</classification-symbol><class-title date-revised="2013-01-01"><title-part><text>Making nets by knotting of filamentary material</text></title-part></class-title>
<classification-item breakdown-code="false" not-allocatable="false" level="8" additional-only="false" sort-key="D04G1/02" definition-exists="true" ipc-concordant="D04G1/02" c-set-base-allowed="false" c-set-subsequent-allowed="true" date-revised="2013-01-01" status="published"><classification-symbol>D04G1/02</classification-symbol><class-title date-revised="2013-01-01"><title-part><text>in machines</text></title-part></class-title>
<classification-item breakdown-code="false" not-allocatable="false" level="9" additional-only="false" sort-key="D04G1/04" definition-exists="true" ipc-concordant="D04G1/04" c-set-base-allowed="false" c-set-subsequent-allowed="true" date-revised="2013-01-01" status="published"><classification-symbol>D04G1/04</classification-symbol><class-title date-revised="2013-01-01"><title-part><text>using a single thread</text></title-part></class-title></classification-item>
<classification-item breakdown-code="false" not-allocatable="false" level="9" additional-only="false" sort-key="D04G1/06" definition-exists="true" ipc-concordant="D04G1/06" c-set-base-allowed="false" c-set-subsequent-allowed="true" date-revised="2013-01-01" status="published"><classification-symbol>D04G1/06</classification-symbol><class-title date-revised="2013-01-01"><title-part><text>using a single thread and a series of threads</text></title-part></class-title></classification-item>
<classification-item breakdown-code="false" not-allocatable="false" level="9" additional-only="false" sort-key="D04G1/08" definition-exists="true" ipc-concordant="D04G1/08" c-set-base-allowed="false" c-set-subsequent-allowed="true" date-revised="2013-01-01" status="published"><classification-symbol>D04G1/08</classification-symbol><class-title date-revised="2013-01-01"><title-part><text>using two series of threads</text></title-part></class-title></classification-item></classification-item></classification-item>
<classification-item breakdown-code="false" not-allocatable="false" level="7" additional-only="false" sort-key="D04G3/00" definition-exists="true" ipc-concordant="D04G3/00" c-set-base-allowed="false" c-set-subsequent-allowed="true" date-revised="2013-01-01" status="published"><classification-symbol>D04G3/00</classification-symbol><class-title date-revised="2013-01-01"><title-part><text>Making knotted carpets or tapestries</text></title-part></class-title>
<classification-item breakdown-code="false" not-allocatable="false" level="8" additional-only="false" sort-key="D04G3/02" definition-exists="true" ipc-concordant="D04G3/02" c-set-base-allowed="false" c-set-subsequent-allowed="true" date-revised="2013-01-01" status="published"><classification-symbol>D04G3/02</classification-symbol><class-title date-revised="2013-01-01"><title-part><text>by hand</text></title-part><title-part><text>Tools therefor</text></title-part></class-title></classification-item>
<classification-item breakdown-code="false" not-allocatable="false" level="8" additional-only="false" sort-key="D04G3/04" definition-exists="true" ipc-concordant="D04G3/04" c-set-base-allowed="false" c-set-subsequent-allowed="true" date-revised="2013-01-01" status="published"><classification-symbol>D04G3/04</classification-symbol><class-title date-revised="2013-01-01"><title-part><text>in machines</text></title-part></class-title></classification-item></classification-item>
<classification-item breakdown-code="false" not-allocatable="false" level="7" additional-only="false" sort-key="D04G5/00" definition-exists="true" ipc-concordant="D04G5/00" c-set-base-allowed="false" c-set-subsequent-allowed="true" date-revised="2013-01-01" status="published"><classification-symbol>D04G5/00</classification-symbol><class-title date-revised="2013-01-01"><title-part><text>Other knotting</text></title-part></class-title></classification-item></classification-item></classification-item></class-scheme>