<?xml version="1.0" encoding="UTF-8"?>
<class-scheme publication-date="2018-02-01" scheme-type="cpc" publication-type="official">
<classification-item breakdown-code="false" not-allocatable="true" level="5" additional-only="false" sort-key="B27M" definition-exists="false" date-revised="2016-05-01" status="published"><classification-symbol>B27M</classification-symbol><class-title date-revised="2013-01-01"><title-part><text>WORKING OF WOOD NOT PROVIDED FOR IN SUBCLASSES <class-ref scheme="cpc">B27B</class-ref>&#160;-&#160;<class-ref scheme="cpc">B27L</class-ref></text></title-part><title-part><text>MANUFACTURE OF SPECIFIC WOODEN ARTICLES</text></title-part></class-title>
<classification-item breakdown-code="false" not-allocatable="true" level="6" additional-only="false" sort-key="B27M1/00" date-revised="2013-01-01" status="published"><classification-symbol>B27M1/00</classification-symbol>
<classification-item breakdown-code="false" not-allocatable="false" level="7" additional-only="false" sort-key="B27M1/00" definition-exists="true" ipc-concordant="B27M1/00" c-set-base-allowed="false" c-set-subsequent-allowed="true" date-revised="2016-05-01" status="published"><classification-symbol>B27M1/00</classification-symbol><class-title date-revised="2016-05-01"><title-part><text>Working of wood not provided for in subclasses <class-ref scheme="cpc">B27B</class-ref>&#160;-&#160;<class-ref scheme="cpc">B27L</class-ref>, e.g. by stretching</text></title-part></class-title>
<classification-item breakdown-code="false" not-allocatable="false" level="8" additional-only="false" sort-key="B27M1/003" definition-exists="true" ipc-concordant="B27M1/00" c-set-base-allowed="false" c-set-subsequent-allowed="true" date-revised="2013-01-01" status="published"><classification-symbol>B27M1/003</classification-symbol><class-title date-revised="2013-01-01"><title-part><CPC-specific-text><text>Mechanical surface treatment</text></CPC-specific-text></title-part></class-title>
<classification-item breakdown-code="false" not-allocatable="false" level="9" additional-only="false" sort-key="B27M1/006" definition-exists="true" ipc-concordant="B27M1/00" c-set-base-allowed="false" c-set-subsequent-allowed="true" date-revised="2013-01-01" status="published"><classification-symbol>B27M1/006</classification-symbol><class-title date-revised="2013-01-01"><title-part><CPC-specific-text><text>for preparation of impregnation by deep incising</text></CPC-specific-text></title-part></class-title></classification-item></classification-item>
<classification-item breakdown-code="false" not-allocatable="false" level="8" additional-only="false" sort-key="B27M1/02" definition-exists="true" ipc-concordant="B27M1/02" c-set-base-allowed="false" c-set-subsequent-allowed="true" date-revised="2013-01-01" status="published"><classification-symbol>B27M1/02</classification-symbol><class-title date-revised="2013-01-01"><title-part><text>by compressing</text></title-part></class-title></classification-item>
<classification-item breakdown-code="false" not-allocatable="false" level="8" additional-only="false" sort-key="B27M1/04" definition-exists="true" ipc-concordant="B27M1/04" c-set-base-allowed="false" c-set-subsequent-allowed="true" date-revised="2013-01-01" status="published"><classification-symbol>B27M1/04</classification-symbol><class-title date-revised="2013-01-01"><title-part><text>by punching out</text></title-part></class-title></classification-item>
<classification-item breakdown-code="false" not-allocatable="false" level="8" additional-only="false" sort-key="B27M1/06" definition-exists="true" ipc-concordant="B27M1/06" c-set-base-allowed="false" c-set-subsequent-allowed="true" date-revised="2017-08-01" status="published"><classification-symbol>B27M1/06</classification-symbol><class-title date-revised="2017-08-01"><title-part><text>by burning or charring, e.g. cutting with hot wire </text><reference><text>as surface treatment <class-ref scheme="cpc">B44B</class-ref> </text><CPC-specific-text><text>; cutting synthetic materials with heated tools <class-ref scheme="cpc">B26F3/06</class-ref>&#160;-&#160;<class-ref scheme="cpc">B26F3/12</class-ref></text></CPC-specific-text></reference></title-part></class-title></classification-item>
<classification-item breakdown-code="false" not-allocatable="false" level="8" additional-only="false" sort-key="B27M1/08" definition-exists="true" ipc-concordant="B27M1/08" c-set-base-allowed="false" c-set-subsequent-allowed="true" date-revised="2013-01-01" status="published"><classification-symbol>B27M1/08</classification-symbol><class-title date-revised="2013-01-01"><title-part><text>by multi-step processes</text></title-part></class-title></classification-item></classification-item>
<classification-item breakdown-code="false" not-allocatable="false" level="7" additional-only="false" sort-key="B27M3/00" definition-exists="true" ipc-concordant="B27M3/00" c-set-base-allowed="false" c-set-subsequent-allowed="true" date-revised="2017-08-01" status="published"><classification-symbol>B27M3/00</classification-symbol><class-title date-revised="2017-08-01"><title-part><text>Manufacture or reconditioning of specific semi-finished or finished articles </text><reference><text>features of copying devices <class-ref scheme="cpc">B23Q</class-ref>; manufacture of plywood or veneer, shaping plywood or veneer into articles <class-ref scheme="cpc">B27D</class-ref>; of central layers for plywood <class-ref scheme="cpc">B27D1/06</class-ref>; nailing or stapling machines in general <class-ref scheme="cpc">B27F7/00</class-ref>; of elements for cooperage or wheel making <class-ref scheme="cpc">B27H</class-ref> </text><CPC-specific-text><text>; presses therefor <class-ref scheme="cpc">B27D3/00</class-ref></text></CPC-specific-text></reference></title-part></class-title>
<classification-item breakdown-code="false" not-allocatable="false" level="8" additional-only="false" sort-key="B27M3/0006" definition-exists="false" ipc-concordant="B27M3/00" c-set-base-allowed="false" c-set-subsequent-allowed="true" date-revised="2013-01-01" status="published"><classification-symbol>B27M3/0006</classification-symbol><class-title date-revised="2013-01-01"><title-part><CPC-specific-text><text>Devices for fixing fittings into holes</text></CPC-specific-text></title-part></class-title></classification-item>
<classification-item breakdown-code="false" not-allocatable="false" level="8" additional-only="false" sort-key="B27M3/0013" definition-exists="true" ipc-concordant="B27M3/00" c-set-base-allowed="false" c-set-subsequent-allowed="true" date-revised="2013-01-01" status="published"><classification-symbol>B27M3/0013</classification-symbol><class-title date-revised="2013-01-01"><title-part><CPC-specific-text><text>of composite or compound articles </text><reference><text>working veneer or plywood <class-ref scheme="cpc">B27D</class-ref></text></reference></CPC-specific-text></title-part></class-title>
<classification-item breakdown-code="false" not-allocatable="false" level="9" additional-only="false" sort-key="B27M3/002" definition-exists="false" ipc-concordant="B27M3/00" c-set-base-allowed="false" c-set-subsequent-allowed="true" date-revised="2013-01-01" status="published"><classification-symbol>B27M3/002</classification-symbol><class-title date-revised="2013-01-01"><title-part><CPC-specific-text><text>characterised by oblong elements connected at their ends </text><reference><text><class-ref scheme="cpc">B27M3/006</class-ref> takes precedence</text></reference></CPC-specific-text></title-part></class-title></classification-item>
<classification-item breakdown-code="false" not-allocatable="false" level="9" additional-only="false" sort-key="B27M3/0026" definition-exists="false" ipc-concordant="B27M3/00" c-set-base-allowed="false" c-set-subsequent-allowed="true" date-revised="2013-01-01" status="published"><classification-symbol>B27M3/0026</classification-symbol><class-title date-revised="2013-01-01"><title-part><CPC-specific-text><text>characterised by oblong elements connected laterally </text><reference><text><class-ref scheme="cpc">B27M3/006</class-ref> takes precedence; making fencing or the like comprising bars connected by wires <class-ref scheme="cpc">B21F29/02</class-ref>; cane or similar material joined by strand or wire twisting <class-ref scheme="cpc">B27J1/006</class-ref></text></reference></CPC-specific-text></title-part></class-title>
<classification-item breakdown-code="false" not-allocatable="false" level="10" additional-only="false" sort-key="B27M3/0033" definition-exists="false" ipc-concordant="B27M3/00" c-set-base-allowed="false" c-set-subsequent-allowed="true" date-revised="2013-01-01" status="published"><classification-symbol>B27M3/0033</classification-symbol><class-title date-revised="2013-01-01"><title-part><CPC-specific-text><text>by a plurality of clamps each used with similar articles and each functionning similarly but time-delayed</text></CPC-specific-text></title-part></class-title></classification-item>
<classification-item breakdown-code="false" not-allocatable="false" level="10" additional-only="false" sort-key="B27M3/004" definition-exists="false" ipc-concordant="B27M3/00" c-set-base-allowed="false" c-set-subsequent-allowed="true" date-revised="2013-01-01" status="published"><classification-symbol>B27M3/004</classification-symbol><class-title date-revised="2013-01-01"><title-part><CPC-specific-text><text>by nails, staples or screws</text></CPC-specific-text></title-part></class-title></classification-item>
<classification-item breakdown-code="false" not-allocatable="false" level="10" additional-only="false" sort-key="B27M3/0046" definition-exists="false" ipc-concordant="B27M3/00" c-set-base-allowed="false" c-set-subsequent-allowed="true" date-revised="2013-01-01" status="published"><classification-symbol>B27M3/0046</classification-symbol><class-title date-revised="2013-01-01"><title-part><CPC-specific-text><text>by rods or tie wires</text></CPC-specific-text></title-part></class-title></classification-item>
<classification-item breakdown-code="false" not-allocatable="false" level="10" additional-only="false" sort-key="B27M3/0053" definition-exists="false" ipc-concordant="B27M3/00" c-set-base-allowed="false" c-set-subsequent-allowed="true" date-revised="2013-01-01" status="published"><classification-symbol>B27M3/0053</classification-symbol><class-title date-revised="2013-01-01"><title-part><CPC-specific-text><text>using glue</text></CPC-specific-text></title-part></class-title></classification-item></classification-item>
<classification-item breakdown-code="false" not-allocatable="false" level="9" additional-only="false" sort-key="B27M3/006" definition-exists="false" ipc-concordant="B27M3/00" c-set-base-allowed="false" c-set-subsequent-allowed="true" date-revised="2013-01-01" status="published"><classification-symbol>B27M3/006</classification-symbol><class-title date-revised="2013-01-01"><title-part><CPC-specific-text><text>characterised by oblong elements connected both laterally and at their ends</text></CPC-specific-text></title-part></class-title></classification-item>
<classification-item breakdown-code="false" not-allocatable="false" level="9" additional-only="false" sort-key="B27M3/0066" definition-exists="false" ipc-concordant="B27M3/00" c-set-base-allowed="false" c-set-subsequent-allowed="true" date-revised="2013-01-01" status="published"><classification-symbol>B27M3/0066</classification-symbol><class-title date-revised="2013-01-01"><title-part><CPC-specific-text><text>characterised by tongue and groove or tap hole connections</text></CPC-specific-text></title-part></class-title></classification-item>
<classification-item breakdown-code="false" not-allocatable="false" level="9" additional-only="false" sort-key="B27M3/0073" definition-exists="false" ipc-concordant="B27M3/00" c-set-base-allowed="false" c-set-subsequent-allowed="true" date-revised="2013-01-01" status="published"><classification-symbol>B27M3/0073</classification-symbol><class-title date-revised="2013-01-01"><title-part><CPC-specific-text><text>characterised by nailing, stapling or screwing connections</text></CPC-specific-text></title-part></class-title></classification-item>
<classification-item breakdown-code="false" not-allocatable="false" level="9" additional-only="false" sort-key="B27M3/008" definition-exists="false" ipc-concordant="B27M3/00" c-set-base-allowed="false" c-set-subsequent-allowed="true" date-revised="2013-01-01" status="published"><classification-symbol>B27M3/008</classification-symbol><class-title date-revised="2013-01-01"><title-part><CPC-specific-text><text>characterised by bar or grill connections</text></CPC-specific-text></title-part></class-title></classification-item>
<classification-item breakdown-code="false" not-allocatable="false" level="9" additional-only="false" sort-key="B27M3/0086" definition-exists="false" ipc-concordant="B27M3/00" c-set-base-allowed="false" c-set-subsequent-allowed="true" date-revised="2013-01-01" status="published"><classification-symbol>B27M3/0086</classification-symbol><class-title date-revised="2013-01-01"><title-part><CPC-specific-text><text>characterised by connecting using glue</text></CPC-specific-text></title-part></class-title></classification-item></classification-item>
<classification-item breakdown-code="false" not-allocatable="false" level="8" additional-only="false" sort-key="B27M3/0093" definition-exists="false" ipc-concordant="B27M3/00" c-set-base-allowed="false" c-set-subsequent-allowed="true" date-revised="2013-01-01" status="published"><classification-symbol>B27M3/0093</classification-symbol><class-title date-revised="2013-01-01"><title-part><CPC-specific-text><text>of raised panels, i.e. panels having a profiled surface</text></CPC-specific-text></title-part></class-title></classification-item>
<classification-item breakdown-code="false" not-allocatable="false" level="8" additional-only="false" sort-key="B27M3/02" definition-exists="false" ipc-concordant="B27M3/02" c-set-base-allowed="false" c-set-subsequent-allowed="true" date-revised="2013-01-01" status="published"><classification-symbol>B27M3/02</classification-symbol><class-title date-revised="2013-01-01"><title-part><text>of roofing elements, e.g. shingles</text></title-part></class-title></classification-item>
<classification-item breakdown-code="false" not-allocatable="false" level="8" additional-only="false" sort-key="B27M3/04" definition-exists="false" ipc-concordant="B27M3/04" c-set-base-allowed="false" c-set-subsequent-allowed="true" date-revised="2013-01-01" status="published"><classification-symbol>B27M3/04</classification-symbol><class-title date-revised="2013-01-01"><title-part><text>of flooring elements, e.g. parqueting blocks </text><reference><text>assembling wooden elements on backings of other substances <class-ref scheme="cpc">B32B</class-ref>, </text><CPC-specific-text><text>e.g. <class-ref scheme="cpc">B32B21/042</class-ref>, <class-ref scheme="cpc">E04F15/16</class-ref>; furniture joints <class-ref scheme="cpc">F16B12/00</class-ref></text></CPC-specific-text></reference></title-part></class-title>
<classification-item breakdown-code="false" not-allocatable="false" level="9" additional-only="false" sort-key="B27M3/06" definition-exists="false" ipc-concordant="B27M3/06" c-set-base-allowed="false" c-set-subsequent-allowed="true" date-revised="2013-01-01" status="published"><classification-symbol>B27M3/06</classification-symbol><class-title date-revised="2013-01-01"><title-part><text>of composite floor plates <u>per se</u> by assembling or jointing the parqueting blocks</text></title-part></class-title></classification-item></classification-item>
<classification-item breakdown-code="false" not-allocatable="false" level="8" additional-only="false" sort-key="B27M3/08" definition-exists="false" ipc-concordant="B27M3/08" c-set-base-allowed="false" c-set-subsequent-allowed="true" date-revised="2013-01-01" status="published"><classification-symbol>B27M3/08</classification-symbol><class-title date-revised="2013-01-01"><title-part><text>of specially shaped wood laths or strips </text><CPC-specific-text><reference><text>covering of mouldings with veneer <class-ref scheme="cpc">B27D1/08</class-ref></text></reference></CPC-specific-text></title-part></class-title></classification-item>
<classification-item breakdown-code="false" not-allocatable="false" level="8" additional-only="false" sort-key="B27M3/10" definition-exists="false" ipc-concordant="B27M3/10" c-set-base-allowed="false" c-set-subsequent-allowed="true" date-revised="2013-01-01" status="published"><classification-symbol>B27M3/10</classification-symbol><class-title date-revised="2013-01-01"><title-part><text>of airscrew blades </text><CPC-specific-text><reference><text>milling of propeller blades <class-ref scheme="cpc">B23C3/16</class-ref></text></reference></CPC-specific-text></title-part></class-title></classification-item>
<classification-item breakdown-code="false" not-allocatable="false" level="8" additional-only="false" sort-key="B27M3/12" definition-exists="false" ipc-concordant="B27M3/12" c-set-base-allowed="false" c-set-subsequent-allowed="true" date-revised="2013-01-01" status="published"><classification-symbol>B27M3/12</classification-symbol><class-title date-revised="2013-01-01"><title-part><text>of railings, stairs, stair stringers, ladders, or parts thereof</text></title-part></class-title></classification-item>
<classification-item breakdown-code="false" not-allocatable="false" level="8" additional-only="false" sort-key="B27M3/14" definition-exists="false" ipc-concordant="B27M3/14" c-set-base-allowed="false" c-set-subsequent-allowed="true" date-revised="2013-01-01" status="published"><classification-symbol>B27M3/14</classification-symbol><class-title date-revised="2013-01-01"><title-part><text>of railroad sleepers</text></title-part></class-title></classification-item>
<classification-item breakdown-code="false" not-allocatable="false" level="8" additional-only="false" sort-key="B27M3/16" definition-exists="false" ipc-concordant="B27M3/16" c-set-base-allowed="false" c-set-subsequent-allowed="true" date-revised="2013-01-01" status="published"><classification-symbol>B27M3/16</classification-symbol><class-title date-revised="2013-01-01"><title-part><text>of tool handles or tools, e.g. mallets</text></title-part></class-title></classification-item>
<classification-item breakdown-code="false" not-allocatable="false" level="8" additional-only="false" sort-key="B27M3/18" definition-exists="true" ipc-concordant="B27M3/18" c-set-base-allowed="false" c-set-subsequent-allowed="true" date-revised="2013-01-01" status="published"><classification-symbol>B27M3/18</classification-symbol><class-title date-revised="2013-01-01"><title-part><text>of furniture </text><CPC-specific-text><text>or of doors </text><reference><text><class-ref scheme="cpc">B27D5/003</class-ref> takes precedence</text></reference></CPC-specific-text></title-part></class-title></classification-item>
<classification-item breakdown-code="false" not-allocatable="false" level="8" additional-only="false" sort-key="B27M3/20" definition-exists="false" ipc-concordant="B27M3/20" c-set-base-allowed="false" c-set-subsequent-allowed="true" date-revised="2017-01-01" status="published"><classification-symbol>B27M3/20</classification-symbol><class-title date-revised="2017-01-01"><title-part><text>of lasts</text></title-part><title-part><text>of shoes, e.g. sabots</text></title-part><title-part><text>of parts of shoes, e.g. heels</text></title-part></class-title></classification-item>
<classification-item breakdown-code="false" not-allocatable="false" level="8" additional-only="false" sort-key="B27M3/22" definition-exists="false" ipc-concordant="B27M3/22" c-set-base-allowed="false" c-set-subsequent-allowed="true" date-revised="2013-01-01" status="published"><classification-symbol>B27M3/22</classification-symbol><class-title date-revised="2013-01-01"><title-part><text>of sport articles, e.g. bowling pins, frames of tennis rackets, skis, paddles</text></title-part></class-title></classification-item>
<classification-item breakdown-code="false" not-allocatable="false" level="8" additional-only="false" sort-key="B27M3/24" definition-exists="false" ipc-concordant="B27M3/24" c-set-base-allowed="false" c-set-subsequent-allowed="true" date-revised="2013-01-01" status="published"><classification-symbol>B27M3/24</classification-symbol><class-title date-revised="2013-01-01"><title-part><text>of household utensils, e.g. spoons, clothes hangers, clothes pegs</text></title-part></class-title></classification-item>
<classification-item breakdown-code="false" not-allocatable="false" level="8" additional-only="false" sort-key="B27M3/26" definition-exists="false" ipc-concordant="B27M3/26" c-set-base-allowed="false" c-set-subsequent-allowed="true" date-revised="2013-01-01" status="published"><classification-symbol>B27M3/26</classification-symbol><class-title date-revised="2013-01-01"><title-part><text>of smokers utensils, e.g. pipes</text></title-part></class-title></classification-item>
<classification-item breakdown-code="false" not-allocatable="false" level="8" additional-only="false" sort-key="B27M3/28" definition-exists="false" ipc-concordant="B27M3/28" c-set-base-allowed="false" c-set-subsequent-allowed="true" date-revised="2013-01-01" status="published"><classification-symbol>B27M3/28</classification-symbol><class-title date-revised="2013-01-01"><title-part><text>of dowels or bolts </text><CPC-specific-text><reference><text>wood screws <class-ref scheme="cpc">B23G</class-ref></text></reference></CPC-specific-text></title-part></class-title></classification-item>
<classification-item breakdown-code="false" not-allocatable="false" level="8" additional-only="false" sort-key="B27M3/30" definition-exists="false" ipc-concordant="B27M3/30" c-set-base-allowed="false" c-set-subsequent-allowed="true" date-revised="2013-01-01" status="published"><classification-symbol>B27M3/30</classification-symbol><class-title date-revised="2013-01-01"><title-part><text>of bobbins</text></title-part></class-title></classification-item>
<classification-item breakdown-code="false" not-allocatable="false" level="8" additional-only="false" sort-key="B27M3/32" definition-exists="false" ipc-concordant="B27M3/32" c-set-base-allowed="false" c-set-subsequent-allowed="true" date-revised="2013-01-01" status="published"><classification-symbol>B27M3/32</classification-symbol><class-title date-revised="2013-01-01"><title-part><text>of tapered poles, e.g. mine props</text></title-part></class-title></classification-item>
<classification-item breakdown-code="false" not-allocatable="false" level="8" additional-only="false" sort-key="B27M3/34" definition-exists="false" ipc-concordant="B27M3/34" c-set-base-allowed="false" c-set-subsequent-allowed="true" date-revised="2018-01-01" status="published"><classification-symbol>B27M3/34</classification-symbol><class-title date-revised="2018-01-01"><title-part><text>of cases, trunks, or boxes, of wood or equivalent material which cannot satisfactorily be bent without softening </text><reference><text>nailing or stapling in general <class-ref scheme="cpc">B25C</class-ref>, <class-ref scheme="cpc">B27F</class-ref>; of cardboard, paper, or similarly workable material <class-ref scheme="cpc">B31B</class-ref> </text></reference><CPC-specific-text><text>; Manufacture of cleats therefor </text><reference><text>manufacture of tubes, coops or barrels <class-ref scheme="cpc">B27D1/00</class-ref>, <class-ref scheme="cpc">B27D1/08</class-ref>; by folding grooved panels <class-ref scheme="cpc">B27G5/00</class-ref></text></reference></CPC-specific-text></title-part></class-title>
<classification-item breakdown-code="false" not-allocatable="false" level="9" additional-only="false" sort-key="B27M3/36" definition-exists="false" ipc-concordant="B27M3/36" c-set-base-allowed="false" c-set-subsequent-allowed="true" date-revised="2017-01-01" status="published"><classification-symbol>B27M3/36</classification-symbol><class-title date-revised="2017-01-01"><title-part><text>Machines or devices for attaching blanks together, e.g. for making wire-bound boxes </text><CPC-specific-text><reference><text>manufacture of wire-bound wooden tubes <class-ref scheme="cpc">B27H5/02</class-ref></text></reference></CPC-specific-text></title-part></class-title></classification-item></classification-item>
<classification-item breakdown-code="false" not-allocatable="false" level="8" additional-only="false" sort-key="B27M3/38" definition-exists="false" ipc-concordant="B27M3/38" c-set-base-allowed="false" c-set-subsequent-allowed="true" date-revised="2013-01-01" status="published"><classification-symbol>B27M3/38</classification-symbol><class-title date-revised="2013-01-01"><title-part><text>of walking sticks or of sticks for umbrellas</text></title-part></class-title></classification-item></classification-item></classification-item></classification-item></class-scheme>