<?xml version="1.0" encoding="UTF-8"?>
<class-scheme publication-date="2018-02-01" scheme-type="cpc" publication-type="official">
<classification-item breakdown-code="false" not-allocatable="true" level="5" additional-only="false" sort-key="B42C" definition-exists="true" date-revised="2013-01-01" status="published"><classification-symbol>B42C</classification-symbol><class-title date-revised="2013-01-01"><title-part><text>BOOKBINDING </text><reference><text>cutting or perforating machines, devices or tools <class-ref scheme="cpc">B26</class-ref>; folding sheets or webs <class-ref scheme="cpc">B31F</class-ref>; ornamenting books <class-ref scheme="cpc">B44</class-ref></text></reference></title-part></class-title>
<classification-item breakdown-code="false" not-allocatable="true" level="6" additional-only="false" sort-key="B42C1/00" date-revised="2013-01-01" status="published"><classification-symbol>B42C1/00</classification-symbol>
<classification-item breakdown-code="false" not-allocatable="false" level="7" additional-only="false" sort-key="B42C1/00" definition-exists="true" ipc-concordant="B42C1/00" c-set-base-allowed="false" c-set-subsequent-allowed="true" date-revised="2013-01-01" status="published"><classification-symbol>B42C1/00</classification-symbol><class-title date-revised="2013-01-01"><title-part><text>Collating or gathering sheets combined with processes for permanently attaching together sheets or signatures or for interposing inserts </text><reference><text>collating or gathering sheets or signatures without permanently attaching them together <class-ref scheme="cpc">B65H39/00</class-ref></text></reference></title-part></class-title>
<classification-item breakdown-code="false" not-allocatable="false" level="8" additional-only="false" sort-key="B42C1/10" definition-exists="false" ipc-concordant="B42C1/10" c-set-base-allowed="false" c-set-subsequent-allowed="true" date-revised="2013-01-01" status="published"><classification-symbol>B42C1/10</classification-symbol><class-title date-revised="2013-01-01"><title-part><text>Machines for both collating or gathering and interposing inserts</text></title-part></class-title></classification-item>
<classification-item breakdown-code="false" not-allocatable="false" level="8" additional-only="false" sort-key="B42C1/12" definition-exists="false" ipc-concordant="B42C1/12" c-set-base-allowed="false" c-set-subsequent-allowed="true" date-revised="2013-01-01" status="published"><classification-symbol>B42C1/12</classification-symbol><class-title date-revised="2013-01-01"><title-part><text>Machines for both collating or gathering and permanently attaching together the sheets or signatures</text></title-part></class-title>
<classification-item breakdown-code="false" not-allocatable="false" level="9" additional-only="false" sort-key="B42C1/125" definition-exists="false" ipc-concordant="B42C1/12" c-set-base-allowed="false" c-set-subsequent-allowed="true" date-revised="2013-01-01" status="published"><classification-symbol>B42C1/125</classification-symbol><class-title date-revised="2013-01-01"><title-part><CPC-specific-text><text>Sheet sorters combined with binding devices</text></CPC-specific-text></title-part></class-title></classification-item></classification-item></classification-item>
<classification-item breakdown-code="false" not-allocatable="false" level="7" additional-only="false" sort-key="B42C3/00" definition-exists="true" ipc-concordant="B42C3/00" c-set-base-allowed="false" c-set-subsequent-allowed="true" date-revised="2013-01-01" status="published"><classification-symbol>B42C3/00</classification-symbol><class-title date-revised="2013-01-01"><title-part><text>Making booklets, pads, or form sets from multiple webs</text></title-part></class-title></classification-item>
<classification-item breakdown-code="false" not-allocatable="false" level="7" additional-only="false" sort-key="B42C5/00" definition-exists="true" ipc-concordant="B42C5/00" c-set-base-allowed="false" c-set-subsequent-allowed="true" date-revised="2013-01-01" status="published"><classification-symbol>B42C5/00</classification-symbol><class-title date-revised="2013-01-01"><title-part><text>Preparing the edges or backs of leaves or signatures for binding</text></title-part></class-title>
<classification-item breakdown-code="false" not-allocatable="false" level="8" additional-only="false" sort-key="B42C5/02" definition-exists="false" ipc-concordant="B42C5/02" c-set-base-allowed="false" c-set-subsequent-allowed="true" date-revised="2013-01-01" status="published"><classification-symbol>B42C5/02</classification-symbol><class-title date-revised="2013-01-01"><title-part><text>by rounding or backing</text></title-part></class-title></classification-item>
<classification-item breakdown-code="false" not-allocatable="false" level="8" additional-only="false" sort-key="B42C5/04" definition-exists="false" ipc-concordant="B42C5/04" c-set-base-allowed="false" c-set-subsequent-allowed="true" date-revised="2013-01-01" status="published"><classification-symbol>B42C5/04</classification-symbol><class-title date-revised="2013-01-01"><title-part><text>by notching or roughening</text></title-part></class-title></classification-item>
<classification-item breakdown-code="false" not-allocatable="false" level="8" additional-only="false" sort-key="B42C5/06" definition-exists="false" ipc-concordant="B42C5/06" c-set-base-allowed="false" c-set-subsequent-allowed="true" date-revised="2013-01-01" status="published"><classification-symbol>B42C5/06</classification-symbol><class-title date-revised="2013-01-01"><title-part><text>by fanning</text></title-part></class-title></classification-item></classification-item>
<classification-item breakdown-code="false" not-allocatable="false" level="7" additional-only="false" sort-key="B42C7/00" definition-exists="true" ipc-concordant="B42C7/00" c-set-base-allowed="false" c-set-subsequent-allowed="true" date-revised="2013-01-01" status="published"><classification-symbol>B42C7/00</classification-symbol><class-title date-revised="2013-01-01"><title-part><text>Manufacturing bookbinding cases or covers of </text><CPC-specific-text><text>books or</text></CPC-specific-text><text> loose-leaf binders </text><reference><text>book covers <class-ref scheme="cpc">B42D3/00</class-ref></text></reference></title-part></class-title>
<classification-item breakdown-code="false" not-allocatable="false" level="8" additional-only="false" sort-key="B42C7/001" definition-exists="false" ipc-concordant="B42C7/00" c-set-base-allowed="false" c-set-subsequent-allowed="true" date-revised="2013-01-01" status="published"><classification-symbol>B42C7/001</classification-symbol><class-title date-revised="2013-01-01"><title-part><CPC-specific-text><text>Manufacturing suspended files</text></CPC-specific-text></title-part></class-title></classification-item>
<classification-item breakdown-code="false" not-allocatable="false" level="8" additional-only="false" sort-key="B42C7/002" definition-exists="false" ipc-concordant="B42C7/00" c-set-base-allowed="false" c-set-subsequent-allowed="true" date-revised="2013-01-01" status="published"><classification-symbol>B42C7/002</classification-symbol><class-title date-revised="2013-01-01"><title-part><CPC-specific-text><text>Manufacturing loose-leaf binders, folders</text></CPC-specific-text></title-part></class-title>
<classification-item breakdown-code="false" not-allocatable="false" level="9" additional-only="false" sort-key="B42C7/003" definition-exists="false" ipc-concordant="B42C7/00" c-set-base-allowed="false" c-set-subsequent-allowed="true" date-revised="2013-01-01" status="published"><classification-symbol>B42C7/003</classification-symbol><class-title date-revised="2013-01-01"><title-part><CPC-specific-text><text>Attaching fasteners</text></CPC-specific-text></title-part></class-title></classification-item></classification-item>
<classification-item breakdown-code="false" not-allocatable="false" level="8" additional-only="false" sort-key="B42C7/004" definition-exists="false" ipc-concordant="B42C7/00" c-set-base-allowed="false" c-set-subsequent-allowed="true" date-revised="2013-01-01" status="published"><classification-symbol>B42C7/004</classification-symbol><class-title date-revised="2013-01-01"><title-part><CPC-specific-text><text>Rounding the back of covers</text></CPC-specific-text></title-part></class-title></classification-item>
<classification-item breakdown-code="false" not-allocatable="false" level="8" additional-only="false" sort-key="B42C7/005" definition-exists="false" ipc-concordant="B42C7/00" c-set-base-allowed="false" c-set-subsequent-allowed="true" date-revised="2013-01-01" status="published"><classification-symbol>B42C7/005</classification-symbol><class-title date-revised="2013-01-01"><title-part><CPC-specific-text><text>Creasing the back of covers</text></CPC-specific-text></title-part></class-title></classification-item>
<classification-item breakdown-code="false" not-allocatable="false" level="8" additional-only="false" sort-key="B42C7/006" definition-exists="false" ipc-concordant="B42C7/00" c-set-base-allowed="false" c-set-subsequent-allowed="true" date-revised="2013-01-01" status="published"><classification-symbol>B42C7/006</classification-symbol><class-title date-revised="2013-01-01"><title-part><CPC-specific-text><text>Folding the edges of covers</text></CPC-specific-text></title-part></class-title></classification-item>
<classification-item breakdown-code="false" not-allocatable="false" level="8" additional-only="false" sort-key="B42C7/007" definition-exists="false" ipc-concordant="B42C7/00" c-set-base-allowed="false" c-set-subsequent-allowed="true" date-revised="2013-01-01" status="published"><classification-symbol>B42C7/007</classification-symbol><class-title date-revised="2013-01-01"><title-part><CPC-specific-text><text>Reinforcing corners of covers</text></CPC-specific-text></title-part></class-title></classification-item>
<classification-item breakdown-code="false" not-allocatable="false" level="8" additional-only="false" sort-key="B42C7/008" definition-exists="false" ipc-concordant="B42C7/00" c-set-base-allowed="false" c-set-subsequent-allowed="true" date-revised="2013-01-01" status="published"><classification-symbol>B42C7/008</classification-symbol><class-title date-revised="2013-01-01"><title-part><CPC-specific-text><text>Conveying means between operation stations</text></CPC-specific-text></title-part></class-title></classification-item>
<classification-item breakdown-code="false" not-allocatable="false" level="8" additional-only="false" sort-key="B42C7/009" definition-exists="false" ipc-concordant="B42C7/00" c-set-base-allowed="false" c-set-subsequent-allowed="true" date-revised="2013-01-01" status="published"><classification-symbol>B42C7/009</classification-symbol><class-title date-revised="2013-01-01"><title-part><CPC-specific-text><text>Decorating book covers</text></CPC-specific-text></title-part></class-title></classification-item></classification-item>
<classification-item breakdown-code="false" not-allocatable="false" level="7" additional-only="false" sort-key="B42C9/00" definition-exists="true" ipc-concordant="B42C9/00" c-set-base-allowed="false" c-set-subsequent-allowed="true" date-revised="2013-01-01" status="published"><classification-symbol>B42C9/00</classification-symbol><class-title date-revised="2013-01-01"><title-part><text>Applying glue or adhesive peculiar to bookbinding</text></title-part></class-title>
<classification-item breakdown-code="false" not-allocatable="false" level="8" additional-only="false" sort-key="B42C9/0006" definition-exists="true" ipc-concordant="B42C9/00" c-set-base-allowed="false" c-set-subsequent-allowed="true" date-revised="2013-01-01" status="published"><classification-symbol>B42C9/0006</classification-symbol><class-title date-revised="2013-01-01"><title-part><CPC-specific-text><text>by applying adhesive to a stack of sheets</text></CPC-specific-text></title-part></class-title>
<classification-item breakdown-code="false" not-allocatable="false" level="9" additional-only="false" sort-key="B42C9/0012" definition-exists="false" ipc-concordant="B42C9/00" c-set-base-allowed="false" c-set-subsequent-allowed="true" date-revised="2013-01-01" status="published"><classification-symbol>B42C9/0012</classification-symbol><class-title date-revised="2013-01-01"><title-part><CPC-specific-text><text>with a roller </text><reference><text><class-ref scheme="cpc">B42C9/0043</class-ref> takes precedence</text></reference></CPC-specific-text></title-part></class-title>
<classification-item breakdown-code="false" not-allocatable="false" level="10" additional-only="false" sort-key="B42C9/0018" definition-exists="false" ipc-concordant="B42C9/00" c-set-base-allowed="false" c-set-subsequent-allowed="true" date-revised="2013-01-01" status="published"><classification-symbol>B42C9/0018</classification-symbol><class-title date-revised="2013-01-01"><title-part><CPC-specific-text><text>for binding stacks of sheets one at the time</text></CPC-specific-text></title-part></class-title>
<classification-item breakdown-code="false" not-allocatable="false" level="11" additional-only="false" sort-key="B42C9/0025" definition-exists="false" ipc-concordant="B42C9/00" c-set-base-allowed="false" c-set-subsequent-allowed="true" date-revised="2013-01-01" status="published"><classification-symbol>B42C9/0025</classification-symbol><class-title date-revised="2013-01-01"><title-part><CPC-specific-text><text>and subsequently applying a cover </text><reference><text>casing-in <class-ref scheme="cpc">B42C11/00</class-ref></text></reference></CPC-specific-text></title-part></class-title></classification-item></classification-item>
<classification-item breakdown-code="false" not-allocatable="false" level="10" additional-only="false" sort-key="B42C9/0031" definition-exists="false" ipc-concordant="B42C9/00" c-set-base-allowed="false" c-set-subsequent-allowed="true" date-revised="2013-01-01" status="published"><classification-symbol>B42C9/0031</classification-symbol><class-title date-revised="2013-01-01"><title-part><CPC-specific-text><text>with continuous flow of stacks of sheets</text></CPC-specific-text></title-part></class-title>
<classification-item breakdown-code="false" not-allocatable="false" level="11" additional-only="false" sort-key="B42C9/0037" definition-exists="false" ipc-concordant="B42C9/00" c-set-base-allowed="false" c-set-subsequent-allowed="true" date-revised="2013-01-01" status="published"><classification-symbol>B42C9/0037</classification-symbol><class-title date-revised="2013-01-01"><title-part><CPC-specific-text><text>and subsequently applying a cover </text><reference><text>casing-in <class-ref scheme="cpc">B42C11/00</class-ref></text></reference></CPC-specific-text></title-part></class-title></classification-item></classification-item></classification-item>
<classification-item breakdown-code="false" not-allocatable="false" level="9" additional-only="false" sort-key="B42C9/0043" definition-exists="false" ipc-concordant="B42C9/00" c-set-base-allowed="false" c-set-subsequent-allowed="true" date-revised="2013-01-01" status="published"><classification-symbol>B42C9/0043</classification-symbol><class-title date-revised="2013-01-01"><title-part><CPC-specific-text><text>manually </text><reference><text>bookbinding presses <class-ref scheme="cpc">B42C13/003</class-ref></text></reference></CPC-specific-text></title-part></class-title>
<classification-item breakdown-code="false" not-allocatable="false" level="10" additional-only="false" sort-key="B42C9/005" definition-exists="false" ipc-concordant="B42C9/00" c-set-base-allowed="false" c-set-subsequent-allowed="true" date-revised="2013-01-01" status="published"><classification-symbol>B42C9/005</classification-symbol><class-title date-revised="2013-01-01"><title-part><CPC-specific-text><text>and applying a cover </text><reference><text>casing-in <class-ref scheme="cpc">B42C11/00</class-ref></text></reference></CPC-specific-text></title-part></class-title></classification-item></classification-item></classification-item>
<classification-item breakdown-code="false" not-allocatable="false" level="8" additional-only="false" sort-key="B42C9/0056" definition-exists="false" ipc-concordant="B42C9/00" c-set-base-allowed="false" c-set-subsequent-allowed="true" date-revised="2013-01-01" status="published"><classification-symbol>B42C9/0056</classification-symbol><class-title date-revised="2013-01-01"><title-part><CPC-specific-text><text>applying tape or covers precoated with adhesive to a stack of sheets </text><reference><text>covers therefor <class-ref scheme="cpc">B42D3/002</class-ref></text></reference></CPC-specific-text></title-part></class-title>
<classification-item breakdown-code="false" not-allocatable="false" level="9" additional-only="false" sort-key="B42C9/0062" definition-exists="false" ipc-concordant="B42C9/00" c-set-base-allowed="false" c-set-subsequent-allowed="true" date-revised="2013-01-01" status="published"><classification-symbol>B42C9/0062</classification-symbol><class-title date-revised="2013-01-01"><title-part><CPC-specific-text><text>the tape being fed from a roller</text></CPC-specific-text></title-part></class-title>
<classification-item breakdown-code="false" not-allocatable="false" level="10" additional-only="false" sort-key="B42C9/0068" definition-exists="false" ipc-concordant="B42C9/00" c-set-base-allowed="false" c-set-subsequent-allowed="true" date-revised="2013-01-01" status="published"><classification-symbol>B42C9/0068</classification-symbol><class-title date-revised="2013-01-01"><title-part><CPC-specific-text><text>on a single stack of sheets</text></CPC-specific-text></title-part></class-title></classification-item>
<classification-item breakdown-code="false" not-allocatable="false" level="10" additional-only="false" sort-key="B42C9/0075" definition-exists="false" ipc-concordant="B42C9/00" c-set-base-allowed="false" c-set-subsequent-allowed="true" date-revised="2013-01-01" status="published"><classification-symbol>B42C9/0075</classification-symbol><class-title date-revised="2013-01-01"><title-part><CPC-specific-text><text>with a continuous flow of stacks of sheets</text></CPC-specific-text></title-part></class-title></classification-item></classification-item></classification-item>
<classification-item breakdown-code="false" not-allocatable="false" level="8" additional-only="false" sort-key="B42C9/0081" definition-exists="false" ipc-concordant="B42C9/00" c-set-base-allowed="false" c-set-subsequent-allowed="true" date-revised="2013-01-01" status="published"><classification-symbol>B42C9/0081</classification-symbol><class-title date-revised="2013-01-01"><title-part><CPC-specific-text><text>applying adhesive to individual sheets for binding them together </text><reference><text>by fusing, welding <class-ref scheme="cpc">B42C9/0093</class-ref></text></reference></CPC-specific-text></title-part></class-title>
<classification-item breakdown-code="false" not-allocatable="false" level="9" additional-only="false" sort-key="B42C9/0087" definition-exists="false" ipc-concordant="B42C9/00" c-set-base-allowed="false" c-set-subsequent-allowed="true" date-revised="2013-01-01" status="published"><classification-symbol>B42C9/0087</classification-symbol><class-title date-revised="2013-01-01"><title-part><CPC-specific-text><text>sheet shingling devices</text></CPC-specific-text></title-part></class-title></classification-item></classification-item>
<classification-item breakdown-code="false" not-allocatable="false" level="8" additional-only="false" sort-key="B42C9/0093" definition-exists="true" ipc-concordant="B42C9/00" c-set-base-allowed="false" c-set-subsequent-allowed="true" date-revised="2013-01-01" status="published"><classification-symbol>B42C9/0093</classification-symbol><class-title date-revised="2013-01-01"><title-part><CPC-specific-text><text>by fusing, welding sheets together</text></CPC-specific-text></title-part></class-title></classification-item>
<classification-item breakdown-code="false" not-allocatable="false" level="8" additional-only="false" sort-key="B42C9/02" definition-exists="true" ipc-concordant="B42C9/02" c-set-base-allowed="false" c-set-subsequent-allowed="true" date-revised="2013-01-01" status="published"><classification-symbol>B42C9/02</classification-symbol><class-title date-revised="2013-01-01"><title-part><text>for securing back linings, strips, ribbons or headbands</text></title-part></class-title>
<classification-item breakdown-code="false" not-allocatable="false" level="9" additional-only="false" sort-key="B42C9/025" definition-exists="false" ipc-concordant="B42C9/02" c-set-base-allowed="false" c-set-subsequent-allowed="true" date-revised="2013-01-01" status="published"><classification-symbol>B42C9/025</classification-symbol><class-title date-revised="2013-01-01"><title-part><CPC-specific-text><text>for securing bookmarkers</text></CPC-specific-text></title-part></class-title></classification-item></classification-item></classification-item>
<classification-item breakdown-code="false" not-allocatable="false" level="7" additional-only="false" sort-key="B42C11/00" definition-exists="true" ipc-concordant="B42C11/00" c-set-base-allowed="false" c-set-subsequent-allowed="true" date-revised="2013-01-01" status="published"><classification-symbol>B42C11/00</classification-symbol><class-title date-revised="2013-01-01"><title-part><text>Casing-in</text></title-part></class-title>
<classification-item breakdown-code="false" not-allocatable="false" level="8" additional-only="false" sort-key="B42C11/02" definition-exists="false" ipc-concordant="B42C11/02" c-set-base-allowed="false" c-set-subsequent-allowed="true" date-revised="2013-01-01" status="published"><classification-symbol>B42C11/02</classification-symbol><class-title date-revised="2013-01-01"><title-part><text>Machines or equipment for casing-in or applying covers to pamphlets, magazines, pads, or other paper-covered booklets </text><reference><text><class-ref scheme="cpc">B42C11/06</class-ref> takes precedence</text></reference></title-part></class-title></classification-item>
<classification-item breakdown-code="false" not-allocatable="false" level="8" additional-only="false" sort-key="B42C11/04" definition-exists="false" ipc-concordant="B42C11/04" c-set-base-allowed="false" c-set-subsequent-allowed="true" date-revised="2013-01-01" status="published"><classification-symbol>B42C11/04</classification-symbol><class-title date-revised="2013-01-01"><title-part><text>Machines or equipment for casing-in or applying covers to books </text><reference><text><class-ref scheme="cpc">B42C11/06</class-ref> takes precedence</text></reference></title-part></class-title>
<classification-item breakdown-code="false" not-allocatable="false" level="9" additional-only="false" sort-key="B42C11/045" definition-exists="false" ipc-concordant="B42C11/04" c-set-base-allowed="false" c-set-subsequent-allowed="true" date-revised="2013-01-01" status="published"><classification-symbol>B42C11/045</classification-symbol><class-title date-revised="2013-01-01"><title-part><CPC-specific-text><text>Folding end sheets, attaching end sheets to book blocks</text></CPC-specific-text></title-part></class-title></classification-item></classification-item>
<classification-item breakdown-code="false" not-allocatable="false" level="8" additional-only="false" sort-key="B42C11/06" definition-exists="false" ipc-concordant="B42C11/06" c-set-base-allowed="false" c-set-subsequent-allowed="true" date-revised="2013-01-01" status="published"><classification-symbol>B42C11/06</classification-symbol><class-title date-revised="2013-01-01"><title-part><text>Machines or equipment for casing-in by welding plastic materials</text></title-part></class-title></classification-item></classification-item>
<classification-item breakdown-code="false" not-allocatable="false" level="7" additional-only="false" sort-key="B42C13/00" definition-exists="true" ipc-concordant="B42C13/00" c-set-base-allowed="false" c-set-subsequent-allowed="true" date-revised="2013-01-01" status="published"><classification-symbol>B42C13/00</classification-symbol><class-title date-revised="2013-01-01"><title-part><text>Bookbinding presses </text><reference><text>general features of presses <class-ref scheme="cpc">B30B</class-ref></text></reference></title-part><title-part><text>Joint-creasing equipment for bookbinding</text></title-part><title-part><text>Drying or setting devices for books</text></title-part></class-title>
<classification-item breakdown-code="false" not-allocatable="false" level="8" additional-only="false" sort-key="B42C13/003" definition-exists="false" ipc-concordant="B42C13/00" c-set-base-allowed="false" c-set-subsequent-allowed="true" date-revised="2013-01-01" status="published"><classification-symbol>B42C13/003</classification-symbol><class-title date-revised="2013-01-01"><title-part><CPC-specific-text><text>Joint-creasing devices</text></CPC-specific-text></title-part></class-title></classification-item>
<classification-item breakdown-code="false" not-allocatable="false" level="8" additional-only="false" sort-key="B42C13/006" definition-exists="false" ipc-concordant="B42C13/00" c-set-base-allowed="false" c-set-subsequent-allowed="true" date-revised="2013-01-01" status="published"><classification-symbol>B42C13/006</classification-symbol><class-title date-revised="2013-01-01"><title-part><CPC-specific-text><text>Drying or setting devices for books</text></CPC-specific-text></title-part></class-title></classification-item></classification-item>
<classification-item breakdown-code="false" not-allocatable="false" level="7" additional-only="false" sort-key="B42C15/00" definition-exists="true" ipc-concordant="B42C15/00" c-set-base-allowed="false" c-set-subsequent-allowed="true" date-revised="2013-01-01" status="published"><classification-symbol>B42C15/00</classification-symbol><class-title date-revised="2013-01-01"><title-part><text>Jacketing books</text></title-part></class-title></classification-item>
<classification-item breakdown-code="false" not-allocatable="false" level="7" additional-only="false" sort-key="B42C17/00" definition-exists="true" ipc-concordant="B42C17/00" c-set-base-allowed="false" c-set-subsequent-allowed="true" date-revised="2013-01-01" status="published"><classification-symbol>B42C17/00</classification-symbol><class-title date-revised="2013-01-01"><title-part><text>Rebinding books</text></title-part></class-title></classification-item>
<classification-item breakdown-code="false" not-allocatable="false" level="7" additional-only="false" sort-key="B42C19/00" definition-exists="true" ipc-concordant="B42C19/00" c-set-base-allowed="false" c-set-subsequent-allowed="true" date-revised="2013-01-01" status="published"><classification-symbol>B42C19/00</classification-symbol><class-title date-revised="2013-01-01"><title-part><text>Multi-step processes for making books</text></title-part></class-title>
<classification-item breakdown-code="false" not-allocatable="false" level="8" additional-only="false" sort-key="B42C19/02" definition-exists="false" ipc-concordant="B42C19/02" c-set-base-allowed="false" c-set-subsequent-allowed="true" date-revised="2013-01-01" status="published"><classification-symbol>B42C19/02</classification-symbol><class-title date-revised="2013-01-01"><title-part><text>starting with single sheets</text></title-part></class-title></classification-item>
<classification-item breakdown-code="false" not-allocatable="false" level="8" additional-only="false" sort-key="B42C19/04" definition-exists="false" ipc-concordant="B42C19/04" c-set-base-allowed="false" c-set-subsequent-allowed="true" date-revised="2013-01-01" status="published"><classification-symbol>B42C19/04</classification-symbol><class-title date-revised="2013-01-01"><title-part><text>starting with signatures</text></title-part></class-title></classification-item>
<classification-item breakdown-code="false" not-allocatable="false" level="8" additional-only="false" sort-key="B42C19/06" definition-exists="false" ipc-concordant="B42C19/06" c-set-base-allowed="false" c-set-subsequent-allowed="true" date-revised="2013-01-01" status="published"><classification-symbol>B42C19/06</classification-symbol><class-title date-revised="2013-01-01"><title-part><text>starting with webs not provided for elsewhere</text></title-part></class-title></classification-item>
<classification-item breakdown-code="false" not-allocatable="false" level="8" additional-only="false" sort-key="B42C19/08" definition-exists="false" ipc-concordant="B42C19/08" c-set-base-allowed="false" c-set-subsequent-allowed="true" date-revised="2016-05-01" status="published"><classification-symbol>B42C19/08</classification-symbol><class-title date-revised="2016-05-01"><title-part><text>Conveying between operating stations in machines </text><reference><text>conveyors in general <class-ref scheme="cpc">B65G</class-ref></text></reference></title-part></class-title></classification-item></classification-item>
<classification-item breakdown-code="false" not-allocatable="false" level="7" additional-only="false" sort-key="B42C99/00" definition-exists="false" ipc-concordant="B42C99/00" c-set-base-allowed="false" c-set-subsequent-allowed="true" date-revised="2013-01-01" status="published"><classification-symbol>B42C99/00</classification-symbol><class-title date-revised="2013-01-01"><title-part><text>Subject matter not provided for in other groups of this subclass</text></title-part></class-title></classification-item></classification-item></classification-item></class-scheme>