<?xml version="1.0" encoding="UTF-8"?>
<class-scheme publication-date="2018-02-01" scheme-type="cpc" publication-type="official">
<classification-item breakdown-code="false" not-allocatable="true" level="5" additional-only="false" sort-key="B28D" definition-exists="true" date-revised="2013-01-01" status="published"><classification-symbol>B28D</classification-symbol><class-title date-revised="2013-01-01"><title-part><text>WORKING STONE OR STONE-LIKE MATERIALS</text></title-part></class-title>
<classification-item breakdown-code="false" not-allocatable="true" level="6" additional-only="false" sort-key="B28D1/00" date-revised="2013-01-01" status="published"><classification-symbol>B28D1/00</classification-symbol>
<classification-item breakdown-code="false" not-allocatable="false" level="7" additional-only="false" sort-key="B28D1/00" definition-exists="true" ipc-concordant="B28D1/00" c-set-base-allowed="false" c-set-subsequent-allowed="true" date-revised="2017-08-01" status="published"><classification-symbol>B28D1/00</classification-symbol><class-title date-revised="2017-08-01"><title-part><text>Working stone or stone-like materials, e.g. brick, concrete </text><CPC-specific-text><text>or glass</text></CPC-specific-text><text>, not provided for elsewhere</text></title-part><title-part><text>Machines, devices, tools therefor </text><reference><text>fine working of gems, jewels, crystals <class-ref scheme="cpc">B28D5/00</class-ref>; working by grinding or polishing <class-ref scheme="cpc">B24</class-ref>; devices or means for dressing or conditioning abrasive surfaces <class-ref scheme="cpc">B24B53/00</class-ref></text></reference></title-part></class-title>
<classification-item breakdown-code="false" not-allocatable="false" level="8" additional-only="false" sort-key="B28D1/001" definition-exists="false" ipc-concordant="B28D1/00" c-set-base-allowed="false" c-set-subsequent-allowed="true" date-revised="2013-01-01" status="published"><classification-symbol>B28D1/001</classification-symbol><class-title date-revised="2013-01-01"><title-part><CPC-specific-text><text>Cleaning bricks </text><reference><text>by milling <class-ref scheme="cpc">B28D1/185</class-ref></text></reference></CPC-specific-text></title-part></class-title></classification-item>
<classification-item breakdown-code="false" not-allocatable="false" level="8" additional-only="false" sort-key="B28D1/003" definition-exists="false" ipc-concordant="B28D1/00" c-set-base-allowed="false" c-set-subsequent-allowed="true" date-revised="2013-01-01" status="published"><classification-symbol>B28D1/003</classification-symbol><class-title date-revised="2013-01-01"><title-part><CPC-specific-text><text>Multipurpose machines; Equipment therefor</text></CPC-specific-text></title-part></class-title></classification-item>
<classification-item breakdown-code="false" not-allocatable="false" level="8" additional-only="false" sort-key="B28D1/005" definition-exists="false" ipc-concordant="B28D1/00" c-set-base-allowed="false" c-set-subsequent-allowed="true" date-revised="2013-01-01" status="published"><classification-symbol>B28D1/005</classification-symbol><class-title date-revised="2013-01-01"><title-part><CPC-specific-text><text>Cutting sheet laminae in planes between faces </text><reference><text>splitting easily splittable material <class-ref scheme="cpc">B28D1/322</class-ref></text></reference></CPC-specific-text></title-part></class-title></classification-item>
<classification-item breakdown-code="false" not-allocatable="false" level="8" additional-only="false" sort-key="B28D1/006" definition-exists="false" ipc-concordant="B28D1/00" c-set-base-allowed="false" c-set-subsequent-allowed="true" date-revised="2013-01-01" status="published"><classification-symbol>B28D1/006</classification-symbol><class-title date-revised="2013-01-01"><title-part><CPC-specific-text><text>Artificial ageing of stones; Providing stones with an antique appearance</text></CPC-specific-text></title-part></class-title>
<classification-item breakdown-code="false" not-allocatable="false" level="9" additional-only="false" sort-key="B28D1/008" definition-exists="false" ipc-concordant="B28D1/00" c-set-base-allowed="false" c-set-subsequent-allowed="true" date-revised="2013-01-01" status="published"><classification-symbol>B28D1/008</classification-symbol><class-title date-revised="2013-01-01"><title-part><CPC-specific-text><text>by means of a tumbler</text></CPC-specific-text></title-part></class-title></classification-item></classification-item>
<classification-item breakdown-code="false" not-allocatable="false" level="8" additional-only="false" sort-key="B28D1/02" definition-exists="false" ipc-concordant="B28D1/02" c-set-base-allowed="false" c-set-subsequent-allowed="true" date-revised="2013-01-01" status="published"><classification-symbol>B28D1/02</classification-symbol><class-title date-revised="2013-01-01"><title-part><text>by sawing</text></title-part></class-title>
<classification-item breakdown-code="false" not-allocatable="false" level="9" additional-only="false" sort-key="B28D1/025" definition-exists="false" ipc-concordant="B28D1/02" c-set-base-allowed="false" c-set-subsequent-allowed="true" date-revised="2013-01-01" status="published"><classification-symbol>B28D1/025</classification-symbol><class-title date-revised="2013-01-01"><title-part><CPC-specific-text><text>Use, recovery or regeneration of abrasive mediums </text><reference><text><class-ref scheme="cpc">B28D5/007</class-ref> takes precedence; for grinding and polishing in general <class-ref scheme="cpc">B24B57/00</class-ref></text></reference></CPC-specific-text></title-part></class-title></classification-item>
<classification-item breakdown-code="false" not-allocatable="false" level="9" additional-only="false" sort-key="B28D1/04" definition-exists="false" ipc-concordant="B28D1/04" c-set-base-allowed="false" c-set-subsequent-allowed="true" date-revised="2013-01-01" status="published"><classification-symbol>B28D1/04</classification-symbol><class-title date-revised="2013-01-01"><title-part><text>with circular </text><CPC-specific-text><text>or cylindrical</text></CPC-specific-text><text> saw-blades or saw-discs </text><reference><text><class-ref scheme="cpc">B28D1/10</class-ref> takes precedence</text></reference></title-part></class-title>
<classification-item breakdown-code="false" not-allocatable="false" level="10" additional-only="false" sort-key="B28D1/041" definition-exists="false" ipc-concordant="B28D1/04" c-set-base-allowed="false" c-set-subsequent-allowed="true" date-revised="2013-01-01" status="published"><classification-symbol>B28D1/041</classification-symbol><class-title date-revised="2013-01-01"><title-part><CPC-specific-text><text>with cylinder saws, e.g. trepanning; saw cylinders, e.g. having their cutting rim equipped with abrasive particles</text></CPC-specific-text></title-part></class-title></classification-item>
<classification-item breakdown-code="false" not-allocatable="false" level="10" additional-only="false" sort-key="B28D1/042" definition-exists="false" ipc-concordant="B28D1/04" c-set-base-allowed="false" c-set-subsequent-allowed="true" date-revised="2013-01-01" status="published"><classification-symbol>B28D1/042</classification-symbol><class-title date-revised="2013-01-01"><title-part><CPC-specific-text><text>the saw blade being carried by a pivoted lever </text><reference><text><class-ref scheme="cpc">B28D1/043</class-ref> and <class-ref scheme="cpc">B28D1/044</class-ref> take precedence</text></reference></CPC-specific-text></title-part></class-title></classification-item>
<classification-item breakdown-code="false" not-allocatable="false" level="10" additional-only="false" sort-key="B28D1/043" definition-exists="false" ipc-concordant="B28D1/04" c-set-base-allowed="false" c-set-subsequent-allowed="true" date-revised="2013-01-01" status="published"><classification-symbol>B28D1/043</classification-symbol><class-title date-revised="2013-01-01"><title-part><CPC-specific-text><text>Gantry type sawing machines</text></CPC-specific-text></title-part></class-title></classification-item>
<classification-item breakdown-code="false" not-allocatable="false" level="10" additional-only="false" sort-key="B28D1/044" definition-exists="false" ipc-concordant="B28D1/04" c-set-base-allowed="false" c-set-subsequent-allowed="true" date-revised="2013-01-01" status="published"><classification-symbol>B28D1/044</classification-symbol><class-title date-revised="2013-01-01"><title-part><CPC-specific-text><text>the saw blade being movable on slide ways </text><reference><text><class-ref scheme="cpc">B28D1/043</class-ref> takes precedence</text></reference></CPC-specific-text></title-part></class-title></classification-item>
<classification-item breakdown-code="false" not-allocatable="false" level="10" additional-only="false" sort-key="B28D1/045" definition-exists="false" ipc-concordant="B28D1/04" c-set-base-allowed="false" c-set-subsequent-allowed="true" date-revised="2013-01-01" status="published"><classification-symbol>B28D1/045</classification-symbol><class-title date-revised="2013-01-01"><title-part><CPC-specific-text><text>Sawing grooves in walls; sawing stones from rocks; sawing machines movable on the stones to be cut</text></CPC-specific-text></title-part></class-title></classification-item>
<classification-item breakdown-code="false" not-allocatable="false" level="10" additional-only="false" sort-key="B28D1/046" definition-exists="false" ipc-concordant="B28D1/04" c-set-base-allowed="false" c-set-subsequent-allowed="true" date-revised="2013-01-01" status="published"><classification-symbol>B28D1/046</classification-symbol><class-title date-revised="2013-01-01"><title-part><CPC-specific-text><text>Sawing in a plane parallel to the work table</text></CPC-specific-text></title-part></class-title></classification-item>
<classification-item breakdown-code="false" not-allocatable="false" level="10" additional-only="false" sort-key="B28D1/047" definition-exists="false" ipc-concordant="B28D1/04" c-set-base-allowed="false" c-set-subsequent-allowed="true" date-revised="2013-01-01" status="published"><classification-symbol>B28D1/047</classification-symbol><class-title date-revised="2013-01-01"><title-part><CPC-specific-text><text>with the work mounted on a carriage</text></CPC-specific-text></title-part></class-title></classification-item>
<classification-item breakdown-code="false" not-allocatable="false" level="10" additional-only="false" sort-key="B28D1/048" definition-exists="false" ipc-concordant="B28D1/04" c-set-base-allowed="false" c-set-subsequent-allowed="true" date-revised="2013-01-01" status="published"><classification-symbol>B28D1/048</classification-symbol><class-title date-revised="2013-01-01"><title-part><CPC-specific-text><text>with a plurality of saw blades </text><reference><text><class-ref scheme="cpc">B28D1/046</class-ref> takes precedence</text></reference></CPC-specific-text></title-part></class-title></classification-item></classification-item>
<classification-item breakdown-code="false" not-allocatable="false" level="9" additional-only="false" sort-key="B28D1/06" definition-exists="false" ipc-concordant="B28D1/06" c-set-base-allowed="false" c-set-subsequent-allowed="true" date-revised="2013-01-01" status="published"><classification-symbol>B28D1/06</classification-symbol><class-title date-revised="2013-01-01"><title-part><text>with reciprocating saw-blades </text><reference><text><class-ref scheme="cpc">B28D1/10</class-ref> takes precedence</text></reference></title-part></class-title>
<classification-item breakdown-code="false" not-allocatable="false" level="10" additional-only="false" sort-key="B28D1/062" definition-exists="false" ipc-concordant="B28D1/06" c-set-base-allowed="false" c-set-subsequent-allowed="true" date-revised="2013-01-01" status="published"><classification-symbol>B28D1/062</classification-symbol><class-title date-revised="2013-01-01"><title-part><CPC-specific-text><text>the saw blade rotating about its longitudinal axis</text></CPC-specific-text></title-part></class-title></classification-item>
<classification-item breakdown-code="false" not-allocatable="false" level="10" additional-only="false" sort-key="B28D1/064" definition-exists="false" ipc-concordant="B28D1/06" c-set-base-allowed="false" c-set-subsequent-allowed="true" date-revised="2013-01-01" status="published"><classification-symbol>B28D1/064</classification-symbol><class-title date-revised="2013-01-01"><title-part><CPC-specific-text><text>Sawing grooves in walls; portable sawing machines</text></CPC-specific-text></title-part></class-title></classification-item>
<classification-item breakdown-code="false" not-allocatable="false" level="10" additional-only="false" sort-key="B28D1/066" definition-exists="false" ipc-concordant="B28D1/06" c-set-base-allowed="false" c-set-subsequent-allowed="true" date-revised="2013-01-01" status="published"><classification-symbol>B28D1/066</classification-symbol><class-title date-revised="2013-01-01"><title-part><CPC-specific-text><text>the workpieces being moved in a horizontal plane, e.g. with vertically or oblique movable saw-blades</text></CPC-specific-text></title-part></class-title></classification-item>
<classification-item breakdown-code="false" not-allocatable="false" level="10" additional-only="false" sort-key="B28D1/068" definition-exists="false" ipc-concordant="B28D1/06" c-set-base-allowed="false" c-set-subsequent-allowed="true" date-revised="2013-01-01" status="published"><classification-symbol>B28D1/068</classification-symbol><class-title date-revised="2013-01-01"><title-part><CPC-specific-text><text>Components, e.g. guiding means, vibrations damping means, frames, driving means, suspension</text></CPC-specific-text></title-part></class-title></classification-item></classification-item>
<classification-item breakdown-code="false" not-allocatable="false" level="9" additional-only="false" sort-key="B28D1/08" definition-exists="false" ipc-concordant="B28D1/08" c-set-base-allowed="false" c-set-subsequent-allowed="true" date-revised="2016-08-01" status="published"><classification-symbol>B28D1/08</classification-symbol><class-title date-revised="2016-08-01"><title-part><text>with saw-blades of endless cutter-type, e.g. chain saws </text><CPC-specific-text><text>, i.e. saw chains</text></CPC-specific-text><text>, strap saws </text><reference><text><class-ref scheme="cpc">B28D1/10</class-ref> takes precedence</text></reference></title-part></class-title>
<classification-item breakdown-code="false" not-allocatable="false" level="10" additional-only="false" sort-key="B28D1/082" definition-exists="false" ipc-concordant="B28D1/08" c-set-base-allowed="false" c-set-subsequent-allowed="true" date-revised="2013-01-01" status="published"><classification-symbol>B28D1/082</classification-symbol><class-title date-revised="2013-01-01"><title-part><CPC-specific-text><text>consisting of chain saws</text></CPC-specific-text></title-part></class-title>
<classification-item breakdown-code="false" not-allocatable="false" level="11" additional-only="false" sort-key="B28D1/084" definition-exists="false" ipc-concordant="B28D1/08" c-set-base-allowed="false" c-set-subsequent-allowed="true" date-revised="2013-01-01" status="published"><classification-symbol>B28D1/084</classification-symbol><class-title date-revised="2013-01-01"><title-part><CPC-specific-text><text>the saw chains being mounted on a pivotingly adjustable arm</text></CPC-specific-text></title-part></class-title></classification-item></classification-item>
<classification-item breakdown-code="false" not-allocatable="false" level="10" additional-only="false" sort-key="B28D1/086" definition-exists="false" ipc-concordant="B28D1/08" c-set-base-allowed="false" c-set-subsequent-allowed="true" date-revised="2013-01-01" status="published"><classification-symbol>B28D1/086</classification-symbol><class-title date-revised="2013-01-01"><title-part><CPC-specific-text><text>consisting of strap saws</text></CPC-specific-text></title-part></class-title></classification-item>
<classification-item breakdown-code="false" not-allocatable="false" level="10" additional-only="false" sort-key="B28D1/088" definition-exists="false" ipc-concordant="B28D1/08" c-set-base-allowed="false" c-set-subsequent-allowed="true" date-revised="2013-01-01" status="published"><classification-symbol>B28D1/088</classification-symbol><class-title date-revised="2013-01-01"><title-part><CPC-specific-text><text>Sawing <u>in situ</u>, e.g. stones from rocks, grooves in walls</text></CPC-specific-text></title-part></class-title></classification-item></classification-item>
<classification-item breakdown-code="false" not-allocatable="false" level="9" additional-only="false" sort-key="B28D1/10" definition-exists="false" ipc-concordant="B28D1/10" c-set-base-allowed="false" c-set-subsequent-allowed="true" date-revised="2013-01-01" status="published"><classification-symbol>B28D1/10</classification-symbol><class-title date-revised="2013-01-01"><title-part><text>with provision for measuring</text></title-part></class-title></classification-item>
<classification-item breakdown-code="false" not-allocatable="false" level="9" additional-only="false" sort-key="B28D1/12" definition-exists="false" ipc-concordant="B28D1/12" c-set-base-allowed="false" c-set-subsequent-allowed="true" date-revised="2013-01-01" status="published"><classification-symbol>B28D1/12</classification-symbol><class-title date-revised="2013-01-01"><title-part><text>Saw-blades </text><CPC-specific-text><text>or saw-discs</text></CPC-specific-text><text> specially adapted for working stone </text><CPC-specific-text><reference><text><class-ref scheme="cpc">B28D1/041</class-ref> takes precedence</text></reference></CPC-specific-text></title-part></class-title>
<classification-item breakdown-code="false" not-allocatable="false" level="10" additional-only="false" sort-key="B28D1/121" definition-exists="false" ipc-concordant="B28D1/12" c-set-base-allowed="false" c-set-subsequent-allowed="true" date-revised="2013-01-01" status="published"><classification-symbol>B28D1/121</classification-symbol><class-title date-revised="2013-01-01"><title-part><CPC-specific-text><text>Circular saw blades</text></CPC-specific-text></title-part></class-title>
<classification-item breakdown-code="false" not-allocatable="false" level="11" additional-only="false" sort-key="B28D1/122" definition-exists="false" ipc-concordant="B28D1/12" c-set-base-allowed="false" c-set-subsequent-allowed="true" date-revised="2013-01-01" status="published"><classification-symbol>B28D1/122</classification-symbol><class-title date-revised="2013-01-01"><title-part><CPC-specific-text><text>with exchangeable cutter bits or cutter segments</text></CPC-specific-text></title-part></class-title></classification-item></classification-item>
<classification-item breakdown-code="false" not-allocatable="false" level="10" additional-only="false" sort-key="B28D1/124" definition-exists="false" ipc-concordant="B28D1/12" c-set-base-allowed="false" c-set-subsequent-allowed="true" date-revised="2013-01-01" status="published"><classification-symbol>B28D1/124</classification-symbol><class-title date-revised="2013-01-01"><title-part><CPC-specific-text><text>Saw chains; rod-like saw blades; saw cables</text></CPC-specific-text></title-part></class-title>
<classification-item breakdown-code="false" not-allocatable="false" level="11" additional-only="false" sort-key="B28D1/125" definition-exists="false" ipc-concordant="B28D1/12" c-set-base-allowed="false" c-set-subsequent-allowed="true" date-revised="2013-01-01" status="published"><classification-symbol>B28D1/125</classification-symbol><class-title date-revised="2013-01-01"><title-part><CPC-specific-text><text>with exchangeable cutter bits or cutter segments</text></CPC-specific-text></title-part></class-title></classification-item></classification-item>
<classification-item breakdown-code="false" not-allocatable="false" level="10" additional-only="false" sort-key="B28D1/127" definition-exists="false" ipc-concordant="B28D1/12" c-set-base-allowed="false" c-set-subsequent-allowed="true" date-revised="2013-01-01" status="published"><classification-symbol>B28D1/127</classification-symbol><class-title date-revised="2013-01-01"><title-part><CPC-specific-text><text>Straight, i.e. flat, saw blades; strap saw blades</text></CPC-specific-text></title-part></class-title>
<classification-item breakdown-code="false" not-allocatable="false" level="11" additional-only="false" sort-key="B28D1/128" definition-exists="false" ipc-concordant="B28D1/12" c-set-base-allowed="false" c-set-subsequent-allowed="true" date-revised="2013-01-01" status="published"><classification-symbol>B28D1/128</classification-symbol><class-title date-revised="2013-01-01"><title-part><CPC-specific-text><text>with exchangeable cutter bits or cutter segments</text></CPC-specific-text></title-part></class-title></classification-item></classification-item></classification-item></classification-item>
<classification-item breakdown-code="false" not-allocatable="false" level="8" additional-only="false" sort-key="B28D1/14" definition-exists="false" ipc-concordant="B28D1/14" c-set-base-allowed="false" c-set-subsequent-allowed="true" date-revised="2013-01-01" status="published"><classification-symbol>B28D1/14</classification-symbol><class-title date-revised="2013-01-01"><title-part><text>by boring or drilling </text><reference><text>rotary drilling machines <class-ref scheme="cpc">B23B</class-ref>; </text><CPC-specific-text><text>tools for drilling machines <class-ref scheme="cpc">B23B51/00</class-ref></text></CPC-specific-text><text>; portabe percussive machines <class-ref scheme="cpc">B25D</class-ref>; </text><CPC-specific-text><text>rotary drilling machines for mining or quarrying <class-ref scheme="cpc">E21C1/00</class-ref></text></CPC-specific-text></reference></title-part></class-title>
<classification-item breakdown-code="false" not-allocatable="false" level="9" additional-only="false" sort-key="B28D1/143" definition-exists="false" ipc-concordant="B28D1/14" c-set-base-allowed="false" c-set-subsequent-allowed="true" date-revised="2013-01-01" status="published"><classification-symbol>B28D1/143</classification-symbol><class-title date-revised="2013-01-01"><title-part><CPC-specific-text><text>lens-drilling machines</text></CPC-specific-text></title-part></class-title></classification-item>
<classification-item breakdown-code="false" not-allocatable="false" level="9" additional-only="false" sort-key="B28D1/146" definition-exists="false" ipc-concordant="B28D1/14" c-set-base-allowed="false" c-set-subsequent-allowed="true" date-revised="2013-01-01" status="published"><classification-symbol>B28D1/146</classification-symbol><class-title date-revised="2013-01-01"><title-part><CPC-specific-text><text>Tools therefor </text><reference><text>drill bits for earth or rock drilling <class-ref scheme="cpc">E21B10/00</class-ref></text></reference></CPC-specific-text></title-part></class-title></classification-item></classification-item>
<classification-item breakdown-code="false" not-allocatable="false" level="8" additional-only="false" sort-key="B28D1/16" definition-exists="false" ipc-concordant="B28D1/16" c-set-base-allowed="false" c-set-subsequent-allowed="true" date-revised="2013-01-01" status="published"><classification-symbol>B28D1/16</classification-symbol><class-title date-revised="2013-01-01"><title-part><text>by turning</text></title-part></class-title></classification-item>
<classification-item breakdown-code="false" not-allocatable="false" level="8" additional-only="false" sort-key="B28D1/18" definition-exists="false" ipc-concordant="B28D1/18" c-set-base-allowed="false" c-set-subsequent-allowed="true" date-revised="2013-01-01" status="published"><classification-symbol>B28D1/18</classification-symbol><class-title date-revised="2013-01-01"><title-part><text>by milling, e.g. channelling by means of milling tools</text></title-part></class-title>
<classification-item breakdown-code="false" not-allocatable="false" level="9" additional-only="false" sort-key="B28D1/181" definition-exists="false" ipc-concordant="B28D1/18" c-set-base-allowed="false" c-set-subsequent-allowed="true" date-revised="2013-01-01" status="published"><classification-symbol>B28D1/181</classification-symbol><class-title date-revised="2013-01-01"><title-part><CPC-specific-text><text>using cutters loosely mounted on a turning tool support</text></CPC-specific-text></title-part></class-title></classification-item>
<classification-item breakdown-code="false" not-allocatable="false" level="9" additional-only="false" sort-key="B28D1/183" definition-exists="false" ipc-concordant="B28D1/18" c-set-base-allowed="false" c-set-subsequent-allowed="true" date-revised="2013-01-01" status="published"><classification-symbol>B28D1/183</classification-symbol><class-title date-revised="2013-01-01"><title-part><CPC-specific-text><text>Hand tools, e.g. portable, motor driven</text></CPC-specific-text></title-part></class-title></classification-item>
<classification-item breakdown-code="false" not-allocatable="false" level="9" additional-only="false" sort-key="B28D1/185" definition-exists="false" ipc-concordant="B28D1/18" c-set-base-allowed="false" c-set-subsequent-allowed="true" date-revised="2013-01-01" status="published"><classification-symbol>B28D1/185</classification-symbol><class-title date-revised="2013-01-01"><title-part><CPC-specific-text><text>for brick cleaning</text></CPC-specific-text></title-part></class-title></classification-item>
<classification-item breakdown-code="false" not-allocatable="false" level="9" additional-only="false" sort-key="B28D1/186" definition-exists="false" ipc-concordant="B28D1/18" c-set-base-allowed="false" c-set-subsequent-allowed="true" date-revised="2016-08-01" status="published"><classification-symbol>B28D1/186</classification-symbol><class-title date-revised="2016-08-01"><title-part><CPC-specific-text><text>Tools therefor, e.g. having exchangeable cutter bits </text><reference><text><class-ref scheme="cpc">B28D1/181</class-ref> takes precedence; bits for picks or pick-holders for mining or quarrying <class-ref scheme="cpc">E21C35/18</class-ref></text></reference></CPC-specific-text></title-part></class-title>
<classification-item breakdown-code="false" not-allocatable="false" level="10" additional-only="false" sort-key="B28D1/188" definition-exists="false" ipc-concordant="B28D1/18" c-set-base-allowed="false" c-set-subsequent-allowed="true" date-revised="2013-01-01" status="published"><classification-symbol>B28D1/188</classification-symbol><class-title date-revised="2013-01-01"><title-part><CPC-specific-text><text>with exchangeable cutter bits or cutter segments</text></CPC-specific-text></title-part></class-title></classification-item></classification-item></classification-item>
<classification-item breakdown-code="false" not-allocatable="false" level="8" additional-only="false" sort-key="B28D1/20" definition-exists="false" ipc-concordant="B28D1/20" c-set-base-allowed="false" c-set-subsequent-allowed="true" date-revised="2013-01-01" status="published"><classification-symbol>B28D1/20</classification-symbol><class-title date-revised="2013-01-01"><title-part><text>by planing, e.g. channelling by means of planing tools</text></title-part></class-title></classification-item>
<classification-item breakdown-code="false" not-allocatable="false" level="8" additional-only="false" sort-key="B28D1/22" definition-exists="false" ipc-concordant="B28D1/22" c-set-base-allowed="false" c-set-subsequent-allowed="true" date-revised="2013-01-01" status="published"><classification-symbol>B28D1/22</classification-symbol><class-title date-revised="2013-01-01"><title-part><text>by cutting, e.g. incising</text></title-part></class-title>
<classification-item breakdown-code="false" not-allocatable="false" level="9" additional-only="false" sort-key="B28D1/221" definition-exists="false" ipc-concordant="B28D1/22" c-set-base-allowed="false" c-set-subsequent-allowed="true" date-revised="2013-01-01" status="published"><classification-symbol>B28D1/221</classification-symbol><class-title date-revised="2013-01-01"><title-part><CPC-specific-text><text>by thermic methods</text></CPC-specific-text></title-part></class-title></classification-item>
<classification-item breakdown-code="false" not-allocatable="false" level="9" additional-only="false" sort-key="B28D1/222" definition-exists="false" ipc-concordant="B28D1/22" c-set-base-allowed="false" c-set-subsequent-allowed="true" date-revised="2013-01-01" status="published"><classification-symbol>B28D1/222</classification-symbol><class-title date-revised="2013-01-01"><title-part><CPC-specific-text><text>by pressing, e.g. presses</text></CPC-specific-text></title-part></class-title>
<classification-item breakdown-code="false" not-allocatable="false" level="10" additional-only="false" sort-key="B28D1/223" definition-exists="false" ipc-concordant="B28D1/22" c-set-base-allowed="false" c-set-subsequent-allowed="true" date-revised="2013-01-01" status="published"><classification-symbol>B28D1/223</classification-symbol><class-title date-revised="2013-01-01"><title-part><CPC-specific-text><text>Hand-held or hand-operated tools for shearing or cleaving</text></CPC-specific-text></title-part></class-title></classification-item></classification-item>
<classification-item breakdown-code="false" not-allocatable="false" level="9" additional-only="false" sort-key="B28D1/225" definition-exists="false" ipc-concordant="B28D1/22" c-set-base-allowed="false" c-set-subsequent-allowed="true" date-revised="2013-01-01" status="published"><classification-symbol>B28D1/225</classification-symbol><class-title date-revised="2013-01-01"><title-part><CPC-specific-text><text>for scoring or breaking, e.g. tiles</text></CPC-specific-text></title-part></class-title>
<classification-item breakdown-code="false" not-allocatable="false" level="10" additional-only="false" sort-key="B28D1/226" definition-exists="false" ipc-concordant="B28D1/22" c-set-base-allowed="false" c-set-subsequent-allowed="true" date-revised="2013-01-01" status="published"><classification-symbol>B28D1/226</classification-symbol><class-title date-revised="2013-01-01"><title-part><CPC-specific-text><text>with plural scoring tools</text></CPC-specific-text></title-part></class-title></classification-item></classification-item>
<classification-item breakdown-code="false" not-allocatable="false" level="9" additional-only="false" sort-key="B28D1/227" definition-exists="false" ipc-concordant="B28D1/22" c-set-base-allowed="false" c-set-subsequent-allowed="true" date-revised="2013-01-01" status="published"><classification-symbol>B28D1/227</classification-symbol><class-title date-revised="2013-01-01"><title-part><CPC-specific-text><text>for cutting tubes</text></CPC-specific-text></title-part></class-title></classification-item>
<classification-item breakdown-code="false" not-allocatable="false" level="9" additional-only="false" sort-key="B28D1/228" definition-exists="false" ipc-concordant="B28D1/22" c-set-base-allowed="false" c-set-subsequent-allowed="true" date-revised="2013-01-01" status="published"><classification-symbol>B28D1/228</classification-symbol><class-title date-revised="2013-01-01"><title-part><CPC-specific-text><text>Hand-held or hand-operated tools </text><reference><text><class-ref scheme="cpc">B28D1/222</class-ref>, <class-ref scheme="cpc">B28D1/225</class-ref> take precedence</text></reference></CPC-specific-text></title-part></class-title></classification-item>
<classification-item breakdown-code="false" not-allocatable="false" level="9" additional-only="false" sort-key="B28D1/24" definition-exists="false" ipc-concordant="B28D1/24" c-set-base-allowed="false" c-set-subsequent-allowed="true" date-revised="2013-01-01" status="published"><classification-symbol>B28D1/24</classification-symbol><class-title date-revised="2013-01-01"><title-part><text>with cutting discs</text></title-part></class-title></classification-item></classification-item>
<classification-item breakdown-code="false" not-allocatable="false" level="8" additional-only="false" sort-key="B28D1/26" definition-exists="false" ipc-concordant="B28D1/26" c-set-base-allowed="false" c-set-subsequent-allowed="true" date-revised="2013-01-01" status="published"><classification-symbol>B28D1/26</classification-symbol><class-title date-revised="2013-01-01"><title-part><text>by impact tools, e.g. by chisels or other tools having a cutting edge </text><reference><text>portable percussive tools <class-ref scheme="cpc">B25D</class-ref></text></reference></title-part></class-title>
<classification-item breakdown-code="false" not-allocatable="false" level="9" additional-only="false" sort-key="B28D1/265" definition-exists="false" ipc-concordant="B28D1/26" c-set-base-allowed="false" c-set-subsequent-allowed="true" date-revised="2013-01-01" status="published"><classification-symbol>B28D1/265</classification-symbol><class-title date-revised="2013-01-01"><title-part><CPC-specific-text><text>Scabbling machines or scabbling tools</text></CPC-specific-text></title-part></class-title></classification-item>
<classification-item breakdown-code="false" not-allocatable="false" level="9" additional-only="false" sort-key="B28D1/28" definition-exists="false" ipc-concordant="B28D1/28" c-set-base-allowed="false" c-set-subsequent-allowed="true" date-revised="2016-08-01" status="published"><classification-symbol>B28D1/28</classification-symbol><class-title date-revised="2016-08-01"><title-part><text>without cutting edge </text><CPC-specific-text><text>, e.g. chiseling machines</text></CPC-specific-text></title-part></class-title></classification-item></classification-item>
<classification-item breakdown-code="false" not-allocatable="false" level="8" additional-only="false" sort-key="B28D1/30" definition-exists="false" ipc-concordant="B28D1/30" c-set-base-allowed="false" c-set-subsequent-allowed="true" date-revised="2013-01-01" status="published"><classification-symbol>B28D1/30</classification-symbol><class-title date-revised="2013-01-01"><title-part><text>to form contours, i.e. curved surfaces, irrespective of the method of working used </text><reference><text>for artistic purposes <class-ref scheme="cpc">B44B</class-ref></text></reference></title-part></class-title></classification-item>
<classification-item breakdown-code="false" not-allocatable="false" level="8" additional-only="false" sort-key="B28D1/32" definition-exists="false" ipc-concordant="B28D1/32" c-set-base-allowed="false" c-set-subsequent-allowed="true" date-revised="2013-01-01" status="published"><classification-symbol>B28D1/32</classification-symbol><class-title date-revised="2013-01-01"><title-part><text>Methods and apparatus specially adapted for working materials which can easily be split, e.g. mica, slate, schist</text></title-part></class-title>
<classification-item breakdown-code="false" not-allocatable="false" level="9" additional-only="false" sort-key="B28D1/322" definition-exists="false" ipc-concordant="B28D1/32" c-set-base-allowed="false" c-set-subsequent-allowed="true" date-revised="2013-01-01" status="published"><classification-symbol>B28D1/322</classification-symbol><class-title date-revised="2013-01-01"><title-part><CPC-specific-text><text>Splitting of the working materials</text></CPC-specific-text></title-part></class-title></classification-item>
<classification-item breakdown-code="false" not-allocatable="false" level="9" additional-only="false" sort-key="B28D1/325" definition-exists="false" ipc-concordant="B28D1/32" c-set-base-allowed="false" c-set-subsequent-allowed="true" date-revised="2013-01-01" status="published"><classification-symbol>B28D1/325</classification-symbol><class-title date-revised="2013-01-01"><title-part><CPC-specific-text><text>for making holes in easily splittable working materials</text></CPC-specific-text></title-part></class-title></classification-item>
<classification-item breakdown-code="false" not-allocatable="false" level="9" additional-only="false" sort-key="B28D1/327" definition-exists="false" ipc-concordant="B28D1/32" c-set-base-allowed="false" c-set-subsequent-allowed="true" date-revised="2013-01-01" status="published"><classification-symbol>B28D1/327</classification-symbol><class-title date-revised="2013-01-01"><title-part><CPC-specific-text><text>for cutting or shearing easily splittable working materials</text></CPC-specific-text></title-part></class-title></classification-item></classification-item></classification-item>
<classification-item breakdown-code="false" not-allocatable="false" level="7" additional-only="false" sort-key="B28D3/00" definition-exists="true" ipc-concordant="B28D3/00" c-set-base-allowed="false" c-set-subsequent-allowed="true" date-revised="2013-01-01" status="published"><classification-symbol>B28D3/00</classification-symbol><class-title date-revised="2013-01-01"><title-part><text>Dressing mill discs or rollers </text><reference><text>dressing the tools of sawing machines or sawing devices <class-ref scheme="cpc">B23D63/00</class-ref>; treating the cutting members of cutting machines to facilitate cutting <class-ref scheme="cpc">B26D7/08</class-ref></text></reference></title-part></class-title>
<classification-item breakdown-code="false" not-allocatable="false" level="8" additional-only="false" sort-key="B28D3/005" definition-exists="false" ipc-concordant="B28D3/00" c-set-base-allowed="false" c-set-subsequent-allowed="true" date-revised="2013-01-01" status="published"><classification-symbol>B28D3/005</classification-symbol><class-title date-revised="2013-01-01"><title-part><CPC-specific-text><text>Tools therefor</text></CPC-specific-text></title-part></class-title></classification-item>
<classification-item breakdown-code="false" not-allocatable="false" level="8" additional-only="false" sort-key="B28D3/02" definition-exists="false" ipc-concordant="B28D3/02" c-set-base-allowed="false" c-set-subsequent-allowed="true" date-revised="2013-01-01" status="published"><classification-symbol>B28D3/02</classification-symbol><class-title date-revised="2013-01-01"><title-part><text>Machines</text></title-part></class-title>
<classification-item breakdown-code="false" not-allocatable="false" level="9" additional-only="false" sort-key="B28D3/04" definition-exists="false" ipc-concordant="B28D3/04" c-set-base-allowed="false" c-set-subsequent-allowed="true" date-revised="2013-01-01" status="published"><classification-symbol>B28D3/04</classification-symbol><class-title date-revised="2013-01-01"><title-part><text>for grooving rollers</text></title-part></class-title></classification-item></classification-item></classification-item>
<classification-item breakdown-code="false" not-allocatable="false" level="7" additional-only="false" sort-key="B28D5/00" definition-exists="true" ipc-concordant="B28D5/00" c-set-base-allowed="false" c-set-subsequent-allowed="true" date-revised="2013-01-01" status="published"><classification-symbol>B28D5/00</classification-symbol><class-title date-revised="2013-01-01"><title-part><text>Fine working of gems, jewels, crystals, e.g. of semiconductor material</text></title-part><title-part><text>apparatus or devices therefor </text><reference><text>working by grinding or polishing <class-ref scheme="cpc">B24</class-ref>; for artistic purposes <class-ref scheme="cpc">B44B</class-ref></text></reference></title-part></class-title>
<classification-item breakdown-code="false" not-allocatable="false" level="8" additional-only="false" sort-key="B28D5/0005" definition-exists="false" ipc-concordant="B28D5/00" c-set-base-allowed="false" c-set-subsequent-allowed="true" date-revised="2013-01-01" status="published"><classification-symbol>B28D5/0005</classification-symbol><class-title date-revised="2013-01-01"><title-part><CPC-specific-text><text>by breaking, e.g. dicing</text></CPC-specific-text></title-part></class-title>
<classification-item breakdown-code="false" not-allocatable="false" level="9" additional-only="false" sort-key="B28D5/0011" definition-exists="false" ipc-concordant="B28D5/00" c-set-base-allowed="false" c-set-subsequent-allowed="true" date-revised="2013-01-01" status="published"><classification-symbol>B28D5/0011</classification-symbol><class-title date-revised="2013-01-01"><title-part><CPC-specific-text><text>with preliminary treatment, e.g. weakening by scoring</text></CPC-specific-text></title-part></class-title></classification-item>
<classification-item breakdown-code="false" not-allocatable="false" level="9" additional-only="false" sort-key="B28D5/0017" definition-exists="false" ipc-concordant="B28D5/00" c-set-base-allowed="false" c-set-subsequent-allowed="true" date-revised="2013-01-01" status="published"><classification-symbol>B28D5/0017</classification-symbol><class-title date-revised="2013-01-01"><title-part><CPC-specific-text><text>using moving tools</text></CPC-specific-text></title-part></class-title>
<classification-item breakdown-code="false" not-allocatable="false" level="10" additional-only="false" sort-key="B28D5/0023" definition-exists="false" ipc-concordant="B28D5/00" c-set-base-allowed="false" c-set-subsequent-allowed="true" date-revised="2013-01-01" status="published"><classification-symbol>B28D5/0023</classification-symbol><class-title date-revised="2013-01-01"><title-part><CPC-specific-text><text>rectilinearly</text></CPC-specific-text></title-part></class-title></classification-item>
<classification-item breakdown-code="false" not-allocatable="false" level="10" additional-only="false" sort-key="B28D5/0029" definition-exists="false" ipc-concordant="B28D5/00" c-set-base-allowed="false" c-set-subsequent-allowed="true" date-revised="2013-01-01" status="published"><classification-symbol>B28D5/0029</classification-symbol><class-title date-revised="2013-01-01"><title-part><CPC-specific-text><text>rotating</text></CPC-specific-text></title-part></class-title>
<classification-item breakdown-code="false" not-allocatable="false" level="11" additional-only="false" sort-key="B28D5/0035" definition-exists="false" ipc-concordant="B28D5/00" c-set-base-allowed="false" c-set-subsequent-allowed="true" date-revised="2013-01-01" status="published"><classification-symbol>B28D5/0035</classification-symbol><class-title date-revised="2013-01-01"><title-part><CPC-specific-text><text>cooperating with a straight breaking edge</text></CPC-specific-text></title-part></class-title></classification-item></classification-item></classification-item>
<classification-item breakdown-code="false" not-allocatable="false" level="9" additional-only="false" sort-key="B28D5/0041" definition-exists="false" ipc-concordant="B28D5/00" c-set-base-allowed="false" c-set-subsequent-allowed="true" date-revised="2013-01-01" status="published"><classification-symbol>B28D5/0041</classification-symbol><class-title date-revised="2013-01-01"><title-part><CPC-specific-text><text>the workpiece being brought into contact with a suitably shaped rigid body which remains stationary during breaking</text></CPC-specific-text></title-part></class-title>
<classification-item breakdown-code="false" not-allocatable="false" level="10" additional-only="false" sort-key="B28D5/0047" definition-exists="false" ipc-concordant="B28D5/00" c-set-base-allowed="false" c-set-subsequent-allowed="true" date-revised="2013-01-01" status="published"><classification-symbol>B28D5/0047</classification-symbol><class-title date-revised="2013-01-01"><title-part><CPC-specific-text><text>using fluid or gas pressure</text></CPC-specific-text></title-part></class-title></classification-item></classification-item>
<classification-item breakdown-code="false" not-allocatable="false" level="9" additional-only="false" sort-key="B28D5/0052" definition-exists="false" ipc-concordant="B28D5/00" c-set-base-allowed="false" c-set-subsequent-allowed="true" date-revised="2013-01-01" status="published"><classification-symbol>B28D5/0052</classification-symbol><class-title date-revised="2013-01-01"><title-part><CPC-specific-text><text>Means for supporting or holding work during breaking </text><reference><text>means for conveying work to or discharging work from the breaking machine <class-ref scheme="cpc">B28D5/0058</class-ref></text></reference></CPC-specific-text></title-part></class-title></classification-item></classification-item>
<classification-item breakdown-code="false" not-allocatable="false" level="8" additional-only="false" sort-key="B28D5/0058" definition-exists="false" ipc-concordant="B28D5/00" c-set-base-allowed="false" c-set-subsequent-allowed="true" date-revised="2013-01-01" status="published"><classification-symbol>B28D5/0058</classification-symbol><class-title date-revised="2013-01-01"><title-part><CPC-specific-text><text>Accessories specially adapted for use with machines for fine working of gems, jewels, crystals, e.g. of semiconductor material </text><reference><text><class-ref scheme="cpc">B28D5/0005</class-ref>, <class-ref scheme="cpc">B28D5/024</class-ref> take precedence</text></reference></CPC-specific-text></title-part></class-title>
<classification-item breakdown-code="false" not-allocatable="false" level="9" additional-only="false" sort-key="B28D5/0064" definition-exists="false" ipc-concordant="B28D5/00" c-set-base-allowed="false" c-set-subsequent-allowed="true" date-revised="2013-01-01" status="published"><classification-symbol>B28D5/0064</classification-symbol><class-title date-revised="2013-01-01"><title-part><CPC-specific-text><text>Devices for the automatic drive or the program control of the machines</text></CPC-specific-text></title-part></class-title></classification-item>
<classification-item breakdown-code="false" not-allocatable="false" level="9" additional-only="false" sort-key="B28D5/007" definition-exists="false" ipc-concordant="B28D5/00" c-set-base-allowed="false" c-set-subsequent-allowed="true" date-revised="2013-01-01" status="published"><classification-symbol>B28D5/007</classification-symbol><class-title date-revised="2013-01-01"><title-part><CPC-specific-text><text>Use, recovery or regeneration of abrasive mediums </text><reference><text>for grinding and polishing in general <class-ref scheme="cpc">B24B57/00</class-ref></text></reference></CPC-specific-text></title-part></class-title></classification-item>
<classification-item breakdown-code="false" not-allocatable="false" level="9" additional-only="false" sort-key="B28D5/0076" definition-exists="false" ipc-concordant="B28D5/00" c-set-base-allowed="false" c-set-subsequent-allowed="true" date-revised="2013-01-01" status="published"><classification-symbol>B28D5/0076</classification-symbol><class-title date-revised="2013-01-01"><title-part><CPC-specific-text><text>for removing dust, e.g. by spraying liquids; for lubricating, cooling or cleaning tool or work</text></CPC-specific-text></title-part></class-title></classification-item>
<classification-item breakdown-code="false" not-allocatable="false" level="9" additional-only="false" sort-key="B28D5/0082" definition-exists="false" ipc-concordant="B28D5/00" c-set-base-allowed="false" c-set-subsequent-allowed="true" date-revised="2013-01-01" status="published"><classification-symbol>B28D5/0082</classification-symbol><class-title date-revised="2013-01-01"><title-part><CPC-specific-text><text>for supporting, holding, feeding, conveying or discharging work</text></CPC-specific-text></title-part></class-title>
<classification-item breakdown-code="false" not-allocatable="false" level="10" additional-only="false" sort-key="B28D5/0088" definition-exists="false" ipc-concordant="B28D5/00" c-set-base-allowed="false" c-set-subsequent-allowed="true" date-revised="2013-01-01" status="published"><classification-symbol>B28D5/0088</classification-symbol><class-title date-revised="2013-01-01"><title-part><CPC-specific-text><text>the supporting or holding device being angularly adjustable</text></CPC-specific-text></title-part></class-title></classification-item>
<classification-item breakdown-code="false" not-allocatable="false" level="10" additional-only="false" sort-key="B28D5/0094" definition-exists="false" ipc-concordant="B28D5/00" c-set-base-allowed="false" c-set-subsequent-allowed="true" date-revised="2013-01-01" status="published"><classification-symbol>B28D5/0094</classification-symbol><class-title date-revised="2013-01-01"><title-part><CPC-specific-text><text>the supporting or holding device being of the vacuum type</text></CPC-specific-text></title-part></class-title></classification-item></classification-item></classification-item>
<classification-item breakdown-code="false" not-allocatable="false" level="8" additional-only="false" sort-key="B28D5/02" definition-exists="false" ipc-concordant="B28D5/02" c-set-base-allowed="false" c-set-subsequent-allowed="true" date-revised="2013-01-01" status="published"><classification-symbol>B28D5/02</classification-symbol><class-title date-revised="2013-01-01"><title-part><text>by rotary tools, e.g. drills </text><CPC-specific-text><reference><text><class-ref scheme="cpc">B28D5/0005</class-ref> takes precedence</text></reference></CPC-specific-text></title-part></class-title>
<classification-item breakdown-code="false" not-allocatable="false" level="9" additional-only="false" sort-key="B28D5/021" definition-exists="false" ipc-concordant="B28D5/02" c-set-base-allowed="false" c-set-subsequent-allowed="true" date-revised="2013-01-01" status="published"><classification-symbol>B28D5/021</classification-symbol><class-title date-revised="2013-01-01"><title-part><CPC-specific-text><text>by drilling</text></CPC-specific-text></title-part></class-title></classification-item>
<classification-item breakdown-code="false" not-allocatable="false" level="9" additional-only="false" sort-key="B28D5/022" definition-exists="false" ipc-concordant="B28D5/02" c-set-base-allowed="false" c-set-subsequent-allowed="true" date-revised="2013-01-01" status="published"><classification-symbol>B28D5/022</classification-symbol><class-title date-revised="2013-01-01"><title-part><CPC-specific-text><text>by cutting with discs or wheels</text></CPC-specific-text></title-part></class-title>
<classification-item breakdown-code="false" not-allocatable="false" level="10" additional-only="false" sort-key="B28D5/023" definition-exists="false" ipc-concordant="B28D5/02" c-set-base-allowed="false" c-set-subsequent-allowed="true" date-revised="2013-01-01" status="published"><classification-symbol>B28D5/023</classification-symbol><class-title date-revised="2013-01-01"><title-part><CPC-specific-text><text>with a cutting blade mounted on a carriage</text></CPC-specific-text></title-part></class-title></classification-item>
<classification-item breakdown-code="false" not-allocatable="false" level="10" additional-only="false" sort-key="B28D5/024" definition-exists="false" ipc-concordant="B28D5/02" c-set-base-allowed="false" c-set-subsequent-allowed="true" date-revised="2013-01-01" status="published"><classification-symbol>B28D5/024</classification-symbol><class-title date-revised="2013-01-01"><title-part><CPC-specific-text><text>with the stock carried by a movable support for feeding stock into engagement with the cutting blade, e.g. stock carried by a pivoted arm or a carriage</text></CPC-specific-text></title-part></class-title>
<classification-item breakdown-code="false" not-allocatable="false" level="11" additional-only="false" sort-key="B28D5/025" definition-exists="false" ipc-concordant="B28D5/02" c-set-base-allowed="false" c-set-subsequent-allowed="true" date-revised="2013-01-01" status="published"><classification-symbol>B28D5/025</classification-symbol><class-title date-revised="2013-01-01"><title-part><CPC-specific-text><text>with the stock carried by a pivoted arm</text></CPC-specific-text></title-part></class-title></classification-item></classification-item>
<classification-item breakdown-code="false" not-allocatable="false" level="10" additional-only="false" sort-key="B28D5/026" definition-exists="false" ipc-concordant="B28D5/02" c-set-base-allowed="false" c-set-subsequent-allowed="true" date-revised="2013-01-01" status="published"><classification-symbol>B28D5/026</classification-symbol><class-title date-revised="2013-01-01"><title-part><CPC-specific-text><text>with a cutting blade carried by a movable arm, e.g. pivoted </text><reference><text><class-ref scheme="cpc">B28D5/023</class-ref> and <class-ref scheme="cpc">B28D5/028</class-ref> take precedence</text></reference></CPC-specific-text></title-part></class-title></classification-item>
<classification-item breakdown-code="false" not-allocatable="false" level="10" additional-only="false" sort-key="B28D5/027" definition-exists="false" ipc-concordant="B28D5/02" c-set-base-allowed="false" c-set-subsequent-allowed="true" date-revised="2013-01-01" status="published"><classification-symbol>B28D5/027</classification-symbol><class-title date-revised="2013-01-01"><title-part><CPC-specific-text><text>with a cutting blade arranged underneath a stationary work table</text></CPC-specific-text></title-part></class-title></classification-item>
<classification-item breakdown-code="false" not-allocatable="false" level="10" additional-only="false" sort-key="B28D5/028" definition-exists="false" ipc-concordant="B28D5/02" c-set-base-allowed="false" c-set-subsequent-allowed="true" date-revised="2013-01-01" status="published"><classification-symbol>B28D5/028</classification-symbol><class-title date-revised="2013-01-01"><title-part><CPC-specific-text><text>with a ring blade having an inside cutting edge</text></CPC-specific-text></title-part></class-title></classification-item>
<classification-item breakdown-code="false" not-allocatable="false" level="10" additional-only="false" sort-key="B28D5/029" definition-exists="false" ipc-concordant="B28D5/02" c-set-base-allowed="false" c-set-subsequent-allowed="true" date-revised="2013-01-01" status="published"><classification-symbol>B28D5/029</classification-symbol><class-title date-revised="2013-01-01"><title-part><CPC-specific-text><text>with a plurality of cutting blades</text></CPC-specific-text></title-part></class-title></classification-item></classification-item></classification-item>
<classification-item breakdown-code="false" not-allocatable="false" level="8" additional-only="false" sort-key="B28D5/04" definition-exists="false" ipc-concordant="B28D5/04" c-set-base-allowed="false" c-set-subsequent-allowed="true" date-revised="2013-01-01" status="published"><classification-symbol>B28D5/04</classification-symbol><class-title date-revised="2013-01-01"><title-part><text>by tools other than rotary type, e.g. reciprocating tools </text><CPC-specific-text><reference><text><class-ref scheme="cpc">B28D5/0005</class-ref> takes precedence</text></reference></CPC-specific-text></title-part></class-title>
<classification-item breakdown-code="false" not-allocatable="false" level="9" additional-only="false" sort-key="B28D5/042" definition-exists="false" ipc-concordant="B28D5/04" c-set-base-allowed="false" c-set-subsequent-allowed="true" date-revised="2013-01-01" status="published"><classification-symbol>B28D5/042</classification-symbol><class-title date-revised="2013-01-01"><title-part><CPC-specific-text><text>by cutting with blades or wires mounted in a reciprocating frame</text></CPC-specific-text></title-part></class-title></classification-item>
<classification-item breakdown-code="false" not-allocatable="false" level="9" additional-only="false" sort-key="B28D5/045" definition-exists="false" ipc-concordant="B28D5/04" c-set-base-allowed="false" c-set-subsequent-allowed="true" date-revised="2013-01-01" status="published"><classification-symbol>B28D5/045</classification-symbol><class-title date-revised="2013-01-01"><title-part><CPC-specific-text><text>by cutting with wires or closed-loop blades </text><reference><text><class-ref scheme="cpc">B28D5/042</class-ref> takes precedence</text></reference></CPC-specific-text></title-part></class-title></classification-item>
<classification-item breakdown-code="false" not-allocatable="false" level="9" additional-only="false" sort-key="B28D5/047" definition-exists="false" ipc-concordant="B28D5/04" c-set-base-allowed="false" c-set-subsequent-allowed="true" date-revised="2013-01-01" status="published"><classification-symbol>B28D5/047</classification-symbol><class-title date-revised="2013-01-01"><title-part><CPC-specific-text><text>by ultrasonic cutting </text><reference><text>using abrading substances or abrading tools subjected to a bouncing action by ultrasonic energy <class-ref scheme="cpc">B24B1/04</class-ref></text></reference></CPC-specific-text></title-part></class-title></classification-item></classification-item></classification-item>
<classification-item breakdown-code="false" not-allocatable="false" level="7" additional-only="false" sort-key="B28D7/00" definition-exists="true" ipc-concordant="B28D7/00" c-set-base-allowed="false" c-set-subsequent-allowed="true" date-revised="2013-01-01" status="published"><classification-symbol>B28D7/00</classification-symbol><class-title date-revised="2013-01-01"><title-part><text>Accessories specially adapted for use with machines or devices of the preceding groups </text><CPC-specific-text><reference><text><class-ref scheme="cpc">B28D5/0058</class-ref> takes precedence</text></reference></CPC-specific-text></title-part></class-title>
<classification-item breakdown-code="false" not-allocatable="false" level="8" additional-only="false" sort-key="B28D7/005" definition-exists="false" ipc-concordant="B28D7/00" c-set-base-allowed="false" c-set-subsequent-allowed="true" date-revised="2013-01-01" status="published"><classification-symbol>B28D7/005</classification-symbol><class-title date-revised="2013-01-01"><title-part><CPC-specific-text><text>Devices for the automatic drive or the program control of the machines</text></CPC-specific-text></title-part></class-title></classification-item>
<classification-item breakdown-code="false" not-allocatable="false" level="8" additional-only="false" sort-key="B28D7/02" definition-exists="false" ipc-concordant="B28D7/02" c-set-base-allowed="false" c-set-subsequent-allowed="true" date-revised="2013-01-01" status="published"><classification-symbol>B28D7/02</classification-symbol><class-title date-revised="2013-01-01"><title-part><text>for removing or laying dust, e.g. by spraying liquids</text></title-part><title-part><text>for cooling work</text></title-part></class-title></classification-item>
<classification-item breakdown-code="false" not-allocatable="false" level="8" additional-only="false" sort-key="B28D7/04" definition-exists="false" ipc-concordant="B28D7/04" c-set-base-allowed="false" c-set-subsequent-allowed="true" date-revised="2013-01-01" status="published"><classification-symbol>B28D7/04</classification-symbol><class-title date-revised="2013-01-01"><title-part><text>for supporting or holding work </text><CPC-specific-text><text>or conveying or discharging work </text><reference><text><class-ref scheme="cpc">B28D1/047</class-ref>, <class-ref scheme="cpc">B28D5/0041</class-ref>, <class-ref scheme="cpc">B28D5/0052</class-ref> take precedence</text></reference></CPC-specific-text></title-part></class-title>
<classification-item breakdown-code="false" not-allocatable="false" level="9" additional-only="false" sort-key="B28D7/043" definition-exists="false" ipc-concordant="B28D7/04" c-set-base-allowed="false" c-set-subsequent-allowed="true" date-revised="2013-01-01" status="published"><classification-symbol>B28D7/043</classification-symbol><class-title date-revised="2013-01-01"><title-part><CPC-specific-text><text>the supporting or holding device being angularly adjustable</text></CPC-specific-text></title-part></class-title></classification-item>
<classification-item breakdown-code="false" not-allocatable="false" level="9" additional-only="false" sort-key="B28D7/046" definition-exists="false" ipc-concordant="B28D7/04" c-set-base-allowed="false" c-set-subsequent-allowed="true" date-revised="2013-01-01" status="published"><classification-symbol>B28D7/046</classification-symbol><class-title date-revised="2013-01-01"><title-part><CPC-specific-text><text>the supporting or holding device being of the vacuum type</text></CPC-specific-text></title-part></class-title></classification-item></classification-item></classification-item></classification-item></classification-item></class-scheme>