<?xml version="1.0" encoding="UTF-8"?>
<class-scheme publication-date="2018-02-01" scheme-type="cpc" publication-type="official">
<classification-item breakdown-code="false" not-allocatable="true" level="5" additional-only="false" sort-key="A47D" definition-exists="true" date-revised="2013-01-01" status="published"><classification-symbol>A47D</classification-symbol><class-title date-revised="2013-01-01"><title-part><text>FURNITURE SPECIALLY ADAPTED FOR CHILDREN </text><reference><text>school benches or desks <class-ref scheme="cpc">A47B39/00</class-ref>, <class-ref scheme="cpc">A47B41/00</class-ref></text></reference></title-part></class-title>
<classification-item breakdown-code="false" not-allocatable="true" level="6" additional-only="false" sort-key="A47D1/00" date-revised="2013-01-01" status="published"><classification-symbol>A47D1/00</classification-symbol>
<classification-item breakdown-code="false" not-allocatable="false" level="7" additional-only="false" sort-key="A47D1/00" definition-exists="true" ipc-concordant="A47D1/00" c-set-base-allowed="false" c-set-subsequent-allowed="true" date-revised="2013-01-01" status="published"><classification-symbol>A47D1/00</classification-symbol><class-title date-revised="2013-01-01"><title-part><text>Children&apos;s chairs </text><reference><text>chairs generally <class-ref scheme="cpc">A47C</class-ref></text></reference></title-part></class-title>
<classification-item breakdown-code="false" not-allocatable="false" level="8" additional-only="false" sort-key="A47D1/002" definition-exists="false" ipc-concordant="A47D1/00" c-set-base-allowed="false" c-set-subsequent-allowed="true" date-revised="2013-01-01" status="published"><classification-symbol>A47D1/002</classification-symbol><class-title date-revised="2013-01-01"><title-part><CPC-specific-text><text>adjustable</text></CPC-specific-text></title-part></class-title>
<classification-item breakdown-code="false" not-allocatable="false" level="9" additional-only="false" sort-key="A47D1/004" definition-exists="false" ipc-concordant="A47D1/00" c-set-base-allowed="false" c-set-subsequent-allowed="true" date-revised="2013-01-01" status="published"><classification-symbol>A47D1/004</classification-symbol><class-title date-revised="2013-01-01"><title-part><CPC-specific-text><text>in height</text></CPC-specific-text></title-part></class-title></classification-item></classification-item>
<classification-item breakdown-code="false" not-allocatable="false" level="8" additional-only="false" sort-key="A47D1/006" definition-exists="false" ipc-concordant="A47D1/00" c-set-base-allowed="false" c-set-subsequent-allowed="true" date-revised="2013-01-01" status="published"><classification-symbol>A47D1/006</classification-symbol><class-title date-revised="2013-01-01"><title-part><CPC-specific-text><text>dismountable</text></CPC-specific-text></title-part></class-title></classification-item>
<classification-item breakdown-code="false" not-allocatable="false" level="8" additional-only="false" sort-key="A47D1/008" definition-exists="true" ipc-concordant="A47D1/00" c-set-base-allowed="false" c-set-subsequent-allowed="true" date-revised="2017-05-01" status="published"><classification-symbol>A47D1/008</classification-symbol><class-title date-revised="2017-05-01"><title-part><CPC-specific-text><text>with trays </text><reference><text>combinations of chairs and tables <class-ref scheme="cpc">A47B83/02</class-ref>; children&apos;s chairs combined with tables <class-ref scheme="cpc">A47D3/00</class-ref></text></reference></CPC-specific-text></title-part></class-title><notes-and-warnings><note type="warning"><note-paragraph warning-type="reclass-source">Group <class-ref scheme="cpc">A47D1/008</class-ref> is impacted by reclassification into groups <class-ref scheme="cpc">A47D1/0081</class-ref>, <class-ref scheme="cpc">A47D1/0083</class-ref> and <class-ref scheme="cpc">A47D1/0085</class-ref>. <br/>Groups <class-ref scheme="cpc">A47D1/008</class-ref> and <class-ref scheme="cpc">A47D1/0081</class-ref>, <class-ref scheme="cpc">A47D1/0083</class-ref> and <class-ref scheme="cpc">A47D1/0085</class-ref> should be considered in order to perform a complete search.</note-paragraph></note></notes-and-warnings>
<classification-item breakdown-code="false" not-allocatable="false" level="9" additional-only="false" sort-key="A47D1/0081" definition-exists="true" ipc-concordant="A47D1/00" c-set-base-allowed="false" c-set-subsequent-allowed="true" date-revised="2017-05-01" status="published"><classification-symbol>A47D1/0081</classification-symbol><class-title date-revised="2017-05-01"><title-part><CPC-specific-text><text>adjustable</text></CPC-specific-text></title-part></class-title><notes-and-warnings><note type="warning"><note-paragraph warning-type="reclass-destination">Group <class-ref scheme="cpc">A47D1/0081</class-ref> is incomplete pending reclassification of documents from group <class-ref scheme="cpc">A47D1/008</class-ref>. <br/>Groups <class-ref scheme="cpc">A47D1/008</class-ref> and <class-ref scheme="cpc">A47D1/0081</class-ref> should be considered in order to perform a complete search.</note-paragraph></note></notes-and-warnings></classification-item>
<classification-item breakdown-code="false" not-allocatable="false" level="9" additional-only="false" sort-key="A47D1/0083" definition-exists="true" ipc-concordant="A47D1/00" c-set-base-allowed="false" c-set-subsequent-allowed="true" date-revised="2017-05-01" status="published"><classification-symbol>A47D1/0083</classification-symbol><class-title date-revised="2017-05-01"><title-part><CPC-specific-text><text>movable to inoperative position</text></CPC-specific-text></title-part></class-title><notes-and-warnings><note type="warning"><note-paragraph warning-type="reclass-destination">Group <class-ref scheme="cpc">A47D1/0083</class-ref> is incomplete pending reclassification of documents from group <class-ref scheme="cpc">A47D1/008</class-ref>. <br/>Groups <class-ref scheme="cpc">A47D1/008</class-ref> and <class-ref scheme="cpc">A47D1/0083</class-ref> should be considered in order to perform a complete search.</note-paragraph></note></notes-and-warnings></classification-item>
<classification-item breakdown-code="false" not-allocatable="false" level="9" additional-only="false" sort-key="A47D1/0085" definition-exists="true" ipc-concordant="A47D1/00" c-set-base-allowed="false" c-set-subsequent-allowed="true" date-revised="2017-05-01" status="published"><classification-symbol>A47D1/0085</classification-symbol><class-title date-revised="2017-05-01"><title-part><CPC-specific-text><text>removable</text></CPC-specific-text></title-part></class-title><notes-and-warnings><note type="warning"><note-paragraph warning-type="reclass-destination">Group <class-ref scheme="cpc">A47D1/0085</class-ref> is incomplete pending reclassification of documents from group <class-ref scheme="cpc">A47D1/008</class-ref>. <br/>Groups <class-ref scheme="cpc">A47D1/008</class-ref> and <class-ref scheme="cpc">A47D1/0085</class-ref> should be considered in order to perform a complete search.</note-paragraph></note></notes-and-warnings></classification-item></classification-item>
<classification-item breakdown-code="false" not-allocatable="false" level="8" additional-only="false" sort-key="A47D1/02" definition-exists="true" ipc-concordant="A47D1/02" c-set-base-allowed="false" c-set-subsequent-allowed="true" date-revised="2017-05-01" status="published"><classification-symbol>A47D1/02</classification-symbol><class-title date-revised="2013-01-01"><title-part><text>Foldable chairs </text><CPC-specific-text><reference><text>foldable rocking-chairs <class-ref scheme="cpc">A47D13/10</class-ref></text></reference></CPC-specific-text></title-part></class-title><notes-and-warnings><note type="warning"><note-paragraph warning-type="reclass-source">Group <class-ref scheme="cpc">A47D1/02</class-ref> is impacted by reclassification into group <class-ref scheme="cpc">A47D1/023</class-ref>.<br/>Groups <class-ref scheme="cpc">A47D1/02</class-ref> and <class-ref scheme="cpc">A47D1/023</class-ref> should be considered in order to perform a complete search.</note-paragraph></note></notes-and-warnings>
<classification-item breakdown-code="false" not-allocatable="false" level="9" additional-only="false" sort-key="A47D1/023" definition-exists="true" ipc-concordant="A47D1/02" c-set-base-allowed="false" c-set-subsequent-allowed="true" date-revised="2017-05-01" status="published"><classification-symbol>A47D1/023</classification-symbol><class-title date-revised="2017-05-01"><title-part><CPC-specific-text><text>of high chair type</text></CPC-specific-text></title-part></class-title><notes-and-warnings><note type="warning"><note-paragraph warning-type="reclass-destination">Group <class-ref scheme="cpc">A47D1/023</class-ref> is incomplete pending reclassification of documents from group <class-ref scheme="cpc">A47D1/02</class-ref>. <br/>Groups <class-ref scheme="cpc">A47D1/02</class-ref> and <class-ref scheme="cpc">A47D1/023</class-ref> should be considered in order to perform a complete search.</note-paragraph></note></notes-and-warnings></classification-item></classification-item>
<classification-item breakdown-code="false" not-allocatable="false" level="8" additional-only="false" sort-key="A47D1/04" definition-exists="false" ipc-concordant="A47D1/04" c-set-base-allowed="false" c-set-subsequent-allowed="true" date-revised="2017-05-01" status="published"><classification-symbol>A47D1/04</classification-symbol><class-title date-revised="2017-05-01"><title-part><text>convertible from a high chair to a low one </text><CPC-specific-text><text>, e.g.</text></CPC-specific-text><text> by reversing</text></title-part></class-title></classification-item>
<classification-item breakdown-code="false" not-allocatable="false" level="8" additional-only="false" sort-key="A47D1/06" definition-exists="false" ipc-concordant="A47D1/06" c-set-base-allowed="false" c-set-subsequent-allowed="true" date-revised="2013-01-01" status="published"><classification-symbol>A47D1/06</classification-symbol><class-title date-revised="2013-01-01"><title-part><text>convertible to a push chair</text></title-part></class-title></classification-item>
<classification-item breakdown-code="false" not-allocatable="false" level="8" additional-only="false" sort-key="A47D1/08" definition-exists="false" ipc-concordant="A47D1/08" c-set-base-allowed="false" c-set-subsequent-allowed="true" date-revised="2013-01-01" status="published"><classification-symbol>A47D1/08</classification-symbol><class-title date-revised="2013-01-01"><title-part><text>convertible to a rocking chair</text></title-part></class-title></classification-item>
<classification-item breakdown-code="false" not-allocatable="false" level="8" additional-only="false" sort-key="A47D1/10" definition-exists="false" ipc-concordant="A47D1/10" c-set-base-allowed="false" c-set-subsequent-allowed="true" date-revised="2013-01-01" status="published"><classification-symbol>A47D1/10</classification-symbol><class-title date-revised="2013-01-01"><title-part><text>capable of being suspended from, or attached to, tables or other articles </text><reference><text>vehicle seats for children <class-ref scheme="cpc">B60N2/26</class-ref></text></reference></title-part></class-title>
<classification-item breakdown-code="false" not-allocatable="false" level="9" additional-only="false" sort-key="A47D1/103" definition-exists="false" ipc-concordant="A47D1/10" c-set-base-allowed="false" c-set-subsequent-allowed="true" date-revised="2013-01-01" status="published"><classification-symbol>A47D1/103</classification-symbol><class-title date-revised="2013-01-01"><title-part><CPC-specific-text><text>attachable to adult&apos;s chairs</text></CPC-specific-text></title-part></class-title></classification-item>
<classification-item breakdown-code="false" not-allocatable="false" level="9" additional-only="false" sort-key="A47D1/106" definition-exists="false" ipc-concordant="A47D1/10" c-set-base-allowed="false" c-set-subsequent-allowed="true" date-revised="2013-01-01" status="published"><classification-symbol>A47D1/106</classification-symbol><class-title date-revised="2013-01-01"><title-part><CPC-specific-text><text>attachable to tables</text></CPC-specific-text></title-part></class-title></classification-item></classification-item></classification-item>
<classification-item breakdown-code="false" not-allocatable="false" level="7" additional-only="false" sort-key="A47D3/00" definition-exists="true" ipc-concordant="A47D3/00" c-set-base-allowed="false" c-set-subsequent-allowed="true" date-revised="2017-05-01" status="published"><classification-symbol>A47D3/00</classification-symbol><class-title date-revised="2017-05-01"><title-part><text>Children&apos;s tables </text><CPC-specific-text><reference><text>school forms <class-ref scheme="cpc">A47B39/00</class-ref>; school desks or tables <class-ref scheme="cpc">A47B41/00</class-ref></text></reference></CPC-specific-text></title-part></class-title><notes-and-warnings><note type="warning"><note-paragraph warning-type="reclass-source">Group <class-ref scheme="cpc">A47D3/00</class-ref> is impacted by reclassification into group <class-ref scheme="cpc">A47D3/001</class-ref>.<br/>Group <class-ref scheme="cpc">A47D3/00</class-ref> and <class-ref scheme="cpc">A47D3/001</class-ref> should be considered in order to perform a complete search.</note-paragraph></note></notes-and-warnings>
<classification-item breakdown-code="false" not-allocatable="false" level="8" additional-only="false" sort-key="A47D3/001" definition-exists="true" ipc-concordant="A47D3/00" c-set-base-allowed="false" c-set-subsequent-allowed="true" date-revised="2017-05-01" status="published"><classification-symbol>A47D3/001</classification-symbol><class-title date-revised="2017-05-01"><title-part><CPC-specific-text><text>surrounding the seat</text></CPC-specific-text></title-part></class-title><notes-and-warnings><note type="warning"><note-paragraph warning-type="reclass-destination">Group <class-ref scheme="cpc">A47D3/001</class-ref> is incomplete pending reclassification of documents from group <class-ref scheme="cpc">A47D3/00</class-ref>. <br/>Groups <class-ref scheme="cpc">A47D3/00</class-ref> and <class-ref scheme="cpc">A47D3/001</class-ref> should be considered in order to perform a complete search.</note-paragraph></note></notes-and-warnings></classification-item>
<classification-item breakdown-code="false" not-allocatable="false" level="8" additional-only="false" sort-key="A47D3/005" definition-exists="false" ipc-concordant="A47D3/00" c-set-base-allowed="false" c-set-subsequent-allowed="true" date-revised="2013-01-01" status="published"><classification-symbol>A47D3/005</classification-symbol><class-title date-revised="2013-01-01"><title-part><CPC-specific-text><text>with pivoting or shifting, optionally tipping-up children&apos;s chairs mounted thereon</text></CPC-specific-text></title-part></class-title></classification-item></classification-item>
<classification-item breakdown-code="false" not-allocatable="false" level="7" additional-only="false" sort-key="A47D5/00" definition-exists="true" ipc-concordant="A47D5/00" c-set-base-allowed="false" c-set-subsequent-allowed="true" date-revised="2013-01-01" status="published"><classification-symbol>A47D5/00</classification-symbol><class-title date-revised="2013-01-01"><title-part><text>Dressing-tables </text><CPC-specific-text><text>or diaper changing supports</text></CPC-specific-text><text> for children </text><reference><text>chests of drawers <class-ref scheme="cpc">A47B67/00</class-ref></text></reference></title-part></class-title>
<classification-item breakdown-code="false" not-allocatable="false" level="8" additional-only="false" sort-key="A47D5/003" definition-exists="false" ipc-concordant="A47D5/00" c-set-base-allowed="false" c-set-subsequent-allowed="true" date-revised="2013-01-01" status="published"><classification-symbol>A47D5/003</classification-symbol><class-title date-revised="2013-01-01"><title-part><CPC-specific-text><text>attached to the wall</text></CPC-specific-text></title-part></class-title></classification-item>
<classification-item breakdown-code="false" not-allocatable="false" level="8" additional-only="false" sort-key="A47D5/006" definition-exists="false" ipc-concordant="A47D5/00" c-set-base-allowed="false" c-set-subsequent-allowed="true" date-revised="2013-01-01" status="published"><classification-symbol>A47D5/006</classification-symbol><class-title date-revised="2013-01-01"><title-part><CPC-specific-text><text>foldable</text></CPC-specific-text></title-part></class-title></classification-item></classification-item>
<classification-item breakdown-code="false" not-allocatable="false" level="7" additional-only="false" sort-key="A47D7/00" definition-exists="true" ipc-concordant="A47D7/00" c-set-base-allowed="false" c-set-subsequent-allowed="true" date-revised="2013-01-01" status="published"><classification-symbol>A47D7/00</classification-symbol><class-title date-revised="2013-01-01"><title-part><text>Children&apos;s beds </text><reference><text>beds in general <class-ref scheme="cpc">A47C</class-ref></text></reference></title-part></class-title>
<classification-item breakdown-code="false" not-allocatable="false" level="8" additional-only="false" sort-key="A47D7/002" definition-exists="false" ipc-concordant="A47D7/00" c-set-base-allowed="false" c-set-subsequent-allowed="true" date-revised="2013-01-01" status="published"><classification-symbol>A47D7/002</classification-symbol><class-title date-revised="2013-01-01"><title-part><CPC-specific-text><text>foldable</text></CPC-specific-text></title-part></class-title></classification-item>
<classification-item breakdown-code="false" not-allocatable="false" level="8" additional-only="false" sort-key="A47D7/005" definition-exists="false" ipc-concordant="A47D7/00" c-set-base-allowed="false" c-set-subsequent-allowed="true" date-revised="2013-01-01" status="published"><classification-symbol>A47D7/005</classification-symbol><class-title date-revised="2013-01-01"><title-part><CPC-specific-text><text>dismountable</text></CPC-specific-text></title-part></class-title></classification-item>
<classification-item breakdown-code="false" not-allocatable="false" level="8" additional-only="false" sort-key="A47D7/007" definition-exists="false" ipc-concordant="A47D7/00" c-set-base-allowed="false" c-set-subsequent-allowed="true" date-revised="2013-01-01" status="published"><classification-symbol>A47D7/007</classification-symbol><class-title date-revised="2013-01-01"><title-part><CPC-specific-text><text>combined with other nursery furniture, e.g. chests of drawers</text></CPC-specific-text></title-part></class-title></classification-item>
<classification-item breakdown-code="false" not-allocatable="false" level="8" additional-only="false" sort-key="A47D7/01" definition-exists="false" ipc-concordant="A47D7/01" c-set-base-allowed="false" c-set-subsequent-allowed="true" date-revised="2013-01-01" status="published"><classification-symbol>A47D7/01</classification-symbol><class-title date-revised="2013-01-01"><title-part><text>with adjustable parts, e.g. for adapting the length to the growth of the children</text></title-part></class-title>
<classification-item breakdown-code="false" not-allocatable="false" level="9" additional-only="false" sort-key="A47D7/02" definition-exists="false" ipc-concordant="A47D7/02" c-set-base-allowed="false" c-set-subsequent-allowed="true" date-revised="2013-01-01" status="published"><classification-symbol>A47D7/02</classification-symbol><class-title date-revised="2013-01-01"><title-part><text>with side wall that can be lowered</text></title-part></class-title></classification-item>
<classification-item breakdown-code="false" not-allocatable="false" level="9" additional-only="false" sort-key="A47D7/03" definition-exists="false" ipc-concordant="A47D7/03" c-set-base-allowed="false" c-set-subsequent-allowed="true" date-revised="2013-01-01" status="published"><classification-symbol>A47D7/03</classification-symbol><class-title date-revised="2013-01-01"><title-part><text>with adjustably-mounted mattresses</text></title-part></class-title></classification-item></classification-item>
<classification-item breakdown-code="false" not-allocatable="false" level="8" additional-only="false" sort-key="A47D7/04" definition-exists="false" ipc-concordant="A47D7/04" c-set-base-allowed="false" c-set-subsequent-allowed="true" date-revised="2013-01-01" status="published"><classification-symbol>A47D7/04</classification-symbol><class-title date-revised="2013-01-01"><title-part><text>capable of being suspended from, or attached to, window frames or other articles</text></title-part></class-title></classification-item></classification-item>
<classification-item breakdown-code="false" not-allocatable="false" level="7" additional-only="false" sort-key="A47D9/00" definition-exists="true" ipc-concordant="A47D9/00" c-set-base-allowed="false" c-set-subsequent-allowed="true" date-revised="2013-01-01" status="published"><classification-symbol>A47D9/00</classification-symbol><class-title date-revised="2013-01-01"><title-part><CPC-specific-text><text>Small beds for newborns or infants, e.g. bassinets or</text></CPC-specific-text><text> cradles</text></title-part></class-title>
<classification-item breakdown-code="false" not-allocatable="false" level="8" additional-only="false" sort-key="A47D9/005" definition-exists="false" ipc-concordant="A47D9/00" c-set-base-allowed="false" c-set-subsequent-allowed="true" date-revised="2013-01-01" status="published"><classification-symbol>A47D9/005</classification-symbol><class-title date-revised="2013-01-01"><title-part><CPC-specific-text><text>foldable</text></CPC-specific-text></title-part></class-title></classification-item>
<classification-item breakdown-code="false" not-allocatable="false" level="8" additional-only="false" sort-key="A47D9/02" definition-exists="false" ipc-concordant="A47D9/02" c-set-base-allowed="false" c-set-subsequent-allowed="true" date-revised="2013-01-01" status="published"><classification-symbol>A47D9/02</classification-symbol><class-title date-revised="2013-01-01"><title-part><text>with rocking mechanisms </text><reference><text>devices for moving perambulators to and from <class-ref scheme="cpc">B62B9/22</class-ref></text></reference></title-part></class-title>
<classification-item breakdown-code="false" not-allocatable="false" level="9" additional-only="false" sort-key="A47D9/04" definition-exists="false" ipc-concordant="A47D9/04" c-set-base-allowed="false" c-set-subsequent-allowed="true" date-revised="2013-01-01" status="published"><classification-symbol>A47D9/04</classification-symbol><class-title date-revised="2013-01-01"><title-part><text>with disconnectable rockers</text></title-part></class-title></classification-item></classification-item></classification-item>
<classification-item breakdown-code="false" not-allocatable="false" level="7" additional-only="false" sort-key="A47D11/00" definition-exists="true" ipc-concordant="A47D11/00" c-set-base-allowed="false" c-set-subsequent-allowed="true" date-revised="2013-01-01" status="published"><classification-symbol>A47D11/00</classification-symbol><class-title date-revised="2013-01-01"><title-part><text>Children&apos;s furniture convertible into other kinds of furniture, e.g. children&apos;s chairs or benches convertible into beds; </text><CPC-specific-text><text>Constructional play-furniture</text></CPC-specific-text><reference><text>convertible furniture in general <class-ref scheme="cpc">A47B85/00</class-ref></text></reference></title-part></class-title>
<classification-item breakdown-code="false" not-allocatable="false" level="8" additional-only="false" sort-key="A47D11/002" definition-exists="false" ipc-concordant="A47D11/00" c-set-base-allowed="false" c-set-subsequent-allowed="true" date-revised="2013-01-01" status="published"><classification-symbol>A47D11/002</classification-symbol><class-title date-revised="2013-01-01"><title-part><CPC-specific-text><text>Children&apos;s chairs convertible into tables</text></CPC-specific-text></title-part></class-title></classification-item>
<classification-item breakdown-code="false" not-allocatable="false" level="8" additional-only="false" sort-key="A47D11/005" definition-exists="false" ipc-concordant="A47D11/00" c-set-base-allowed="false" c-set-subsequent-allowed="true" date-revised="2013-01-01" status="published"><classification-symbol>A47D11/005</classification-symbol><class-title date-revised="2013-01-01"><title-part><CPC-specific-text><text>Convertible children&apos;s beds</text></CPC-specific-text></title-part></class-title>
<classification-item breakdown-code="false" not-allocatable="false" level="9" additional-only="false" sort-key="A47D11/007" definition-exists="false" ipc-concordant="A47D11/00" c-set-base-allowed="false" c-set-subsequent-allowed="true" date-revised="2013-01-01" status="published"><classification-symbol>A47D11/007</classification-symbol><class-title date-revised="2013-01-01"><title-part><CPC-specific-text><text>Children&apos;s beds convertible into children&apos;s pens</text></CPC-specific-text></title-part></class-title></classification-item></classification-item>
<classification-item breakdown-code="false" not-allocatable="false" level="8" additional-only="false" sort-key="A47D11/02" definition-exists="false" ipc-concordant="A47D11/02" c-set-base-allowed="false" c-set-subsequent-allowed="true" date-revised="2013-01-01" status="published"><classification-symbol>A47D11/02</classification-symbol><class-title date-revised="2013-01-01"><title-part><text>Chairs convertible into children&apos;s chairs</text></title-part></class-title></classification-item></classification-item>
<classification-item breakdown-code="false" not-allocatable="false" level="7" additional-only="false" sort-key="A47D13/00" definition-exists="true" ipc-concordant="A47D13/00" c-set-base-allowed="false" c-set-subsequent-allowed="true" date-revised="2013-01-01" status="published"><classification-symbol>A47D13/00</classification-symbol><class-title date-revised="2013-01-01"><title-part><text>Other nursery furniture </text><reference><text>auxiliary or portable toilet seats for children <class-ref scheme="cpc">A47K13/06</class-ref></text></reference></title-part></class-title>
<classification-item breakdown-code="false" not-allocatable="false" level="8" additional-only="false" sort-key="A47D13/02" definition-exists="true" ipc-concordant="A47D13/02" c-set-base-allowed="false" c-set-subsequent-allowed="true" date-revised="2013-01-01" status="published"><classification-symbol>A47D13/02</classification-symbol><class-title date-revised="2013-01-01"><title-part><text>Baby-carriers</text></title-part><title-part><text>Carry-cots</text></title-part></class-title>
<classification-item breakdown-code="false" not-allocatable="false" level="9" additional-only="false" sort-key="A47D13/025" definition-exists="false" ipc-concordant="A47D13/02" c-set-base-allowed="false" c-set-subsequent-allowed="true" date-revised="2013-01-01" status="published"><classification-symbol>A47D13/025</classification-symbol><class-title date-revised="2013-01-01"><title-part><CPC-specific-text><text>for carrying children in seated position</text></CPC-specific-text></title-part></class-title></classification-item></classification-item>
<classification-item breakdown-code="false" not-allocatable="false" level="8" additional-only="false" sort-key="A47D13/04" definition-exists="true" ipc-concordant="A47D13/04" c-set-base-allowed="false" c-set-subsequent-allowed="true" date-revised="2013-01-01" status="published"><classification-symbol>A47D13/04</classification-symbol><class-title date-revised="2013-01-01"><title-part><text>Apparatus for helping babies to walk</text></title-part><title-part><text>Baby walkers or strollers </text><reference><text>walking aids for the sick <class-ref scheme="cpc">A61H3/04</class-ref></text></reference></title-part></class-title>
<classification-item breakdown-code="false" not-allocatable="false" level="9" additional-only="false" sort-key="A47D13/043" definition-exists="false" ipc-concordant="A47D13/04" c-set-base-allowed="false" c-set-subsequent-allowed="true" date-revised="2013-01-01" status="published"><classification-symbol>A47D13/043</classification-symbol><class-title date-revised="2013-01-01"><title-part><CPC-specific-text><text>Chairs for walking</text></CPC-specific-text></title-part></class-title></classification-item>
<classification-item breakdown-code="false" not-allocatable="false" level="9" additional-only="false" sort-key="A47D13/046" definition-exists="false" ipc-concordant="A47D13/04" c-set-base-allowed="false" c-set-subsequent-allowed="true" date-revised="2013-01-01" status="published"><classification-symbol>A47D13/046</classification-symbol><class-title date-revised="2013-01-01"><title-part><CPC-specific-text><text>Harnesses for helping babies to walk </text><reference><text>safety harnesses for already walking children <class-ref scheme="cpc">A47D13/086</class-ref></text></reference></CPC-specific-text></title-part></class-title></classification-item></classification-item>
<classification-item breakdown-code="false" not-allocatable="false" level="8" additional-only="false" sort-key="A47D13/06" definition-exists="true" ipc-concordant="A47D13/06" c-set-base-allowed="false" c-set-subsequent-allowed="true" date-revised="2013-01-01" status="published"><classification-symbol>A47D13/06</classification-symbol><class-title date-revised="2013-01-01"><title-part><text>Children&apos;s </text><CPC-specific-text><text>play-</text></CPC-specific-text><text> pens</text></title-part></class-title>
<classification-item breakdown-code="false" not-allocatable="false" level="9" additional-only="false" sort-key="A47D13/061" definition-exists="false" ipc-concordant="A47D13/06" c-set-base-allowed="false" c-set-subsequent-allowed="true" date-revised="2013-01-01" status="published"><classification-symbol>A47D13/061</classification-symbol><class-title date-revised="2013-01-01"><title-part><CPC-specific-text><text>foldable</text></CPC-specific-text></title-part></class-title>
<classification-item breakdown-code="false" not-allocatable="false" level="10" additional-only="false" sort-key="A47D13/063" definition-exists="false" ipc-concordant="A47D13/06" c-set-base-allowed="false" c-set-subsequent-allowed="true" date-revised="2013-01-01" status="published"><classification-symbol>A47D13/063</classification-symbol><class-title date-revised="2013-01-01"><title-part><CPC-specific-text><text>with soft walls</text></CPC-specific-text></title-part></class-title></classification-item>
<classification-item breakdown-code="false" not-allocatable="false" level="10" additional-only="false" sort-key="A47D13/065" definition-exists="false" ipc-concordant="A47D13/06" c-set-base-allowed="false" c-set-subsequent-allowed="true" date-revised="2013-01-01" status="published"><classification-symbol>A47D13/065</classification-symbol><class-title date-revised="2013-01-01"><title-part><CPC-specific-text><text>with rigid walls</text></CPC-specific-text></title-part></class-title></classification-item></classification-item>
<classification-item breakdown-code="false" not-allocatable="false" level="9" additional-only="false" sort-key="A47D13/066" definition-exists="false" ipc-concordant="A47D13/06" c-set-base-allowed="false" c-set-subsequent-allowed="true" date-revised="2013-01-01" status="published"><classification-symbol>A47D13/066</classification-symbol><class-title date-revised="2013-01-01"><title-part><CPC-specific-text><text>dismountable</text></CPC-specific-text></title-part></class-title></classification-item>
<classification-item breakdown-code="false" not-allocatable="false" level="9" additional-only="false" sort-key="A47D13/068" definition-exists="false" ipc-concordant="A47D13/06" c-set-base-allowed="false" c-set-subsequent-allowed="true" date-revised="2013-01-01" status="published"><classification-symbol>A47D13/068</classification-symbol><class-title date-revised="2013-01-01"><title-part><CPC-specific-text><text>extensible</text></CPC-specific-text></title-part></class-title></classification-item></classification-item>
<classification-item breakdown-code="false" not-allocatable="false" level="8" additional-only="false" sort-key="A47D13/08" definition-exists="true" ipc-concordant="A47D13/08" c-set-base-allowed="false" c-set-subsequent-allowed="true" date-revised="2017-08-01" status="published"><classification-symbol>A47D13/08</classification-symbol><class-title date-revised="2017-08-01"><title-part><text>Devices for use in guiding or supporting children, e.g. safety harness </text><CPC-specific-text><text>, feeding cushions </text><reference><text>harnesses for helping babies to walk <class-ref scheme="cpc">A47D13/046</class-ref>; restraining devices in chairs <class-ref scheme="cpc">A47D15/006</class-ref>; restraining devices in beds, playpens or cradles <class-ref scheme="cpc">A47D15/008</class-ref></text></reference></CPC-specific-text></title-part></class-title>
<classification-item breakdown-code="false" not-allocatable="false" level="9" additional-only="false" sort-key="A47D13/083" definition-exists="false" ipc-concordant="A47D13/08" c-set-base-allowed="false" c-set-subsequent-allowed="true" date-revised="2013-01-01" status="published"><classification-symbol>A47D13/083</classification-symbol><class-title date-revised="2013-01-01"><title-part><CPC-specific-text><text>Baby feeding cushions</text></CPC-specific-text></title-part></class-title></classification-item>
<classification-item breakdown-code="false" not-allocatable="false" level="9" additional-only="false" sort-key="A47D13/086" definition-exists="false" ipc-concordant="A47D13/08" c-set-base-allowed="false" c-set-subsequent-allowed="true" date-revised="2013-01-01" status="published"><classification-symbol>A47D13/086</classification-symbol><class-title date-revised="2013-01-01"><title-part><CPC-specific-text><text>Safety harnesses for already walking children</text></CPC-specific-text></title-part></class-title></classification-item></classification-item>
<classification-item breakdown-code="false" not-allocatable="false" level="8" additional-only="false" sort-key="A47D13/10" definition-exists="true" ipc-concordant="A47D13/10" c-set-base-allowed="false" c-set-subsequent-allowed="true" date-revised="2013-01-01" status="published"><classification-symbol>A47D13/10</classification-symbol><class-title date-revised="2013-01-01"><title-part><text>Rocking-chairs </text><reference><text>in general <class-ref scheme="cpc">A47C3/02</class-ref>; rocking horses <class-ref scheme="cpc">A63G15/00</class-ref></text></reference><text>; </text><CPC-specific-text><text>Indoor</text></CPC-specific-text><text> swings </text><reference><text>in general <class-ref scheme="cpc">A63G9/00</class-ref></text></reference><text>; </text><CPC-specific-text><text>Baby bouncers</text></CPC-specific-text></title-part></class-title>
<classification-item breakdown-code="false" not-allocatable="false" level="9" additional-only="false" sort-key="A47D13/102" definition-exists="false" ipc-concordant="A47D13/10" c-set-base-allowed="false" c-set-subsequent-allowed="true" date-revised="2013-01-01" status="published"><classification-symbol>A47D13/102</classification-symbol><class-title date-revised="2013-01-01"><title-part><CPC-specific-text><text>with curved rocking members resting on the ground</text></CPC-specific-text></title-part></class-title></classification-item>
<classification-item breakdown-code="false" not-allocatable="false" level="9" additional-only="false" sort-key="A47D13/105" definition-exists="false" ipc-concordant="A47D13/10" c-set-base-allowed="false" c-set-subsequent-allowed="true" date-revised="2013-01-01" status="published"><classification-symbol>A47D13/105</classification-symbol><class-title date-revised="2013-01-01"><title-part><CPC-specific-text><text>pivotally mounted in a frame</text></CPC-specific-text></title-part></class-title></classification-item>
<classification-item breakdown-code="false" not-allocatable="false" level="9" additional-only="false" sort-key="A47D13/107" definition-exists="false" ipc-concordant="A47D13/10" c-set-base-allowed="false" c-set-subsequent-allowed="true" date-revised="2013-01-01" status="published"><classification-symbol>A47D13/107</classification-symbol><class-title date-revised="2013-01-01"><title-part><CPC-specific-text><text>resiliently suspended or supported, e.g. baby bouncers</text></CPC-specific-text></title-part></class-title></classification-item></classification-item></classification-item>
<classification-item breakdown-code="false" not-allocatable="false" level="7" additional-only="false" sort-key="A47D15/00" definition-exists="true" ipc-concordant="A47D15/00" c-set-base-allowed="false" c-set-subsequent-allowed="true" date-revised="2013-01-01" status="published"><classification-symbol>A47D15/00</classification-symbol><class-title date-revised="2013-01-01"><title-part><text>Accessories for children&apos;s furniture, e.g. safety belts </text><reference><text>holders for </text><CPC-specific-text><text>baby bottles or</text></CPC-specific-text><text> bottles for medicinal feeding <class-ref scheme="cpc">A61J9/06</class-ref>; safety belts or body harnesses, in general <class-ref scheme="cpc">A62B35/00</class-ref>; </text><CPC-specific-text><text>infant exercisers attachable to play-pens, beds or cradles <class-ref scheme="cpc">A63H33/006</class-ref></text></CPC-specific-text><text>; safety belts or body harnesses in land vehicles <class-ref scheme="cpc">B60R22/00</class-ref>; harnessing in aircraft <class-ref scheme="cpc">B64D25/06</class-ref></text></reference></title-part></class-title>
<classification-item breakdown-code="false" not-allocatable="false" level="8" additional-only="false" sort-key="A47D15/001" definition-exists="false" ipc-concordant="A47D15/00" c-set-base-allowed="false" c-set-subsequent-allowed="true" date-revised="2013-01-01" status="published"><classification-symbol>A47D15/001</classification-symbol><class-title date-revised="2013-01-01"><title-part><CPC-specific-text><text>Mattresses</text></CPC-specific-text></title-part></class-title>
<classification-item breakdown-code="false" not-allocatable="false" level="9" additional-only="false" sort-key="A47D15/003" definition-exists="false" ipc-concordant="A47D15/00" c-set-base-allowed="false" c-set-subsequent-allowed="true" date-revised="2013-01-01" status="published"><classification-symbol>A47D15/003</classification-symbol><class-title date-revised="2013-01-01"><title-part><CPC-specific-text><text>foldable, e.g. baby mats</text></CPC-specific-text></title-part></class-title></classification-item></classification-item>
<classification-item breakdown-code="false" not-allocatable="false" level="8" additional-only="false" sort-key="A47D15/005" definition-exists="false" ipc-concordant="A47D15/00" c-set-base-allowed="false" c-set-subsequent-allowed="true" date-revised="2013-01-01" status="published"><classification-symbol>A47D15/005</classification-symbol><class-title date-revised="2013-01-01"><title-part><CPC-specific-text><text>Restraining devices, e.g. safety belts, contoured cushions or side bumpers</text></CPC-specific-text></title-part></class-title>
<classification-item breakdown-code="false" not-allocatable="false" level="9" additional-only="false" sort-key="A47D15/006" definition-exists="false" ipc-concordant="A47D15/00" c-set-base-allowed="false" c-set-subsequent-allowed="true" date-revised="2013-01-01" status="published"><classification-symbol>A47D15/006</classification-symbol><class-title date-revised="2013-01-01"><title-part><CPC-specific-text><text>in chairs</text></CPC-specific-text></title-part></class-title></classification-item>
<classification-item breakdown-code="false" not-allocatable="false" level="9" additional-only="false" sort-key="A47D15/008" definition-exists="false" ipc-concordant="A47D15/00" c-set-base-allowed="false" c-set-subsequent-allowed="true" date-revised="2013-01-01" status="published"><classification-symbol>A47D15/008</classification-symbol><class-title date-revised="2013-01-01"><title-part><CPC-specific-text><text>in beds, play-pens or cradles</text></CPC-specific-text></title-part></class-title></classification-item></classification-item>
<classification-item breakdown-code="false" not-allocatable="false" level="8" additional-only="false" sort-key="A47D15/02" definition-exists="false" ipc-concordant="A47D15/02" c-set-base-allowed="false" c-set-subsequent-allowed="true" date-revised="2013-01-01" status="published"><classification-symbol>A47D15/02</classification-symbol><class-title date-revised="2013-01-01"><title-part><text>Bed-cover holders preventing babies from throwing-off the bed covers</text></title-part></class-title></classification-item></classification-item></classification-item></classification-item></class-scheme>