<?xml version="1.0" encoding="UTF-8"?>
<class-scheme publication-date="2018-02-01" scheme-type="cpc" publication-type="official">
<classification-item breakdown-code="false" not-allocatable="true" level="5" additional-only="false" sort-key="B24D" definition-exists="true" date-revised="2013-01-01" status="published"><classification-symbol>B24D</classification-symbol><class-title date-revised="2013-01-01"><title-part><text>TOOLS FOR GRINDING, BUFFING, OR SHARPENING </text><reference><text>tools for grinding or polishing optical surfaces on lenses or surfaces of similar shape <class-ref scheme="cpc">B24B13/01</class-ref>; grinding heads <class-ref scheme="cpc">B24B41/00</class-ref>; manufacture of abrasive or friction articles or shaped materials containing macromolecular substances <class-ref scheme="not-mapped">C08J5/14</class-ref>; polishing compositions <class-ref scheme="cpc">C09G1/00</class-ref>; abrasives <class-ref scheme="cpc">C09K3/14</class-ref></text></reference></title-part></class-title><notes-and-warnings date-revised="2013-01-01"><note type="note"><note-paragraph>This subclass <u>covers</u> grinding tools for working on any material</note-paragraph><note-paragraph>Tools for grinding, buffing or sharpening, specially designed for a particular purpose, which purpose is provided for in a single other place, are classified in that place, e.g. <class-ref scheme="cpc">B23F21/02</class-ref></note-paragraph></note></notes-and-warnings>
<classification-item breakdown-code="false" not-allocatable="true" level="6" additional-only="false" sort-key="B24D3/00" date-revised="2013-01-01" status="published"><classification-symbol>B24D3/00</classification-symbol>
<classification-item breakdown-code="false" not-allocatable="false" level="7" additional-only="false" sort-key="B24D3/00" definition-exists="true" ipc-concordant="B24D3/00" c-set-base-allowed="false" c-set-subsequent-allowed="true" date-revised="2013-01-01" status="published"><classification-symbol>B24D3/00</classification-symbol><class-title date-revised="2013-01-01"><title-part><text>Physical features of abrasive bodies, or sheets, e.g. abrasive surfaces of special nature</text></title-part><title-part><text>Abrasive bodies or sheets characterised by their constituents </text><reference><text>composition of friction linings <class-ref scheme="cpc">F16D69/02</class-ref></text></reference></title-part></class-title>
<classification-item breakdown-code="false" not-allocatable="false" level="8" additional-only="false" sort-key="B24D3/001" definition-exists="false" ipc-concordant="B24D3/00" c-set-base-allowed="false" c-set-subsequent-allowed="true" date-revised="2013-01-01" status="published"><classification-symbol>B24D3/001</classification-symbol><class-title date-revised="2013-01-01"><title-part><CPC-specific-text><text>the constituent being used as supporting member</text></CPC-specific-text></title-part></class-title>
<classification-item breakdown-code="false" not-allocatable="false" level="9" additional-only="false" sort-key="B24D3/002" definition-exists="false" ipc-concordant="B24D3/00" c-set-base-allowed="false" c-set-subsequent-allowed="true" date-revised="2013-01-01" status="published"><classification-symbol>B24D3/002</classification-symbol><class-title date-revised="2013-01-01"><title-part><CPC-specific-text><text>Flexible supporting members, e.g. paper, woven, plastic materials</text></CPC-specific-text></title-part></class-title>
<classification-item breakdown-code="false" not-allocatable="false" level="10" additional-only="false" sort-key="B24D3/004" definition-exists="false" ipc-concordant="B24D3/00" c-set-base-allowed="false" c-set-subsequent-allowed="true" date-revised="2013-01-01" status="published"><classification-symbol>B24D3/004</classification-symbol><class-title date-revised="2013-01-01"><title-part><CPC-specific-text><text>with special coatings</text></CPC-specific-text></title-part></class-title></classification-item></classification-item></classification-item>
<classification-item breakdown-code="false" not-allocatable="false" level="8" additional-only="false" sort-key="B24D3/005" definition-exists="false" ipc-concordant="B24D3/00" c-set-base-allowed="false" c-set-subsequent-allowed="true" date-revised="2013-01-01" status="published"><classification-symbol>B24D3/005</classification-symbol><class-title date-revised="2013-01-01"><title-part><CPC-specific-text><text>the constituent being used during pre- or after-treatment </text><reference><text><class-ref scheme="cpc">B24D3/348</class-ref> takes precedence</text></reference></CPC-specific-text></title-part></class-title></classification-item>
<classification-item breakdown-code="false" not-allocatable="false" level="8" additional-only="false" sort-key="B24D3/007" definition-exists="false" ipc-concordant="B24D3/00" c-set-base-allowed="false" c-set-subsequent-allowed="true" date-revised="2013-01-01" status="published"><classification-symbol>B24D3/007</classification-symbol><class-title date-revised="2013-01-01"><title-part><CPC-specific-text><text>the constituent being used as bonding agent between different parts of an abrasive tool</text></CPC-specific-text></title-part></class-title></classification-item>
<classification-item breakdown-code="false" not-allocatable="false" level="8" additional-only="false" sort-key="B24D3/008" definition-exists="false" ipc-concordant="B24D3/00" c-set-base-allowed="false" c-set-subsequent-allowed="true" date-revised="2013-01-01" status="published"><classification-symbol>B24D3/008</classification-symbol><class-title date-revised="2013-01-01"><title-part><CPC-specific-text><text>Abrasive bodies without external bonding agent</text></CPC-specific-text></title-part></class-title></classification-item>
<classification-item breakdown-code="false" not-allocatable="false" level="8" additional-only="false" sort-key="B24D3/02" definition-exists="false" ipc-concordant="B24D3/02" c-set-base-allowed="false" c-set-subsequent-allowed="true" date-revised="2013-01-01" status="published"><classification-symbol>B24D3/02</classification-symbol><class-title date-revised="2013-01-01"><title-part><text>the constituent being used as bonding agent</text></title-part></class-title>
<classification-item breakdown-code="false" not-allocatable="false" level="9" additional-only="false" sort-key="B24D3/04" definition-exists="false" ipc-concordant="B24D3/04" c-set-base-allowed="false" c-set-subsequent-allowed="true" date-revised="2013-01-01" status="published"><classification-symbol>B24D3/04</classification-symbol><class-title date-revised="2013-01-01"><title-part><text>and being essentially inorganic</text></title-part></class-title>
<classification-item breakdown-code="false" not-allocatable="false" level="10" additional-only="false" sort-key="B24D3/06" definition-exists="false" ipc-concordant="B24D3/06" c-set-base-allowed="false" c-set-subsequent-allowed="true" date-revised="2013-01-01" status="published"><classification-symbol>B24D3/06</classification-symbol><class-title date-revised="2013-01-01"><title-part><text>metallic </text><CPC-specific-text><text>or mixture of metals with ceramic materials, e.g. hard metals, &quot;cermets&quot;, cements</text></CPC-specific-text></title-part></class-title>
<classification-item breakdown-code="false" not-allocatable="false" level="11" additional-only="false" sort-key="B24D3/08" definition-exists="false" ipc-concordant="B24D3/08" c-set-base-allowed="false" c-set-subsequent-allowed="true" date-revised="2013-01-01" status="published"><classification-symbol>B24D3/08</classification-symbol><class-title date-revised="2013-01-01"><title-part><text>for close-grained structure, e.g. using metal with low melting point</text></title-part></class-title></classification-item>
<classification-item breakdown-code="false" not-allocatable="false" level="11" additional-only="false" sort-key="B24D3/10" definition-exists="false" ipc-concordant="B24D3/10" c-set-base-allowed="false" c-set-subsequent-allowed="true" date-revised="2013-01-01" status="published"><classification-symbol>B24D3/10</classification-symbol><class-title date-revised="2013-01-01"><title-part><text>for porous or cellular structure, e.g. for use with diamonds as abrasives</text></title-part></class-title></classification-item></classification-item>
<classification-item breakdown-code="false" not-allocatable="false" level="10" additional-only="false" sort-key="B24D3/12" definition-exists="false" ipc-concordant="B24D3/12" c-set-base-allowed="false" c-set-subsequent-allowed="true" date-revised="2013-01-01" status="published"><classification-symbol>B24D3/12</classification-symbol><class-title date-revised="2013-01-01"><title-part><text>water-setting, e.g. concrete</text></title-part></class-title></classification-item>
<classification-item breakdown-code="false" not-allocatable="false" level="10" additional-only="false" sort-key="B24D3/14" definition-exists="false" ipc-concordant="B24D3/14" c-set-base-allowed="false" c-set-subsequent-allowed="true" date-revised="2013-01-01" status="published"><classification-symbol>B24D3/14</classification-symbol><class-title date-revised="2013-01-01"><title-part><text>ceramic, i.e. vitrified bondings </text><CPC-specific-text><reference><text>mixture with metals <class-ref scheme="cpc">B24D3/06</class-ref></text></reference></CPC-specific-text></title-part></class-title>
<classification-item breakdown-code="false" not-allocatable="false" level="11" additional-only="false" sort-key="B24D3/16" definition-exists="false" ipc-concordant="B24D3/16" c-set-base-allowed="false" c-set-subsequent-allowed="true" date-revised="2013-01-01" status="published"><classification-symbol>B24D3/16</classification-symbol><class-title date-revised="2013-01-01"><title-part><text>for close-grained structure, i.e. of high density</text></title-part></class-title></classification-item>
<classification-item breakdown-code="false" not-allocatable="false" level="11" additional-only="false" sort-key="B24D3/18" definition-exists="false" ipc-concordant="B24D3/18" c-set-base-allowed="false" c-set-subsequent-allowed="true" date-revised="2013-01-01" status="published"><classification-symbol>B24D3/18</classification-symbol><class-title date-revised="2013-01-01"><title-part><text>for porous or cellular structure</text></title-part></class-title></classification-item></classification-item></classification-item>
<classification-item breakdown-code="false" not-allocatable="false" level="9" additional-only="false" sort-key="B24D3/20" definition-exists="false" ipc-concordant="B24D3/20" c-set-base-allowed="false" c-set-subsequent-allowed="true" date-revised="2013-01-01" status="published"><classification-symbol>B24D3/20</classification-symbol><class-title date-revised="2013-01-01"><title-part><text>and being essentially organic</text></title-part></class-title>
<classification-item breakdown-code="false" not-allocatable="false" level="10" additional-only="false" sort-key="B24D3/22" definition-exists="false" ipc-concordant="B24D3/22" c-set-base-allowed="false" c-set-subsequent-allowed="true" date-revised="2013-01-01" status="published"><classification-symbol>B24D3/22</classification-symbol><class-title date-revised="2013-01-01"><title-part><text>Rubbers </text><CPC-specific-text><text>synthetic or natural</text></CPC-specific-text></title-part></class-title>
<classification-item breakdown-code="false" not-allocatable="false" level="11" additional-only="false" sort-key="B24D3/24" definition-exists="false" ipc-concordant="B24D3/24" c-set-base-allowed="false" c-set-subsequent-allowed="true" date-revised="2013-01-01" status="published"><classification-symbol>B24D3/24</classification-symbol><class-title date-revised="2013-01-01"><title-part><text>for close-grained structure </text><CPC-specific-text><reference><text><class-ref scheme="cpc">B24D3/002</class-ref> takes precedence</text></reference></CPC-specific-text></title-part></class-title></classification-item>
<classification-item breakdown-code="false" not-allocatable="false" level="11" additional-only="false" sort-key="B24D3/26" definition-exists="false" ipc-concordant="B24D3/26" c-set-base-allowed="false" c-set-subsequent-allowed="true" date-revised="2013-01-01" status="published"><classification-symbol>B24D3/26</classification-symbol><class-title date-revised="2013-01-01"><title-part><text>for porous or cellular structure</text></title-part></class-title></classification-item></classification-item>
<classification-item breakdown-code="false" not-allocatable="false" level="10" additional-only="false" sort-key="B24D3/28" definition-exists="false" ipc-concordant="B24D3/28" c-set-base-allowed="false" c-set-subsequent-allowed="true" date-revised="2013-01-01" status="published"><classification-symbol>B24D3/28</classification-symbol><class-title date-revised="2013-01-01"><title-part><text>Resins </text><CPC-specific-text><text>or natural or synthetic macromolecular compounds </text><reference><text><class-ref scheme="cpc">B24D3/22</class-ref> takes precedence</text></reference></CPC-specific-text></title-part></class-title>
<classification-item breakdown-code="false" not-allocatable="false" level="11" additional-only="false" sort-key="B24D3/285" definition-exists="false" ipc-concordant="B24D3/28" c-set-base-allowed="false" c-set-subsequent-allowed="true" date-revised="2013-01-01" status="published"><classification-symbol>B24D3/285</classification-symbol><class-title date-revised="2013-01-01"><title-part><CPC-specific-text><text>Reaction products obtained from aldehydes or ketones</text></CPC-specific-text></title-part></class-title></classification-item>
<classification-item breakdown-code="false" not-allocatable="false" level="11" additional-only="false" sort-key="B24D3/30" definition-exists="false" ipc-concordant="B24D3/30" c-set-base-allowed="false" c-set-subsequent-allowed="true" date-revised="2013-01-01" status="published"><classification-symbol>B24D3/30</classification-symbol><class-title date-revised="2013-01-01"><title-part><text>for close-grained structure</text></title-part></class-title></classification-item>
<classification-item breakdown-code="false" not-allocatable="false" level="11" additional-only="false" sort-key="B24D3/32" definition-exists="false" ipc-concordant="B24D3/32" c-set-base-allowed="false" c-set-subsequent-allowed="true" date-revised="2013-01-01" status="published"><classification-symbol>B24D3/32</classification-symbol><class-title date-revised="2013-01-01"><title-part><text>for porous or cellular structure</text></title-part></class-title></classification-item></classification-item></classification-item></classification-item>
<classification-item breakdown-code="false" not-allocatable="false" level="8" additional-only="false" sort-key="B24D3/34" definition-exists="false" ipc-concordant="B24D3/34" c-set-base-allowed="false" c-set-subsequent-allowed="true" date-revised="2013-01-01" status="published"><classification-symbol>B24D3/34</classification-symbol><class-title date-revised="2013-01-01"><title-part><text>characterised by additives enhancing special physical properties, e.g. wear resistance, electric conductivity, self-cleaning properties</text></title-part></class-title>
<classification-item breakdown-code="false" not-allocatable="false" level="9" additional-only="false" sort-key="B24D3/342" definition-exists="false" ipc-concordant="B24D3/34" c-set-base-allowed="false" c-set-subsequent-allowed="true" date-revised="2013-01-01" status="published"><classification-symbol>B24D3/342</classification-symbol><class-title date-revised="2013-01-01"><title-part><CPC-specific-text><text>incorporated in the bonding agent</text></CPC-specific-text></title-part></class-title>
<classification-item breakdown-code="false" not-allocatable="false" level="10" additional-only="false" sort-key="B24D3/344" definition-exists="false" ipc-concordant="B24D3/34" c-set-base-allowed="false" c-set-subsequent-allowed="true" date-revised="2013-01-01" status="published"><classification-symbol>B24D3/344</classification-symbol><class-title date-revised="2013-01-01"><title-part><CPC-specific-text><text>the bonding agent being organic</text></CPC-specific-text></title-part></class-title></classification-item></classification-item>
<classification-item breakdown-code="false" not-allocatable="false" level="9" additional-only="false" sort-key="B24D3/346" definition-exists="false" ipc-concordant="B24D3/34" c-set-base-allowed="false" c-set-subsequent-allowed="true" date-revised="2013-01-01" status="published"><classification-symbol>B24D3/346</classification-symbol><class-title date-revised="2013-01-01"><title-part><CPC-specific-text><text>utilised during polishing, or grinding operation</text></CPC-specific-text></title-part></class-title></classification-item>
<classification-item breakdown-code="false" not-allocatable="false" level="9" additional-only="false" sort-key="B24D3/348" definition-exists="true" ipc-concordant="B24D3/34" c-set-base-allowed="false" c-set-subsequent-allowed="true" date-revised="2013-01-01" status="published"><classification-symbol>B24D3/348</classification-symbol><class-title date-revised="2013-01-01"><title-part><CPC-specific-text><text>utilised as impregnating agent for porous abrasive bodies </text><reference><text>after-treatments in general <class-ref scheme="cpc">B24D3/005</class-ref></text></reference></CPC-specific-text></title-part></class-title></classification-item></classification-item></classification-item></classification-item>
<classification-item breakdown-code="false" not-allocatable="true" level="6" additional-only="false" sort-key="B24D5/00" date-revised="2013-01-01" status="published"><classification-symbol>B24D5/00</classification-symbol><class-title date-revised="2013-01-01"><title-part><text>Bonded abrasive wheels</text></title-part></class-title>
<classification-item breakdown-code="false" not-allocatable="false" level="7" additional-only="false" sort-key="B24D5/00" definition-exists="true" ipc-concordant="B24D5/00" c-set-base-allowed="false" c-set-subsequent-allowed="true" date-revised="2013-01-01" status="published"><classification-symbol>B24D5/00</classification-symbol><class-title date-revised="2013-01-01"><title-part><text>Bonded abrasive wheels, or wheels with inserted abrasive blocks, designed for acting only by their periphery</text></title-part><title-part><text>Bushings or mountings therefor</text></title-part></class-title>
<classification-item breakdown-code="false" not-allocatable="false" level="8" additional-only="false" sort-key="B24D5/02" definition-exists="false" ipc-concordant="B24D5/02" c-set-base-allowed="false" c-set-subsequent-allowed="true" date-revised="2013-01-01" status="published"><classification-symbol>B24D5/02</classification-symbol><class-title date-revised="2013-01-01"><title-part><text>Wheels in one piece</text></title-part></class-title>
<classification-item breakdown-code="false" not-allocatable="false" level="9" additional-only="false" sort-key="B24D5/04" definition-exists="false" ipc-concordant="B24D5/04" c-set-base-allowed="false" c-set-subsequent-allowed="true" date-revised="2013-01-01" status="published"><classification-symbol>B24D5/04</classification-symbol><class-title date-revised="2013-01-01"><title-part><text>with reinforcing means</text></title-part></class-title></classification-item></classification-item>
<classification-item breakdown-code="false" not-allocatable="false" level="8" additional-only="false" sort-key="B24D5/06" definition-exists="true" ipc-concordant="B24D5/06" c-set-base-allowed="false" c-set-subsequent-allowed="true" date-revised="2013-01-01" status="published"><classification-symbol>B24D5/06</classification-symbol><class-title date-revised="2013-01-01"><title-part><text>with inserted abrasive blocks, e.g. segmental </text><reference><text>zonally graded <class-ref scheme="cpc">B24D5/14</class-ref></text></reference></title-part></class-title>
<classification-item breakdown-code="false" not-allocatable="false" level="9" additional-only="false" sort-key="B24D5/063" definition-exists="false" ipc-concordant="B24D5/06" c-set-base-allowed="false" c-set-subsequent-allowed="true" date-revised="2013-01-01" status="published"><classification-symbol>B24D5/063</classification-symbol><class-title date-revised="2013-01-01"><title-part><CPC-specific-text><text>with segments embedded in a matrix which is rubbed away during the grinding process</text></CPC-specific-text></title-part></class-title></classification-item>
<classification-item breakdown-code="false" not-allocatable="false" level="9" additional-only="false" sort-key="B24D5/066" definition-exists="false" ipc-concordant="B24D5/06" c-set-base-allowed="false" c-set-subsequent-allowed="true" date-revised="2013-01-01" status="published"><classification-symbol>B24D5/066</classification-symbol><class-title date-revised="2013-01-01"><title-part><CPC-specific-text><text>with segments mounted axially one against the other</text></CPC-specific-text></title-part></class-title></classification-item>
<classification-item breakdown-code="false" not-allocatable="false" level="9" additional-only="false" sort-key="B24D5/08" definition-exists="false" ipc-concordant="B24D5/08" c-set-base-allowed="false" c-set-subsequent-allowed="true" date-revised="2013-01-01" status="published"><classification-symbol>B24D5/08</classification-symbol><class-title date-revised="2013-01-01"><title-part><text>with reinforcing means</text></title-part></class-title></classification-item></classification-item>
<classification-item breakdown-code="false" not-allocatable="false" level="8" additional-only="false" sort-key="B24D5/10" definition-exists="true" ipc-concordant="B24D5/10" c-set-base-allowed="false" c-set-subsequent-allowed="true" date-revised="2013-01-01" status="published"><classification-symbol>B24D5/10</classification-symbol><class-title date-revised="2013-01-01"><title-part><text>with cooling provisions, e.g. with radial slots</text></title-part></class-title></classification-item>
<classification-item breakdown-code="false" not-allocatable="false" level="8" additional-only="false" sort-key="B24D5/12" definition-exists="false" ipc-concordant="B24D5/12" c-set-base-allowed="false" c-set-subsequent-allowed="true" date-revised="2013-01-01" status="published"><classification-symbol>B24D5/12</classification-symbol><class-title date-revised="2013-01-01"><title-part><text>Cut-off wheels</text></title-part></class-title>
<classification-item breakdown-code="false" not-allocatable="false" level="9" additional-only="false" sort-key="B24D5/123" definition-exists="false" ipc-concordant="B24D5/12" c-set-base-allowed="false" c-set-subsequent-allowed="true" date-revised="2013-01-01" status="published"><classification-symbol>B24D5/123</classification-symbol><class-title date-revised="2013-01-01"><title-part><CPC-specific-text><text>having different cutting segments</text></CPC-specific-text></title-part></class-title></classification-item>
<classification-item breakdown-code="false" not-allocatable="false" level="9" additional-only="false" sort-key="B24D5/126" definition-exists="false" ipc-concordant="B24D5/12" c-set-base-allowed="false" c-set-subsequent-allowed="true" date-revised="2013-01-01" status="published"><classification-symbol>B24D5/126</classification-symbol><class-title date-revised="2013-01-01"><title-part><CPC-specific-text><text>having an internal cutting edge</text></CPC-specific-text></title-part></class-title></classification-item></classification-item>
<classification-item breakdown-code="false" not-allocatable="false" level="8" additional-only="false" sort-key="B24D5/14" definition-exists="false" ipc-concordant="B24D5/14" c-set-base-allowed="false" c-set-subsequent-allowed="true" date-revised="2013-01-01" status="published"><classification-symbol>B24D5/14</classification-symbol><class-title date-revised="2013-01-01"><title-part><text>Zonally-graded wheels</text></title-part><title-part><text>Composite wheels comprising different abrasives</text></title-part></class-title></classification-item>
<classification-item breakdown-code="false" not-allocatable="false" level="8" additional-only="false" sort-key="B24D5/16" definition-exists="false" ipc-concordant="B24D5/16" c-set-base-allowed="false" c-set-subsequent-allowed="true" date-revised="2013-01-01" status="published"><classification-symbol>B24D5/16</classification-symbol><class-title date-revised="2013-01-01"><title-part><text>Bushings</text></title-part><title-part><text>Mountings</text></title-part></class-title>
<classification-item breakdown-code="false" not-allocatable="false" level="9" additional-only="false" sort-key="B24D5/165" definition-exists="true" ipc-concordant="B24D5/16" c-set-base-allowed="false" c-set-subsequent-allowed="true" date-revised="2013-01-01" status="published"><classification-symbol>B24D5/165</classification-symbol><class-title date-revised="2013-01-01"><title-part><CPC-specific-text><text>Balancing means</text></CPC-specific-text></title-part></class-title></classification-item></classification-item></classification-item>
<classification-item breakdown-code="false" not-allocatable="false" level="7" additional-only="false" sort-key="B24D7/00" definition-exists="true" ipc-concordant="B24D7/00" c-set-base-allowed="false" c-set-subsequent-allowed="true" date-revised="2013-01-01" status="published"><classification-symbol>B24D7/00</classification-symbol><class-title date-revised="2013-01-01"><title-part><text>Bonded abrasive wheels, or wheels with inserted abrasive blocks, designed for acting otherwise than only by their periphery, e.g. by the front face</text></title-part><title-part><text>Bushings or mountings therefor</text></title-part></class-title>
<classification-item breakdown-code="false" not-allocatable="false" level="8" additional-only="false" sort-key="B24D7/005" definition-exists="false" ipc-concordant="B24D7/00" c-set-base-allowed="false" c-set-subsequent-allowed="true" date-revised="2013-01-01" status="published"><classification-symbol>B24D7/005</classification-symbol><class-title date-revised="2013-01-01"><title-part><CPC-specific-text><text>for cutting spherical surfaces</text></CPC-specific-text></title-part></class-title></classification-item>
<classification-item breakdown-code="false" not-allocatable="false" level="8" additional-only="false" sort-key="B24D7/02" definition-exists="false" ipc-concordant="B24D7/02" c-set-base-allowed="false" c-set-subsequent-allowed="true" date-revised="2013-01-01" status="published"><classification-symbol>B24D7/02</classification-symbol><class-title date-revised="2013-01-01"><title-part><text>Wheels in one piece</text></title-part></class-title>
<classification-item breakdown-code="false" not-allocatable="false" level="9" additional-only="false" sort-key="B24D7/04" definition-exists="false" ipc-concordant="B24D7/04" c-set-base-allowed="false" c-set-subsequent-allowed="true" date-revised="2013-01-01" status="published"><classification-symbol>B24D7/04</classification-symbol><class-title date-revised="2013-01-01"><title-part><text>with reinforcing means</text></title-part></class-title></classification-item></classification-item>
<classification-item breakdown-code="false" not-allocatable="false" level="8" additional-only="false" sort-key="B24D7/06" definition-exists="true" ipc-concordant="B24D7/06" c-set-base-allowed="false" c-set-subsequent-allowed="true" date-revised="2013-01-01" status="published"><classification-symbol>B24D7/06</classification-symbol><class-title date-revised="2013-01-01"><title-part><text>with inserted abrasive blocks, e.g. segmental </text><reference><text>zonally-graded <class-ref scheme="cpc">B24D7/14</class-ref></text></reference></title-part></class-title>
<classification-item breakdown-code="false" not-allocatable="false" level="9" additional-only="false" sort-key="B24D7/063" definition-exists="false" ipc-concordant="B24D7/06" c-set-base-allowed="false" c-set-subsequent-allowed="true" date-revised="2013-01-01" status="published"><classification-symbol>B24D7/063</classification-symbol><class-title date-revised="2013-01-01"><title-part><CPC-specific-text><text>with segments embedded in a matrix which is rubbed away during the grinding process</text></CPC-specific-text></title-part></class-title></classification-item>
<classification-item breakdown-code="false" not-allocatable="false" level="9" additional-only="false" sort-key="B24D7/066" definition-exists="false" ipc-concordant="B24D7/06" c-set-base-allowed="false" c-set-subsequent-allowed="true" date-revised="2013-01-01" status="published"><classification-symbol>B24D7/066</classification-symbol><class-title date-revised="2013-01-01"><title-part><CPC-specific-text><text>Grinding blocks; their mountings or supports</text></CPC-specific-text></title-part></class-title></classification-item>
<classification-item breakdown-code="false" not-allocatable="false" level="9" additional-only="false" sort-key="B24D7/08" definition-exists="false" ipc-concordant="B24D7/08" c-set-base-allowed="false" c-set-subsequent-allowed="true" date-revised="2013-01-01" status="published"><classification-symbol>B24D7/08</classification-symbol><class-title date-revised="2013-01-01"><title-part><text>with reinforcing means</text></title-part></class-title></classification-item></classification-item>
<classification-item breakdown-code="false" not-allocatable="false" level="8" additional-only="false" sort-key="B24D7/10" definition-exists="true" ipc-concordant="B24D7/10" c-set-base-allowed="false" c-set-subsequent-allowed="true" date-revised="2013-01-01" status="published"><classification-symbol>B24D7/10</classification-symbol><class-title date-revised="2013-01-01"><title-part><text>with cooling provisions</text></title-part></class-title></classification-item>
<classification-item breakdown-code="false" not-allocatable="false" level="8" additional-only="false" sort-key="B24D7/12" definition-exists="false" ipc-concordant="B24D7/12" c-set-base-allowed="false" c-set-subsequent-allowed="true" date-revised="2013-01-01" status="published"><classification-symbol>B24D7/12</classification-symbol><class-title date-revised="2013-01-01"><title-part><text>with apertures for inspecting the surface to be abraded</text></title-part></class-title></classification-item>
<classification-item breakdown-code="false" not-allocatable="false" level="8" additional-only="false" sort-key="B24D7/14" definition-exists="false" ipc-concordant="B24D7/14" c-set-base-allowed="false" c-set-subsequent-allowed="true" date-revised="2013-01-01" status="published"><classification-symbol>B24D7/14</classification-symbol><class-title date-revised="2013-01-01"><title-part><text>Zonally-graded wheels</text></title-part><title-part><text>Composite wheels comprising different abrasives</text></title-part></class-title></classification-item>
<classification-item breakdown-code="false" not-allocatable="false" level="8" additional-only="false" sort-key="B24D7/16" definition-exists="false" ipc-concordant="B24D7/16" c-set-base-allowed="false" c-set-subsequent-allowed="true" date-revised="2013-01-01" status="published"><classification-symbol>B24D7/16</classification-symbol><class-title date-revised="2013-01-01"><title-part><text>Bushings</text></title-part><title-part><text>Mountings</text></title-part></class-title></classification-item>
<classification-item breakdown-code="false" not-allocatable="false" level="8" additional-only="false" sort-key="B24D7/18" definition-exists="false" ipc-concordant="B24D7/18" c-set-base-allowed="false" c-set-subsequent-allowed="true" date-revised="2013-01-01" status="published"><classification-symbol>B24D7/18</classification-symbol><class-title date-revised="2013-01-01"><title-part><text>Wheels of special form </text><reference><text>if specially designed for a particular purpose provided for in a single other class, that class takes precedence; </text><CPC-specific-text><text>saw cylinders having their cutting rim equipped with abrasive particles for working stone or glass <class-ref scheme="cpc">B28D1/041</class-ref></text></CPC-specific-text></reference></title-part></class-title></classification-item></classification-item>
<classification-item breakdown-code="false" not-allocatable="false" level="7" additional-only="false" sort-key="B24D9/00" definition-exists="true" ipc-concordant="B24D9/00" c-set-base-allowed="false" c-set-subsequent-allowed="true" date-revised="2013-01-01" status="published"><classification-symbol>B24D9/00</classification-symbol><class-title date-revised="2013-01-01"><title-part><text>Wheels or drums supporting in exchangeable arrangement a layer of flexible abrasive material, e.g. sandpaper </text><reference><text>wheels or drums as machine elements <class-ref scheme="cpc">F16</class-ref></text></reference></title-part></class-title>
<classification-item breakdown-code="false" not-allocatable="false" level="8" additional-only="false" sort-key="B24D9/003" definition-exists="false" ipc-concordant="B24D9/00" c-set-base-allowed="false" c-set-subsequent-allowed="true" date-revised="2013-01-01" status="published"><classification-symbol>B24D9/003</classification-symbol><class-title date-revised="2013-01-01"><title-part><CPC-specific-text><text>Wheels having flaps of flexible abrasive material supported by a flexible material</text></CPC-specific-text></title-part></class-title></classification-item>
<classification-item breakdown-code="false" not-allocatable="false" level="8" additional-only="false" sort-key="B24D9/006" definition-exists="false" ipc-concordant="B24D9/00" c-set-base-allowed="false" c-set-subsequent-allowed="true" date-revised="2013-01-01" status="published"><classification-symbol>B24D9/006</classification-symbol><class-title date-revised="2013-01-01"><title-part><CPC-specific-text><text>Tools consisting of a rolled strip of flexible material</text></CPC-specific-text></title-part></class-title></classification-item>
<classification-item breakdown-code="false" not-allocatable="false" level="8" additional-only="false" sort-key="B24D9/02" definition-exists="false" ipc-concordant="B24D9/02" c-set-base-allowed="false" c-set-subsequent-allowed="true" date-revised="2013-01-01" status="published"><classification-symbol>B24D9/02</classification-symbol><class-title date-revised="2013-01-01"><title-part><text>Expansible drums for carrying flexible material in tubular form, e.g. expanded by centrifugal force</text></title-part></class-title></classification-item>
<classification-item breakdown-code="false" not-allocatable="false" level="8" additional-only="false" sort-key="B24D9/04" definition-exists="false" ipc-concordant="B24D9/04" c-set-base-allowed="false" c-set-subsequent-allowed="true" date-revised="2013-01-01" status="published"><classification-symbol>B24D9/04</classification-symbol><class-title date-revised="2013-01-01"><title-part><text>Rigid drums for carrying flexible material</text></title-part></class-title>
<classification-item breakdown-code="false" not-allocatable="false" level="9" additional-only="false" sort-key="B24D9/06" definition-exists="false" ipc-concordant="B24D9/06" c-set-base-allowed="false" c-set-subsequent-allowed="true" date-revised="2013-01-01" status="published"><classification-symbol>B24D9/06</classification-symbol><class-title date-revised="2013-01-01"><title-part><text>able to be stripped-off from a built-in delivery spool</text></title-part></class-title></classification-item></classification-item>
<classification-item breakdown-code="false" not-allocatable="false" level="8" additional-only="false" sort-key="B24D9/08" definition-exists="false" ipc-concordant="B24D9/08" c-set-base-allowed="false" c-set-subsequent-allowed="true" date-revised="2013-01-01" status="published"><classification-symbol>B24D9/08</classification-symbol><class-title date-revised="2013-01-01"><title-part><text>Circular back-plates for carrying flexible material</text></title-part></class-title>
<classification-item breakdown-code="false" not-allocatable="false" level="9" additional-only="false" sort-key="B24D9/085" definition-exists="false" ipc-concordant="B24D9/08" c-set-base-allowed="false" c-set-subsequent-allowed="true" date-revised="2013-01-01" status="published"><classification-symbol>B24D9/085</classification-symbol><class-title date-revised="2013-01-01"><title-part><CPC-specific-text><text>Devices for mounting sheets on a backing plate</text></CPC-specific-text></title-part></class-title></classification-item>
<classification-item breakdown-code="false" not-allocatable="false" level="9" additional-only="false" sort-key="B24D9/10" definition-exists="false" ipc-concordant="B24D9/10" c-set-base-allowed="false" c-set-subsequent-allowed="true" date-revised="2013-01-01" status="published"><classification-symbol>B24D9/10</classification-symbol><class-title date-revised="2013-01-01"><title-part><text>with suction means for securing the material</text></title-part></class-title></classification-item></classification-item></classification-item>
<classification-item breakdown-code="false" not-allocatable="false" level="7" additional-only="false" sort-key="B24D11/00" definition-exists="true" ipc-concordant="B24D11/00" c-set-base-allowed="false" c-set-subsequent-allowed="true" date-revised="2013-01-01" status="published"><classification-symbol>B24D11/00</classification-symbol><class-title date-revised="2013-01-01"><title-part><text>Constructional features of flexible abrasive materials</text></title-part><title-part><text>Special features in the manufacture of such materials</text></title-part></class-title>
<classification-item breakdown-code="false" not-allocatable="false" level="8" additional-only="false" sort-key="B24D11/001" definition-exists="false" ipc-concordant="B24D11/00" c-set-base-allowed="false" c-set-subsequent-allowed="true" date-revised="2013-01-01" status="published"><classification-symbol>B24D11/001</classification-symbol><class-title date-revised="2013-01-01"><title-part><CPC-specific-text><text>Manufacture of flexible abrasive materials</text></CPC-specific-text></title-part></class-title>
<classification-item breakdown-code="false" not-allocatable="false" level="9" additional-only="false" sort-key="B24D11/003" definition-exists="false" ipc-concordant="B24D11/00" c-set-base-allowed="false" c-set-subsequent-allowed="true" date-revised="2013-01-01" status="published"><classification-symbol>B24D11/003</classification-symbol><class-title date-revised="2013-01-01"><title-part><CPC-specific-text><text>without embedded abrasive particles </text><reference><text><class-ref scheme="cpc">B24D11/005</class-ref> takes precedence</text></reference></CPC-specific-text></title-part></class-title></classification-item>
<classification-item breakdown-code="false" not-allocatable="false" level="9" additional-only="false" sort-key="B24D11/005" definition-exists="false" ipc-concordant="B24D11/00" c-set-base-allowed="false" c-set-subsequent-allowed="true" date-revised="2013-01-01" status="published"><classification-symbol>B24D11/005</classification-symbol><class-title date-revised="2013-01-01"><title-part><CPC-specific-text><text>Making abrasive webs</text></CPC-specific-text></title-part></class-title>
<classification-item breakdown-code="false" not-allocatable="false" level="10" additional-only="false" sort-key="B24D11/006" definition-exists="false" ipc-concordant="B24D11/00" c-set-base-allowed="false" c-set-subsequent-allowed="true" date-revised="2013-01-01" status="published"><classification-symbol>B24D11/006</classification-symbol><class-title date-revised="2013-01-01"><title-part><CPC-specific-text><text>without embedded abrasive particles</text></CPC-specific-text></title-part></class-title></classification-item></classification-item></classification-item>
<classification-item breakdown-code="false" not-allocatable="false" level="8" additional-only="false" sort-key="B24D11/008" definition-exists="false" ipc-concordant="B24D11/00" c-set-base-allowed="false" c-set-subsequent-allowed="true" date-revised="2013-01-01" status="published"><classification-symbol>B24D11/008</classification-symbol><class-title date-revised="2013-01-01"><title-part><CPC-specific-text><text>Finishing manufactured abrasive sheets, e.g. cutting, deforming</text></CPC-specific-text></title-part></class-title></classification-item>
<classification-item breakdown-code="false" not-allocatable="false" level="8" additional-only="false" sort-key="B24D11/02" definition-exists="false" ipc-concordant="B24D11/02" c-set-base-allowed="false" c-set-subsequent-allowed="true" date-revised="2013-01-01" status="published"><classification-symbol>B24D11/02</classification-symbol><class-title date-revised="2013-01-01"><title-part><text>Backings, e.g. foils, webs, mesh fabrics</text></title-part></class-title></classification-item>
<classification-item breakdown-code="false" not-allocatable="false" level="8" additional-only="false" sort-key="B24D11/04" definition-exists="false" ipc-concordant="B24D11/04" c-set-base-allowed="false" c-set-subsequent-allowed="true" date-revised="2013-01-01" status="published"><classification-symbol>B24D11/04</classification-symbol><class-title date-revised="2013-01-01"><title-part><text>Zonally-graded surfaces</text></title-part></class-title></classification-item>
<classification-item breakdown-code="false" not-allocatable="false" level="8" additional-only="false" sort-key="B24D11/06" definition-exists="false" ipc-concordant="B24D11/06" c-set-base-allowed="false" c-set-subsequent-allowed="true" date-revised="2013-01-01" status="published"><classification-symbol>B24D11/06</classification-symbol><class-title date-revised="2013-01-01"><title-part><text>Connecting the ends of materials, e.g. for making abrasive belts</text></title-part></class-title>
<classification-item breakdown-code="false" not-allocatable="false" level="9" additional-only="false" sort-key="B24D11/065" definition-exists="false" ipc-concordant="B24D11/06" c-set-base-allowed="false" c-set-subsequent-allowed="true" date-revised="2013-01-01" status="published"><classification-symbol>B24D11/065</classification-symbol><class-title date-revised="2013-01-01"><title-part><CPC-specific-text><text>Treatment of the ends of flexible abrasive materials before connecting them</text></CPC-specific-text></title-part></class-title></classification-item></classification-item>
<classification-item breakdown-code="false" not-allocatable="false" level="8" additional-only="false" sort-key="B24D11/08" definition-exists="false" ipc-concordant="B24D11/08" c-set-base-allowed="false" c-set-subsequent-allowed="true" date-revised="2013-01-01" status="published"><classification-symbol>B24D11/08</classification-symbol><class-title date-revised="2013-01-01"><title-part><text>Equipment for after-treatment of the coated backings, e.g. for flexing the coating</text></title-part></class-title></classification-item></classification-item>
<classification-item breakdown-code="false" not-allocatable="false" level="7" additional-only="false" sort-key="B24D13/00" definition-exists="true" ipc-concordant="B24D13/00" c-set-base-allowed="false" c-set-subsequent-allowed="true" date-revised="2013-01-01" status="published"><classification-symbol>B24D13/00</classification-symbol><class-title date-revised="2013-01-01"><title-part><text>Wheels having flexibly-acting working parts, e.g. buffing wheels</text></title-part><title-part><text>Mountings therefor</text></title-part></class-title>
<classification-item breakdown-code="false" not-allocatable="false" level="8" additional-only="false" sort-key="B24D13/02" definition-exists="false" ipc-concordant="B24D13/02" c-set-base-allowed="false" c-set-subsequent-allowed="true" date-revised="2013-01-01" status="published"><classification-symbol>B24D13/02</classification-symbol><class-title date-revised="2013-01-01"><title-part><text>acting by their periphery</text></title-part></class-title>
<classification-item breakdown-code="false" not-allocatable="false" level="9" additional-only="false" sort-key="B24D13/04" definition-exists="false" ipc-concordant="B24D13/04" c-set-base-allowed="false" c-set-subsequent-allowed="true" date-revised="2013-01-01" status="published"><classification-symbol>B24D13/04</classification-symbol><class-title date-revised="2013-01-01"><title-part><text>comprising a plurality of flaps or strips arranged around the axis</text></title-part></class-title>
<classification-item breakdown-code="false" not-allocatable="false" level="10" additional-only="false" sort-key="B24D13/045" definition-exists="false" ipc-concordant="B24D13/04" c-set-base-allowed="false" c-set-subsequent-allowed="true" date-revised="2013-01-01" status="published"><classification-symbol>B24D13/045</classification-symbol><class-title date-revised="2013-01-01"><title-part><CPC-specific-text><text>comprising flaps not covering the entire periphery of the wheel</text></CPC-specific-text></title-part></class-title></classification-item></classification-item>
<classification-item breakdown-code="false" not-allocatable="false" level="9" additional-only="false" sort-key="B24D13/06" definition-exists="false" ipc-concordant="B24D13/06" c-set-base-allowed="false" c-set-subsequent-allowed="true" date-revised="2013-01-01" status="published"><classification-symbol>B24D13/06</classification-symbol><class-title date-revised="2013-01-01"><title-part><text>the flaps or strips being individually attached</text></title-part></class-title></classification-item>
<classification-item breakdown-code="false" not-allocatable="false" level="9" additional-only="false" sort-key="B24D13/08" definition-exists="false" ipc-concordant="B24D13/08" c-set-base-allowed="false" c-set-subsequent-allowed="true" date-revised="2013-01-01" status="published"><classification-symbol>B24D13/08</classification-symbol><class-title date-revised="2013-01-01"><title-part><text>comprising annular or circular sheets packed side by side</text></title-part></class-title>
<classification-item breakdown-code="false" not-allocatable="false" level="10" additional-only="false" sort-key="B24D13/085" definition-exists="false" ipc-concordant="B24D13/08" c-set-base-allowed="false" c-set-subsequent-allowed="true" date-revised="2013-01-01" status="published"><classification-symbol>B24D13/085</classification-symbol><class-title date-revised="2013-01-01"><title-part><CPC-specific-text><text>comprising flaps with a circular sheet on each side</text></CPC-specific-text></title-part></class-title></classification-item></classification-item>
<classification-item breakdown-code="false" not-allocatable="false" level="9" additional-only="false" sort-key="B24D13/10" definition-exists="false" ipc-concordant="B24D13/10" c-set-base-allowed="false" c-set-subsequent-allowed="true" date-revised="2013-01-01" status="published"><classification-symbol>B24D13/10</classification-symbol><class-title date-revised="2013-01-01"><title-part><text>comprising assemblies of brushes</text></title-part></class-title></classification-item>
<classification-item breakdown-code="false" not-allocatable="false" level="9" additional-only="false" sort-key="B24D13/12" definition-exists="false" ipc-concordant="B24D13/12" c-set-base-allowed="false" c-set-subsequent-allowed="true" date-revised="2013-01-01" status="published"><classification-symbol>B24D13/12</classification-symbol><class-title date-revised="2013-01-01"><title-part><text>comprising assemblies of felted or spongy material, e.g. felt, steel wool, foamed latex</text></title-part></class-title></classification-item></classification-item>
<classification-item breakdown-code="false" not-allocatable="false" level="8" additional-only="false" sort-key="B24D13/14" definition-exists="false" ipc-concordant="B24D13/14" c-set-base-allowed="false" c-set-subsequent-allowed="true" date-revised="2013-01-01" status="published"><classification-symbol>B24D13/14</classification-symbol><class-title date-revised="2013-01-01"><title-part><text>acting by the front face</text></title-part></class-title>
<classification-item breakdown-code="false" not-allocatable="false" level="9" additional-only="false" sort-key="B24D13/142" definition-exists="false" ipc-concordant="B24D13/14" c-set-base-allowed="false" c-set-subsequent-allowed="true" date-revised="2013-01-01" status="published"><classification-symbol>B24D13/142</classification-symbol><class-title date-revised="2013-01-01"><title-part><CPC-specific-text><text>Wheels of special form</text></CPC-specific-text></title-part></class-title></classification-item>
<classification-item breakdown-code="false" not-allocatable="false" level="9" additional-only="false" sort-key="B24D13/145" definition-exists="false" ipc-concordant="B24D13/14" c-set-base-allowed="false" c-set-subsequent-allowed="true" date-revised="2013-01-01" status="published"><classification-symbol>B24D13/145</classification-symbol><class-title date-revised="2013-01-01"><title-part><CPC-specific-text><text>having a brush-like working surface</text></CPC-specific-text></title-part></class-title></classification-item>
<classification-item breakdown-code="false" not-allocatable="false" level="9" additional-only="false" sort-key="B24D13/147" definition-exists="true" ipc-concordant="B24D13/14" c-set-base-allowed="false" c-set-subsequent-allowed="true" date-revised="2013-01-01" status="published"><classification-symbol>B24D13/147</classification-symbol><class-title date-revised="2013-01-01"><title-part><CPC-specific-text><text>comprising assemblies of felted or spongy material; comprising pads surrounded by a flexible material</text></CPC-specific-text></title-part></class-title></classification-item>
<classification-item breakdown-code="false" not-allocatable="false" level="9" additional-only="false" sort-key="B24D13/16" definition-exists="false" ipc-concordant="B24D13/16" c-set-base-allowed="false" c-set-subsequent-allowed="true" date-revised="2013-01-01" status="published"><classification-symbol>B24D13/16</classification-symbol><class-title date-revised="2013-01-01"><title-part><text>comprising pleated flaps or strips</text></title-part></class-title></classification-item></classification-item>
<classification-item breakdown-code="false" not-allocatable="false" level="8" additional-only="false" sort-key="B24D13/18" definition-exists="true" ipc-concordant="B24D13/18" c-set-base-allowed="false" c-set-subsequent-allowed="true" date-revised="2013-01-01" status="published"><classification-symbol>B24D13/18</classification-symbol><class-title date-revised="2013-01-01"><title-part><text>with cooling provisions</text></title-part></class-title></classification-item>
<classification-item breakdown-code="false" not-allocatable="false" level="8" additional-only="false" sort-key="B24D13/20" definition-exists="false" ipc-concordant="B24D13/20" c-set-base-allowed="false" c-set-subsequent-allowed="true" date-revised="2013-01-01" status="published"><classification-symbol>B24D13/20</classification-symbol><class-title date-revised="2013-01-01"><title-part><text>Mountings for the wheels</text></title-part></class-title></classification-item></classification-item>
<classification-item breakdown-code="false" not-allocatable="false" level="7" additional-only="false" sort-key="B24D15/00" definition-exists="true" ipc-concordant="B24D15/00" c-set-base-allowed="false" c-set-subsequent-allowed="true" date-revised="2013-01-01" status="published"><classification-symbol>B24D15/00</classification-symbol><class-title date-revised="2013-01-01"><title-part><text>Hand tools or other devices for non-rotary grinding, polishing, or stropping</text></title-part></class-title>
<classification-item breakdown-code="false" not-allocatable="false" level="8" additional-only="false" sort-key="B24D15/02" definition-exists="false" ipc-concordant="B24D15/02" c-set-base-allowed="false" c-set-subsequent-allowed="true" date-revised="2013-01-01" status="published"><classification-symbol>B24D15/02</classification-symbol><class-title date-revised="2013-01-01"><title-part><text>rigid</text></title-part><title-part><text>with rigidly-supported operative surface</text></title-part></class-title>
<classification-item breakdown-code="false" not-allocatable="false" level="9" additional-only="false" sort-key="B24D15/023" definition-exists="false" ipc-concordant="B24D15/02" c-set-base-allowed="false" c-set-subsequent-allowed="true" date-revised="2013-01-01" status="published"><classification-symbol>B24D15/023</classification-symbol><class-title date-revised="2013-01-01"><title-part><CPC-specific-text><text>using in exchangeable arrangement a layer of flexible material</text></CPC-specific-text></title-part></class-title>
<classification-item breakdown-code="false" not-allocatable="false" level="10" additional-only="false" sort-key="B24D15/026" definition-exists="false" ipc-concordant="B24D15/02" c-set-base-allowed="false" c-set-subsequent-allowed="true" date-revised="2013-01-01" status="published"><classification-symbol>B24D15/026</classification-symbol><class-title date-revised="2013-01-01"><title-part><CPC-specific-text><text>able to be stripped-off from a built-in delivery spool</text></CPC-specific-text></title-part></class-title></classification-item></classification-item></classification-item>
<classification-item breakdown-code="false" not-allocatable="false" level="8" additional-only="false" sort-key="B24D15/04" definition-exists="false" ipc-concordant="B24D15/04" c-set-base-allowed="false" c-set-subsequent-allowed="true" date-revised="2013-01-01" status="published"><classification-symbol>B24D15/04</classification-symbol><class-title date-revised="2013-01-01"><title-part><text>resilient</text></title-part><title-part><text>with resiliently-mounted operative surface</text></title-part></class-title>
<classification-item breakdown-code="false" not-allocatable="false" level="9" additional-only="false" sort-key="B24D15/045" definition-exists="false" ipc-concordant="B24D15/04" c-set-base-allowed="false" c-set-subsequent-allowed="true" date-revised="2013-01-01" status="published"><classification-symbol>B24D15/045</classification-symbol><class-title date-revised="2013-01-01"><title-part><CPC-specific-text><text>Glove-shaped abrasive devices</text></CPC-specific-text></title-part></class-title></classification-item></classification-item>
<classification-item breakdown-code="false" not-allocatable="false" level="8" additional-only="false" sort-key="B24D15/06" definition-exists="true" ipc-concordant="B24D15/06" c-set-base-allowed="false" c-set-subsequent-allowed="true" date-revised="2013-01-01" status="published"><classification-symbol>B24D15/06</classification-symbol><class-title date-revised="2013-01-01"><title-part><text>specially designed for sharpening cutting edges</text></title-part></class-title>
<classification-item breakdown-code="false" not-allocatable="false" level="9" additional-only="false" sort-key="B24D15/061" definition-exists="false" ipc-concordant="B24D15/06" c-set-base-allowed="false" c-set-subsequent-allowed="true" date-revised="2013-01-01" status="published"><classification-symbol>B24D15/061</classification-symbol><class-title date-revised="2013-01-01"><title-part><CPC-specific-text><text>for electric shaving blades</text></CPC-specific-text></title-part></class-title></classification-item>
<classification-item breakdown-code="false" not-allocatable="false" level="9" additional-only="false" sort-key="B24D15/063" definition-exists="false" ipc-concordant="B24D15/06" c-set-base-allowed="false" c-set-subsequent-allowed="true" date-revised="2013-01-01" status="published"><classification-symbol>B24D15/063</classification-symbol><class-title date-revised="2013-01-01"><title-part><CPC-specific-text><text>for grinding shears, scissors</text></CPC-specific-text></title-part></class-title></classification-item>
<classification-item breakdown-code="false" not-allocatable="false" level="9" additional-only="false" sort-key="B24D15/065" definition-exists="false" ipc-concordant="B24D15/06" c-set-base-allowed="false" c-set-subsequent-allowed="true" date-revised="2013-01-01" status="published"><classification-symbol>B24D15/065</classification-symbol><class-title date-revised="2013-01-01"><title-part><CPC-specific-text><text>for sharpening both knives and scissors</text></CPC-specific-text></title-part></class-title></classification-item>
<classification-item breakdown-code="false" not-allocatable="false" level="9" additional-only="false" sort-key="B24D15/066" definition-exists="false" ipc-concordant="B24D15/06" c-set-base-allowed="false" c-set-subsequent-allowed="true" date-revised="2013-01-01" status="published"><classification-symbol>B24D15/066</classification-symbol><class-title date-revised="2013-01-01"><title-part><CPC-specific-text><text>for sharpening skate blades, i.e. blades having two sharp edges defined by three surfaces intersecting in pairs at an angle of substantially 90&#176;</text></CPC-specific-text></title-part></class-title></classification-item>
<classification-item breakdown-code="false" not-allocatable="false" level="9" additional-only="false" sort-key="B24D15/068" definition-exists="true" ipc-concordant="B24D15/06" c-set-base-allowed="false" c-set-subsequent-allowed="true" date-revised="2013-01-01" status="published"><classification-symbol>B24D15/068</classification-symbol><class-title date-revised="2013-01-01"><title-part><CPC-specific-text><text>for sharpening ski edges, i.e. sharp edges defined by two surfaces intersecting at an angle of substantially 90&#176;</text></CPC-specific-text></title-part></class-title></classification-item>
<classification-item breakdown-code="false" not-allocatable="false" level="9" additional-only="false" sort-key="B24D15/08" definition-exists="false" ipc-concordant="B24D15/08" c-set-base-allowed="false" c-set-subsequent-allowed="true" date-revised="2013-01-01" status="published"><classification-symbol>B24D15/08</classification-symbol><class-title date-revised="2013-01-01"><title-part><text>of knives</text></title-part><title-part><text>of razors</text></title-part></class-title>
<classification-item breakdown-code="false" not-allocatable="false" level="10" additional-only="false" sort-key="B24D15/081" definition-exists="false" ipc-concordant="B24D15/08" c-set-base-allowed="false" c-set-subsequent-allowed="true" date-revised="2013-01-01" status="published"><classification-symbol>B24D15/081</classification-symbol><class-title date-revised="2013-01-01"><title-part><CPC-specific-text><text>with sharpening elements in interengaging or in mutual contact</text></CPC-specific-text></title-part></class-title>
<classification-item breakdown-code="false" not-allocatable="false" level="11" additional-only="false" sort-key="B24D15/082" definition-exists="false" ipc-concordant="B24D15/08" c-set-base-allowed="false" c-set-subsequent-allowed="true" date-revised="2013-01-01" status="published"><classification-symbol>B24D15/082</classification-symbol><class-title date-revised="2013-01-01"><title-part><CPC-specific-text><text>the elements being rotatable</text></CPC-specific-text></title-part></class-title></classification-item></classification-item>
<classification-item breakdown-code="false" not-allocatable="false" level="10" additional-only="false" sort-key="B24D15/084" definition-exists="false" ipc-concordant="B24D15/08" c-set-base-allowed="false" c-set-subsequent-allowed="true" date-revised="2013-01-01" status="published"><classification-symbol>B24D15/084</classification-symbol><class-title date-revised="2013-01-01"><title-part><CPC-specific-text><text>the sharpening elements being fitted to knife sheaths, holders or handles</text></CPC-specific-text></title-part></class-title></classification-item>
<classification-item breakdown-code="false" not-allocatable="false" level="10" additional-only="false" sort-key="B24D15/085" definition-exists="false" ipc-concordant="B24D15/08" c-set-base-allowed="false" c-set-subsequent-allowed="true" date-revised="2013-01-01" status="published"><classification-symbol>B24D15/085</classification-symbol><class-title date-revised="2013-01-01"><title-part><CPC-specific-text><text>with reciprocating whetstones</text></CPC-specific-text></title-part></class-title>
<classification-item breakdown-code="false" not-allocatable="false" level="11" additional-only="false" sort-key="B24D15/087" definition-exists="false" ipc-concordant="B24D15/08" c-set-base-allowed="false" c-set-subsequent-allowed="true" date-revised="2013-01-01" status="published"><classification-symbol>B24D15/087</classification-symbol><class-title date-revised="2013-01-01"><title-part><CPC-specific-text><text>having a crank handle</text></CPC-specific-text></title-part></class-title></classification-item></classification-item>
<classification-item breakdown-code="false" not-allocatable="false" level="10" additional-only="false" sort-key="B24D15/088" definition-exists="false" ipc-concordant="B24D15/08" c-set-base-allowed="false" c-set-subsequent-allowed="true" date-revised="2013-01-01" status="published"><classification-symbol>B24D15/088</classification-symbol><class-title date-revised="2013-01-01"><title-part><CPC-specific-text><text>with whetting leather</text></CPC-specific-text></title-part></class-title></classification-item></classification-item>
<classification-item breakdown-code="false" not-allocatable="false" level="9" additional-only="false" sort-key="B24D15/10" definition-exists="false" ipc-concordant="B24D15/10" c-set-base-allowed="false" c-set-subsequent-allowed="true" date-revised="2013-01-01" status="published"><classification-symbol>B24D15/10</classification-symbol><class-title date-revised="2013-01-01"><title-part><text>of safety-razor blades </text><reference><text>devices with mechanically-operated parts <class-ref scheme="cpc">B24B3/50</class-ref></text></reference></title-part></class-title>
<classification-item breakdown-code="false" not-allocatable="false" level="10" additional-only="false" sort-key="B24D15/105" definition-exists="false" ipc-concordant="B24D15/10" c-set-base-allowed="false" c-set-subsequent-allowed="true" date-revised="2013-01-01" status="published"><classification-symbol>B24D15/105</classification-symbol><class-title date-revised="2013-01-01"><title-part><CPC-specific-text><text>Holders therefor</text></CPC-specific-text></title-part></class-title></classification-item></classification-item></classification-item></classification-item>
<classification-item breakdown-code="false" not-allocatable="false" level="7" additional-only="false" sort-key="B24D18/00" definition-exists="true" ipc-concordant="B24D18/00" c-set-base-allowed="false" c-set-subsequent-allowed="true" date-revised="2013-01-01" status="published"><classification-symbol>B24D18/00</classification-symbol><class-title date-revised="2013-01-01"><title-part><text>Manufacture of grinding tools </text><CPC-specific-text><text>or other grinding devices</text></CPC-specific-text><text>, e.g. wheels, not otherwise provided for</text></title-part></class-title>
<classification-item breakdown-code="false" not-allocatable="false" level="8" additional-only="false" sort-key="B24D18/0009" definition-exists="false" ipc-concordant="B24D18/00" c-set-base-allowed="false" c-set-subsequent-allowed="true" date-revised="2013-01-01" status="published"><classification-symbol>B24D18/0009</classification-symbol><class-title date-revised="2013-01-01"><title-part><CPC-specific-text><text>using moulds or presses</text></CPC-specific-text></title-part></class-title></classification-item>
<classification-item breakdown-code="false" not-allocatable="false" level="8" additional-only="false" sort-key="B24D18/0018" definition-exists="false" ipc-concordant="B24D18/00" c-set-base-allowed="false" c-set-subsequent-allowed="true" date-revised="2013-01-01" status="published"><classification-symbol>B24D18/0018</classification-symbol><class-title date-revised="2013-01-01"><title-part><CPC-specific-text><text>by electrolytic deposition</text></CPC-specific-text></title-part></class-title></classification-item>
<classification-item breakdown-code="false" not-allocatable="false" level="8" additional-only="false" sort-key="B24D18/0027" definition-exists="false" ipc-concordant="B24D18/00" c-set-base-allowed="false" c-set-subsequent-allowed="true" date-revised="2013-01-01" status="published"><classification-symbol>B24D18/0027</classification-symbol><class-title date-revised="2013-01-01"><title-part><CPC-specific-text><text>by impregnation</text></CPC-specific-text></title-part></class-title></classification-item>
<classification-item breakdown-code="false" not-allocatable="false" level="8" additional-only="false" sort-key="B24D18/0036" definition-exists="false" ipc-concordant="B24D18/00" c-set-base-allowed="false" c-set-subsequent-allowed="true" date-revised="2013-01-01" status="published"><classification-symbol>B24D18/0036</classification-symbol><class-title date-revised="2013-01-01"><title-part><CPC-specific-text><text>by winding up abrasive bands</text></CPC-specific-text></title-part></class-title></classification-item>
<classification-item breakdown-code="false" not-allocatable="false" level="8" additional-only="false" sort-key="B24D18/0045" definition-exists="false" ipc-concordant="B24D18/00" c-set-base-allowed="false" c-set-subsequent-allowed="true" date-revised="2013-01-01" status="published"><classification-symbol>B24D18/0045</classification-symbol><class-title date-revised="2013-01-01"><title-part><CPC-specific-text><text>by stacking sheets of abrasive material</text></CPC-specific-text></title-part></class-title></classification-item>
<classification-item breakdown-code="false" not-allocatable="false" level="8" additional-only="false" sort-key="B24D18/0054" definition-exists="false" ipc-concordant="B24D18/00" c-set-base-allowed="false" c-set-subsequent-allowed="true" date-revised="2013-01-01" status="published"><classification-symbol>B24D18/0054</classification-symbol><class-title date-revised="2013-01-01"><title-part><CPC-specific-text><text>by impressing abrasive powder in a matrix</text></CPC-specific-text></title-part></class-title></classification-item>
<classification-item breakdown-code="false" not-allocatable="false" level="8" additional-only="false" sort-key="B24D18/0063" definition-exists="false" ipc-concordant="B24D18/00" c-set-base-allowed="false" c-set-subsequent-allowed="true" date-revised="2013-01-01" status="published"><classification-symbol>B24D18/0063</classification-symbol><class-title date-revised="2013-01-01"><title-part><CPC-specific-text><text>by extrusion</text></CPC-specific-text></title-part></class-title></classification-item>
<classification-item breakdown-code="false" not-allocatable="false" level="8" additional-only="false" sort-key="B24D18/0072" definition-exists="false" ipc-concordant="B24D18/00" c-set-base-allowed="false" c-set-subsequent-allowed="true" date-revised="2013-01-01" status="published"><classification-symbol>B24D18/0072</classification-symbol><class-title date-revised="2013-01-01"><title-part><CPC-specific-text><text>using adhesives for bonding abrasive particles or grinding elements to a support, e.g. by gluing</text></CPC-specific-text></title-part></class-title></classification-item>
<classification-item breakdown-code="false" not-allocatable="false" level="8" additional-only="false" sort-key="B24D18/0081" definition-exists="false" ipc-concordant="B24D18/00" c-set-base-allowed="false" c-set-subsequent-allowed="true" date-revised="2013-01-01" status="published"><classification-symbol>B24D18/0081</classification-symbol><class-title date-revised="2013-01-01"><title-part><CPC-specific-text><text>of wire-reinforced grinding tools</text></CPC-specific-text></title-part></class-title></classification-item>
<classification-item breakdown-code="false" not-allocatable="false" level="8" additional-only="false" sort-key="B24D18/009" definition-exists="false" ipc-concordant="B24D18/00" c-set-base-allowed="false" c-set-subsequent-allowed="true" date-revised="2013-01-01" status="published"><classification-symbol>B24D18/009</classification-symbol><class-title date-revised="2013-01-01"><title-part><CPC-specific-text><text>Tools not otherwise provided for</text></CPC-specific-text></title-part></class-title></classification-item></classification-item>
<classification-item breakdown-code="false" not-allocatable="false" level="7" additional-only="false" sort-key="B24D99/00" definition-exists="true" ipc-concordant="B24D99/00" c-set-base-allowed="false" c-set-subsequent-allowed="true" date-revised="2013-01-01" status="published"><classification-symbol>B24D99/00</classification-symbol><class-title date-revised="2013-01-01"><title-part><text>Subject matter not provided for in other groups of this subclass </text><CPC-specific-text><reference><text><class-ref scheme="cpc">B28D1/124</class-ref> takes precedence</text></reference></CPC-specific-text></title-part></class-title>
<classification-item breakdown-code="false" not-allocatable="false" level="8" additional-only="false" sort-key="B24D99/005" definition-exists="true" ipc-concordant="B24D99/00" c-set-base-allowed="false" c-set-subsequent-allowed="true" date-revised="2013-01-01" status="published"><classification-symbol>B24D99/005</classification-symbol><class-title date-revised="2013-01-01"><title-part><CPC-specific-text><text>Segments of abrasive wheels</text></CPC-specific-text></title-part></class-title></classification-item></classification-item></classification-item>
<classification-item breakdown-code="false" not-allocatable="true" level="6" additional-only="true" sort-key="B24D201/00" date-revised="2013-01-01" status="published"><classification-symbol>B24D2201/00</classification-symbol>
<classification-item breakdown-code="true" not-allocatable="false" level="7" additional-only="true" sort-key="B24D201/00" definition-exists="false" ipc-concordant="CPCONLY" c-set-base-allowed="false" c-set-subsequent-allowed="true" date-revised="2013-01-01" status="published"><classification-symbol>B24D2201/00</classification-symbol><class-title date-revised="2013-01-01"><title-part><text>Bushings or mountings integral with the grinding wheel</text></title-part></class-title></classification-item>
<classification-item breakdown-code="true" not-allocatable="false" level="7" additional-only="true" sort-key="B24D203/00" definition-exists="false" ipc-concordant="CPCONLY" c-set-base-allowed="false" c-set-subsequent-allowed="true" date-revised="2013-01-01" status="published"><classification-symbol>B24D2203/00</classification-symbol><class-title date-revised="2013-01-01"><title-part><text>Tool surfaces formed with a pattern</text></title-part></class-title></classification-item>
<classification-item breakdown-code="true" not-allocatable="false" level="7" additional-only="true" sort-key="B24D205/00" definition-exists="false" ipc-concordant="CPCONLY" c-set-base-allowed="false" c-set-subsequent-allowed="true" date-revised="2013-01-01" status="published"><classification-symbol>B24D2205/00</classification-symbol><class-title date-revised="2013-01-01"><title-part><text>Grinding tools with incorporated marking device</text></title-part></class-title></classification-item></classification-item></classification-item></class-scheme>