<?xml version="1.0" encoding="UTF-8"?>
<class-scheme publication-date="2018-02-01" scheme-type="cpc" publication-type="official">
<classification-item breakdown-code="false" not-allocatable="true" level="5" additional-only="false" sort-key="D04C" definition-exists="true" date-revised="2013-01-01" status="published"><classification-symbol>D04C</classification-symbol><class-title date-revised="2013-01-01"><title-part><text>BRAIDING OR MANUFACTURE OF LACE, INCLUDING BOBBIN-NET OR CARBONISED LACE</text></title-part><title-part><text>BRAIDING MACHINES</text></title-part><title-part><text>BRAID</text></title-part><title-part><text>LACE </text><reference><text>machines for making soles from strips of material <class-ref scheme="cpc">A43D29/00</class-ref>; cane working <class-ref scheme="cpc">B27J1/00</class-ref></text></reference></title-part></class-title>
<classification-item breakdown-code="false" not-allocatable="true" level="6" additional-only="false" sort-key="D04C1/00" date-revised="2013-01-01" status="published"><classification-symbol>D04C1/00</classification-symbol>
<classification-item breakdown-code="false" not-allocatable="false" level="7" additional-only="false" sort-key="D04C1/00" definition-exists="true" ipc-concordant="D04C1/00" c-set-base-allowed="false" c-set-subsequent-allowed="true" date-revised="2013-01-01" status="published"><classification-symbol>D04C1/00</classification-symbol><class-title date-revised="2013-01-01"><title-part><text>Braid or lace, e.g. pillow-lace</text></title-part><title-part><text>Processes for the manufacture thereof</text></title-part></class-title>
<classification-item breakdown-code="false" not-allocatable="false" level="8" additional-only="false" sort-key="D04C1/02" definition-exists="true" ipc-concordant="D04C1/02" c-set-base-allowed="false" c-set-subsequent-allowed="true" date-revised="2013-01-01" status="published"><classification-symbol>D04C1/02</classification-symbol><class-title date-revised="2013-01-01"><title-part><text>made from particular materials</text></title-part></class-title>
<classification-item breakdown-code="false" not-allocatable="false" level="9" additional-only="false" sort-key="D04C1/04" definition-exists="false" ipc-concordant="D04C1/04" c-set-base-allowed="false" c-set-subsequent-allowed="true" date-revised="2013-01-01" status="published"><classification-symbol>D04C1/04</classification-symbol><class-title date-revised="2013-01-01"><title-part><text>Carbonised or like lace</text></title-part></class-title></classification-item></classification-item>
<classification-item breakdown-code="false" not-allocatable="false" level="8" additional-only="false" sort-key="D04C1/06" definition-exists="true" ipc-concordant="D04C1/06" c-set-base-allowed="false" c-set-subsequent-allowed="true" date-revised="2013-01-01" status="published"><classification-symbol>D04C1/06</classification-symbol><class-title date-revised="2013-01-01"><title-part><text>Braid or lace serving particular purposes</text></title-part></class-title>
<classification-item breakdown-code="false" not-allocatable="false" level="9" additional-only="false" sort-key="D04C1/08" definition-exists="true" ipc-concordant="D04C1/08" c-set-base-allowed="false" c-set-subsequent-allowed="true" date-revised="2013-01-01" status="published"><classification-symbol>D04C1/08</classification-symbol><class-title date-revised="2013-01-01"><title-part><text>Tulle fabrics</text></title-part></class-title>
<classification-item breakdown-code="false" not-allocatable="false" level="10" additional-only="false" sort-key="D04C1/10" definition-exists="true" ipc-concordant="D04C1/10" c-set-base-allowed="false" c-set-subsequent-allowed="true" date-revised="2013-01-01" status="published"><classification-symbol>D04C1/10</classification-symbol><class-title date-revised="2013-01-01"><title-part><text>Pattern tulle fabrics</text></title-part></class-title></classification-item></classification-item>
<classification-item breakdown-code="false" not-allocatable="false" level="9" additional-only="false" sort-key="D04C1/12" definition-exists="true" ipc-concordant="D04C1/12" c-set-base-allowed="false" c-set-subsequent-allowed="true" date-revised="2013-01-01" status="published"><classification-symbol>D04C1/12</classification-symbol><class-title date-revised="2013-01-01"><title-part><text>Cords, lines, or tows</text></title-part></class-title></classification-item></classification-item></classification-item>
<classification-item breakdown-code="false" not-allocatable="false" level="7" additional-only="false" sort-key="D04C3/00" definition-exists="true" ipc-concordant="D04C3/00" c-set-base-allowed="false" c-set-subsequent-allowed="true" date-revised="2013-01-01" status="published"><classification-symbol>D04C3/00</classification-symbol><class-title date-revised="2013-01-01"><title-part><text>Braiding or lacing machines</text></title-part></class-title>
<classification-item breakdown-code="false" not-allocatable="false" level="8" additional-only="false" sort-key="D04C3/02" definition-exists="true" ipc-concordant="D04C3/02" c-set-base-allowed="false" c-set-subsequent-allowed="true" date-revised="2013-01-01" status="published"><classification-symbol>D04C3/02</classification-symbol><class-title date-revised="2013-01-01"><title-part><text>with spool carriers guided by track plates or by bobbin heads exclusively</text></title-part></class-title>
<classification-item breakdown-code="false" not-allocatable="false" level="9" additional-only="false" sort-key="D04C3/04" definition-exists="false" ipc-concordant="D04C3/04" c-set-base-allowed="false" c-set-subsequent-allowed="true" date-revised="2013-01-01" status="published"><classification-symbol>D04C3/04</classification-symbol><class-title date-revised="2013-01-01"><title-part><text>with spool carriers guided and reciprocating in non-endless paths</text></title-part></class-title></classification-item>
<classification-item breakdown-code="false" not-allocatable="false" level="9" additional-only="false" sort-key="D04C3/06" definition-exists="false" ipc-concordant="D04C3/06" c-set-base-allowed="false" c-set-subsequent-allowed="true" date-revised="2013-01-01" status="published"><classification-symbol>D04C3/06</classification-symbol><class-title date-revised="2013-01-01"><title-part><text>with spool carriers moving always in the same direction in endless paths</text></title-part></class-title></classification-item>
<classification-item breakdown-code="false" not-allocatable="false" level="9" additional-only="false" sort-key="D04C3/08" definition-exists="false" ipc-concordant="D04C3/08" c-set-base-allowed="false" c-set-subsequent-allowed="true" date-revised="2013-01-01" status="published"><classification-symbol>D04C3/08</classification-symbol><class-title date-revised="2013-01-01"><title-part><text>with means for superimposing threads or braids</text></title-part></class-title></classification-item>
<classification-item breakdown-code="false" not-allocatable="false" level="9" additional-only="false" sort-key="D04C3/10" definition-exists="false" ipc-concordant="D04C3/10" c-set-base-allowed="false" c-set-subsequent-allowed="true" date-revised="2013-01-01" status="published"><classification-symbol>D04C3/10</classification-symbol><class-title date-revised="2013-01-01"><title-part><text>with means for forming edge loops, ears, or eyes</text></title-part></class-title></classification-item>
<classification-item breakdown-code="false" not-allocatable="false" level="9" additional-only="false" sort-key="D04C3/12" definition-exists="false" ipc-concordant="D04C3/12" c-set-base-allowed="false" c-set-subsequent-allowed="true" date-revised="2013-01-01" status="published"><classification-symbol>D04C3/12</classification-symbol><class-title date-revised="2013-01-01"><title-part><text>with means for introducing core threads</text></title-part></class-title></classification-item>
<classification-item breakdown-code="false" not-allocatable="false" level="9" additional-only="false" sort-key="D04C3/14" definition-exists="false" ipc-concordant="D04C3/14" c-set-base-allowed="false" c-set-subsequent-allowed="true" date-revised="2013-01-01" status="published"><classification-symbol>D04C3/14</classification-symbol><class-title date-revised="2013-01-01"><title-part><text>Spool carriers</text></title-part></class-title>
<classification-item breakdown-code="false" not-allocatable="false" level="10" additional-only="false" sort-key="D04C3/16" definition-exists="false" ipc-concordant="D04C3/16" c-set-base-allowed="false" c-set-subsequent-allowed="true" date-revised="2013-01-01" status="published"><classification-symbol>D04C3/16</classification-symbol><class-title date-revised="2013-01-01"><title-part><text>for horizontal spools</text></title-part></class-title></classification-item>
<classification-item breakdown-code="false" not-allocatable="false" level="10" additional-only="false" sort-key="D04C3/18" definition-exists="false" ipc-concordant="D04C3/18" c-set-base-allowed="false" c-set-subsequent-allowed="true" date-revised="2013-01-01" status="published"><classification-symbol>D04C3/18</classification-symbol><class-title date-revised="2013-01-01"><title-part><text>for vertical spools</text></title-part></class-title></classification-item></classification-item>
<classification-item breakdown-code="false" not-allocatable="false" level="9" additional-only="false" sort-key="D04C3/20" definition-exists="false" ipc-concordant="D04C3/20" c-set-base-allowed="false" c-set-subsequent-allowed="true" date-revised="2013-01-01" status="published"><classification-symbol>D04C3/20</classification-symbol><class-title date-revised="2013-01-01"><title-part><text>Arrangement of bobbin heads and guides or track plates in the machine</text></title-part></class-title></classification-item>
<classification-item breakdown-code="false" not-allocatable="false" level="9" additional-only="false" sort-key="D04C3/22" definition-exists="false" ipc-concordant="D04C3/22" c-set-base-allowed="false" c-set-subsequent-allowed="true" date-revised="2017-08-01" status="published"><classification-symbol>D04C3/22</classification-symbol><class-title date-revised="2017-08-01"><title-part><text>Guides or track plates </text><reference><text>with means for controlling spool carriers <class-ref scheme="cpc">D04C3/24</class-ref></text></reference></title-part></class-title></classification-item>
<classification-item breakdown-code="false" not-allocatable="false" level="9" additional-only="false" sort-key="D04C3/24" definition-exists="false" ipc-concordant="D04C3/24" c-set-base-allowed="false" c-set-subsequent-allowed="true" date-revised="2017-08-01" status="published"><classification-symbol>D04C3/24</classification-symbol><class-title date-revised="2017-08-01"><title-part><text>Devices for controlling spool carriers to obtain patterns, e.g. devices on guides or track plates</text></title-part></class-title>
<classification-item breakdown-code="false" not-allocatable="false" level="10" additional-only="false" sort-key="D04C3/26" definition-exists="false" ipc-concordant="D04C3/26" c-set-base-allowed="false" c-set-subsequent-allowed="true" date-revised="2013-01-01" status="published"><classification-symbol>D04C3/26</classification-symbol><class-title date-revised="2013-01-01"><title-part><text>by stopping bobbin heads</text></title-part></class-title></classification-item>
<classification-item breakdown-code="false" not-allocatable="false" level="10" additional-only="false" sort-key="D04C3/28" definition-exists="false" ipc-concordant="D04C3/28" c-set-base-allowed="false" c-set-subsequent-allowed="true" date-revised="2013-01-01" status="published"><classification-symbol>D04C3/28</classification-symbol><class-title date-revised="2013-01-01"><title-part><text>by stopping only the spool carrier</text></title-part></class-title></classification-item>
<classification-item breakdown-code="false" not-allocatable="false" level="10" additional-only="false" sort-key="D04C3/30" definition-exists="false" ipc-concordant="D04C3/30" c-set-base-allowed="false" c-set-subsequent-allowed="true" date-revised="2017-08-01" status="published"><classification-symbol>D04C3/30</classification-symbol><class-title date-revised="2017-08-01"><title-part><text>by controlling switches of guides or track plates</text></title-part></class-title></classification-item></classification-item>
<classification-item breakdown-code="false" not-allocatable="false" level="9" additional-only="false" sort-key="D04C3/32" definition-exists="false" ipc-concordant="D04C3/32" c-set-base-allowed="false" c-set-subsequent-allowed="true" date-revised="2013-01-01" status="published"><classification-symbol>D04C3/32</classification-symbol><class-title date-revised="2013-01-01"><title-part><text>Pattern input</text></title-part></class-title></classification-item>
<classification-item breakdown-code="false" not-allocatable="false" level="9" additional-only="false" sort-key="D04C3/34" definition-exists="false" ipc-concordant="D04C3/34" c-set-base-allowed="false" c-set-subsequent-allowed="true" date-revised="2013-01-01" status="published"><classification-symbol>D04C3/34</classification-symbol><class-title date-revised="2013-01-01"><title-part><text>Beater, or beat-up, mechanisms</text></title-part></class-title></classification-item>
<classification-item breakdown-code="false" not-allocatable="false" level="9" additional-only="false" sort-key="D04C3/36" definition-exists="false" ipc-concordant="D04C3/36" c-set-base-allowed="false" c-set-subsequent-allowed="true" date-revised="2013-01-01" status="published"><classification-symbol>D04C3/36</classification-symbol><class-title date-revised="2013-01-01"><title-part><text>Frames</text></title-part></class-title></classification-item>
<classification-item breakdown-code="false" not-allocatable="false" level="9" additional-only="false" sort-key="D04C3/38" definition-exists="false" ipc-concordant="D04C3/38" c-set-base-allowed="false" c-set-subsequent-allowed="true" date-revised="2013-01-01" status="published"><classification-symbol>D04C3/38</classification-symbol><class-title date-revised="2013-01-01"><title-part><text>Driving-gear</text></title-part><title-part><text>Starting or stopping mechanisms</text></title-part></class-title></classification-item></classification-item>
<classification-item breakdown-code="false" not-allocatable="false" level="8" additional-only="false" sort-key="D04C3/40" definition-exists="true" ipc-concordant="D04C3/40" c-set-base-allowed="false" c-set-subsequent-allowed="true" date-revised="2013-01-01" status="published"><classification-symbol>D04C3/40</classification-symbol><class-title date-revised="2013-01-01"><title-part><text>for making tubular braids by circulating strand supplies around braiding centre at equal distances</text></title-part></class-title>
<classification-item breakdown-code="false" not-allocatable="false" level="9" additional-only="false" sort-key="D04C3/42" definition-exists="false" ipc-concordant="D04C3/42" c-set-base-allowed="false" c-set-subsequent-allowed="true" date-revised="2013-01-01" status="published"><classification-symbol>D04C3/42</classification-symbol><class-title date-revised="2013-01-01"><title-part><text>with means for forming sheds by controlling guides for individual threads</text></title-part></class-title></classification-item>
<classification-item breakdown-code="false" not-allocatable="false" level="9" additional-only="false" sort-key="D04C3/44" definition-exists="false" ipc-concordant="D04C3/44" c-set-base-allowed="false" c-set-subsequent-allowed="true" date-revised="2013-01-01" status="published"><classification-symbol>D04C3/44</classification-symbol><class-title date-revised="2013-01-01"><title-part><text>with means for forming sheds by subsequently diverting various threads using the same guiding means</text></title-part></class-title></classification-item>
<classification-item breakdown-code="false" not-allocatable="false" level="9" additional-only="false" sort-key="D04C3/46" definition-exists="false" ipc-concordant="D04C3/46" c-set-base-allowed="false" c-set-subsequent-allowed="true" date-revised="2013-01-01" status="published"><classification-symbol>D04C3/46</classification-symbol><class-title date-revised="2013-01-01"><title-part><text>with thread carriers supported on rolls</text></title-part></class-title></classification-item></classification-item>
<classification-item breakdown-code="false" not-allocatable="false" level="8" additional-only="false" sort-key="D04C3/48" definition-exists="true" ipc-concordant="D04C3/48" c-set-base-allowed="false" c-set-subsequent-allowed="true" date-revised="2013-01-01" status="published"><classification-symbol>D04C3/48</classification-symbol><class-title date-revised="2013-01-01"><title-part><text>Auxiliary devices</text></title-part></class-title></classification-item></classification-item>
<classification-item breakdown-code="false" not-allocatable="false" level="7" additional-only="false" sort-key="D04C5/00" definition-exists="true" ipc-concordant="D04C5/00" c-set-base-allowed="false" c-set-subsequent-allowed="true" date-revised="2013-01-01" status="published"><classification-symbol>D04C5/00</classification-symbol><class-title date-revised="2013-01-01"><title-part><text>Twist or bobbin-net lace-making machines</text></title-part></class-title>
<classification-item breakdown-code="false" not-allocatable="false" level="8" additional-only="false" sort-key="D04C5/02" definition-exists="false" ipc-concordant="D04C5/02" c-set-base-allowed="false" c-set-subsequent-allowed="true" date-revised="2013-01-01" status="published"><classification-symbol>D04C5/02</classification-symbol><class-title date-revised="2013-01-01"><title-part><text>Net looms for tulle fabrics</text></title-part></class-title></classification-item>
<classification-item breakdown-code="false" not-allocatable="false" level="8" additional-only="false" sort-key="D04C5/04" definition-exists="false" ipc-concordant="D04C5/04" c-set-base-allowed="false" c-set-subsequent-allowed="true" date-revised="2013-01-01" status="published"><classification-symbol>D04C5/04</classification-symbol><class-title date-revised="2013-01-01"><title-part><text>Net or lace curtain machines</text></title-part></class-title></classification-item>
<classification-item breakdown-code="false" not-allocatable="false" level="8" additional-only="false" sort-key="D04C5/06" definition-exists="true" ipc-concordant="D04C5/06" c-set-base-allowed="false" c-set-subsequent-allowed="true" date-revised="2013-01-01" status="published"><classification-symbol>D04C5/06</classification-symbol><class-title date-revised="2013-01-01"><title-part><text>Machines for making twist-lace fabrics</text></title-part></class-title></classification-item>
<classification-item breakdown-code="false" not-allocatable="false" level="8" additional-only="false" sort-key="D04C5/08" definition-exists="false" ipc-concordant="D04C5/08" c-set-base-allowed="false" c-set-subsequent-allowed="true" date-revised="2013-01-01" status="published"><classification-symbol>D04C5/08</classification-symbol><class-title date-revised="2013-01-01"><title-part><text>Bobbin carriages </text><reference><text>bobbins <class-ref scheme="cpc">B65H75/02</class-ref></text></reference></title-part></class-title></classification-item>
<classification-item breakdown-code="false" not-allocatable="false" level="8" additional-only="false" sort-key="D04C5/10" definition-exists="false" ipc-concordant="D04C5/10" c-set-base-allowed="false" c-set-subsequent-allowed="true" date-revised="2013-01-01" status="published"><classification-symbol>D04C5/10</classification-symbol><class-title date-revised="2013-01-01"><title-part><text>Bobbin-carriage guides</text></title-part><title-part><text>Drives for swinging bobbin carriages</text></title-part></class-title></classification-item>
<classification-item breakdown-code="false" not-allocatable="false" level="8" additional-only="false" sort-key="D04C5/12" definition-exists="false" ipc-concordant="D04C5/12" c-set-base-allowed="false" c-set-subsequent-allowed="true" date-revised="2013-01-01" status="published"><classification-symbol>D04C5/12</classification-symbol><class-title date-revised="2013-01-01"><title-part><text>Drives for advancing bobbin carriages</text></title-part></class-title>
<classification-item breakdown-code="false" not-allocatable="false" level="9" additional-only="false" sort-key="D04C5/14" definition-exists="false" ipc-concordant="D04C5/14" c-set-base-allowed="false" c-set-subsequent-allowed="true" date-revised="2013-01-01" status="published"><classification-symbol>D04C5/14</classification-symbol><class-title date-revised="2013-01-01"><title-part><text>Pattern input</text></title-part></class-title></classification-item></classification-item>
<classification-item breakdown-code="false" not-allocatable="false" level="8" additional-only="false" sort-key="D04C5/16" definition-exists="false" ipc-concordant="D04C5/16" c-set-base-allowed="false" c-set-subsequent-allowed="true" date-revised="2013-01-01" status="published"><classification-symbol>D04C5/16</classification-symbol><class-title date-revised="2013-01-01"><title-part><text>Warp thread feeding or guiding devices</text></title-part></class-title>
<classification-item breakdown-code="false" not-allocatable="false" level="9" additional-only="false" sort-key="D04C5/18" definition-exists="false" ipc-concordant="D04C5/18" c-set-base-allowed="false" c-set-subsequent-allowed="true" date-revised="2013-01-01" status="published"><classification-symbol>D04C5/18</classification-symbol><class-title date-revised="2013-01-01"><title-part><text>Guide bars</text></title-part><title-part><text>Guiding means therefor</text></title-part><title-part><text>Pattern input by control thereof</text></title-part></class-title></classification-item>
<classification-item breakdown-code="false" not-allocatable="false" level="9" additional-only="false" sort-key="D04C5/20" definition-exists="false" ipc-concordant="D04C5/20" c-set-base-allowed="false" c-set-subsequent-allowed="true" date-revised="2013-01-01" status="published"><classification-symbol>D04C5/20</classification-symbol><class-title date-revised="2013-01-01"><title-part><text>Jacks or pickers</text></title-part><title-part><text>Pattern input by control thereof</text></title-part></class-title></classification-item></classification-item>
<classification-item breakdown-code="false" not-allocatable="false" level="8" additional-only="false" sort-key="D04C5/22" definition-exists="false" ipc-concordant="D04C5/22" c-set-base-allowed="false" c-set-subsequent-allowed="true" date-revised="2013-01-01" status="published"><classification-symbol>D04C5/22</classification-symbol><class-title date-revised="2013-01-01"><title-part><text>Delivery devices</text></title-part></class-title></classification-item>
<classification-item breakdown-code="false" not-allocatable="false" level="8" additional-only="false" sort-key="D04C5/24" definition-exists="false" ipc-concordant="D04C5/24" c-set-base-allowed="false" c-set-subsequent-allowed="true" date-revised="2013-01-01" status="published"><classification-symbol>D04C5/24</classification-symbol><class-title date-revised="2013-01-01"><title-part><text>Driving-gear</text></title-part><title-part><text>Starting or stopping mechanisms</text></title-part></class-title></classification-item>
<classification-item breakdown-code="false" not-allocatable="false" level="8" additional-only="false" sort-key="D04C5/26" definition-exists="false" ipc-concordant="D04C5/26" c-set-base-allowed="false" c-set-subsequent-allowed="true" date-revised="2013-01-01" status="published"><classification-symbol>D04C5/26</classification-symbol><class-title date-revised="2013-01-01"><title-part><text>Auxiliary devices</text></title-part></class-title></classification-item></classification-item>
<classification-item breakdown-code="false" not-allocatable="false" level="7" additional-only="false" sort-key="D04C7/00" definition-exists="true" ipc-concordant="D04C7/00" c-set-base-allowed="false" c-set-subsequent-allowed="true" date-revised="2013-01-01" status="published"><classification-symbol>D04C7/00</classification-symbol><class-title date-revised="2013-01-01"><title-part><text>Tools or apparatus for braiding or lacing by hand</text></title-part></class-title></classification-item></classification-item></classification-item></class-scheme>