<?xml version="1.0" encoding="UTF-8"?>
<class-scheme publication-date="2018-02-01" scheme-type="cpc" publication-type="official">
<classification-item breakdown-code="false" not-allocatable="true" level="5" additional-only="false" sort-key="B61B" definition-exists="true" date-revised="2013-01-01" status="published"><classification-symbol>B61B</classification-symbol><class-title date-revised="2013-01-01"><title-part><text>RAILWAY SYSTEMS</text></title-part><title-part><text>EQUIPMENT THEREFOR NOT OTHERWISE PROVIDED FOR </text><reference><text>lifts or hoists, elevators, escalators, moving walkways <class-ref scheme="cpc">B66B</class-ref></text></reference></title-part></class-title><notes-and-warnings date-revised="2013-01-01"><note type="note"><note-paragraph>In this subclass, the following terms are used with the meanings indicated:<subnote type="bullet"><note-paragraph>&quot;rope railways&quot; covers railways using cables or chains as traction or suspension means;</note-paragraph><note-paragraph>&quot;ropes&quot;, &quot;cables&quot;, or &quot;chains&quot; are equivalent unless specifically mentioned</note-paragraph></subnote></note-paragraph></note></notes-and-warnings>
<classification-item breakdown-code="false" not-allocatable="true" level="6" additional-only="false" sort-key="B61B1/00" date-revised="2013-01-01" status="published"><classification-symbol>B61B1/00</classification-symbol>
<classification-item breakdown-code="false" not-allocatable="false" level="7" additional-only="false" sort-key="B61B1/00" definition-exists="true" ipc-concordant="B61B1/00" c-set-base-allowed="false" c-set-subsequent-allowed="true" date-revised="2013-01-01" status="published"><classification-symbol>B61B1/00</classification-symbol><class-title date-revised="2013-01-01"><title-part><text>General arrangement of stations, platforms, or sidings</text></title-part><title-part><text>Railway networks</text></title-part><title-part><text>Rail vehicle marshalling systems </text><reference><text>shunting humps and shunting devices <class-ref scheme="cpc">B61J</class-ref>; construction of platforms <class-ref scheme="cpc">E01F1/00</class-ref>; time-tables <class-ref scheme="cpc">G09D</class-ref></text></reference></title-part></class-title>
<classification-item breakdown-code="false" not-allocatable="false" level="8" additional-only="false" sort-key="B61B1/005" definition-exists="false" ipc-concordant="B61B1/00" c-set-base-allowed="false" c-set-subsequent-allowed="true" date-revised="2017-08-01" status="published"><classification-symbol>B61B1/005</classification-symbol><class-title date-revised="2017-08-01"><title-part><CPC-specific-text><text>Rail vehicle marshalling systems; Rail freight terminals </text><reference><text>transferring or trans-shipping at storage areas or railway yards; marshalling yard installations <class-ref scheme="cpc">B65G63/00</class-ref></text></reference></CPC-specific-text></title-part></class-title></classification-item>
<classification-item breakdown-code="false" not-allocatable="false" level="8" additional-only="false" sort-key="B61B1/02" definition-exists="false" ipc-concordant="B61B1/02" c-set-base-allowed="false" c-set-subsequent-allowed="true" date-revised="2013-01-01" status="published"><classification-symbol>B61B1/02</classification-symbol><class-title date-revised="2013-01-01"><title-part><text>General arrangement of stations and platforms including protection devices for the passengers </text><CPC-specific-text><reference><text><class-ref scheme="cpc">B61B1/005</class-ref> takes precedence</text></reference></CPC-specific-text></title-part></class-title></classification-item></classification-item></classification-item>
<classification-item breakdown-code="false" not-allocatable="true" level="6" additional-only="false" sort-key="B61B3/00" date-revised="2013-01-01" status="published"><classification-symbol>B61B3/00</classification-symbol><class-title date-revised="2013-01-01"><title-part><text>Elevated railways</text></title-part></class-title>
<classification-item breakdown-code="false" not-allocatable="false" level="7" additional-only="false" sort-key="B61B3/00" definition-exists="true" ipc-concordant="B61B3/00" c-set-base-allowed="false" c-set-subsequent-allowed="true" date-revised="2016-08-01" status="published"><classification-symbol>B61B3/00</classification-symbol><class-title date-revised="2016-08-01"><title-part><text>Elevated railway systems with suspended vehicles </text><reference><text>with suspended flexible tracks <class-ref scheme="cpc">B61B7/00</class-ref>; saddle or like balanced type with monorail <class-ref scheme="cpc">B61B13/06</class-ref>; with propelling cables and for transporting materials <class-ref scheme="cpc">B65G</class-ref>; tracks therefor <class-ref scheme="cpc">E01B25/00</class-ref></text></reference></title-part></class-title>
<classification-item breakdown-code="false" not-allocatable="false" level="8" additional-only="false" sort-key="B61B3/02" definition-exists="false" ipc-concordant="B61B3/02" c-set-base-allowed="false" c-set-subsequent-allowed="true" date-revised="2013-01-01" status="published"><classification-symbol>B61B3/02</classification-symbol><class-title date-revised="2013-01-01"><title-part><text>with self-propelled vehicles</text></title-part></class-title></classification-item></classification-item>
<classification-item breakdown-code="false" not-allocatable="false" level="7" additional-only="false" sort-key="B61B5/00" definition-exists="true" ipc-concordant="B61B5/00" c-set-base-allowed="false" c-set-subsequent-allowed="true" date-revised="2013-01-01" status="published"><classification-symbol>B61B5/00</classification-symbol><class-title date-revised="2013-01-01"><title-part><text>Elevated railway systems without suspended vehicles </text><reference><text>with monorail <class-ref scheme="cpc">B61B13/04</class-ref>; tracks therefor <class-ref scheme="cpc">E01B25/00</class-ref></text></reference></title-part></class-title>
<classification-item breakdown-code="false" not-allocatable="false" level="8" additional-only="false" sort-key="B61B5/02" definition-exists="false" ipc-concordant="B61B5/02" c-set-base-allowed="false" c-set-subsequent-allowed="true" date-revised="2013-01-01" status="published"><classification-symbol>B61B5/02</classification-symbol><class-title date-revised="2013-01-01"><title-part><text>with two or more rails</text></title-part></class-title>
<classification-item breakdown-code="false" not-allocatable="false" level="9" additional-only="false" sort-key="B61B5/025" definition-exists="false" ipc-concordant="B61B5/02" c-set-base-allowed="false" c-set-subsequent-allowed="true" date-revised="2016-05-01" status="published"><classification-symbol>B61B5/025</classification-symbol><class-title date-revised="2016-05-01"><title-part><CPC-specific-text><text>Sub-floor conveyor systems, e.g. where the vehicle is above the ground and where the running gear and the propulsion device are located underground or in a tube. </text><reference><text>tunnel systems: <class-ref scheme="cpc">B61B13/10</class-ref>; funiculas systems <class-ref scheme="cpc">B61B9/00</class-ref></text></reference></CPC-specific-text></title-part></class-title></classification-item></classification-item></classification-item></classification-item>
<classification-item breakdown-code="false" not-allocatable="true" level="6" additional-only="false" sort-key="B61B7/00" date-revised="2013-01-01" status="published"><classification-symbol>B61B7/00</classification-symbol><class-title date-revised="2013-01-01"><title-part><text>Rope railways </text><reference><text>shunting devices with cable traction <class-ref scheme="cpc">B61J</class-ref></text></reference></title-part><title-part><text>Power and free systems</text></title-part></class-title>
<classification-item breakdown-code="false" not-allocatable="false" level="7" additional-only="false" sort-key="B61B7/00" definition-exists="true" ipc-concordant="B61B7/00" c-set-base-allowed="false" c-set-subsequent-allowed="true" date-revised="2013-01-01" status="published"><classification-symbol>B61B7/00</classification-symbol><class-title date-revised="2013-01-01"><title-part><text>Rope railway systems with suspended flexible tracks</text></title-part></class-title>
<classification-item breakdown-code="false" not-allocatable="false" level="8" additional-only="false" sort-key="B61B7/02" definition-exists="false" ipc-concordant="B61B7/02" c-set-base-allowed="false" c-set-subsequent-allowed="true" date-revised="2013-01-01" status="published"><classification-symbol>B61B7/02</classification-symbol><class-title date-revised="2013-01-01"><title-part><text>with separate haulage cables</text></title-part></class-title></classification-item>
<classification-item breakdown-code="false" not-allocatable="false" level="8" additional-only="false" sort-key="B61B7/04" definition-exists="false" ipc-concordant="B61B7/04" c-set-base-allowed="false" c-set-subsequent-allowed="true" date-revised="2013-01-01" status="published"><classification-symbol>B61B7/04</classification-symbol><class-title date-revised="2013-01-01"><title-part><text>with suspended tracks serving as haulage cables</text></title-part></class-title>
<classification-item breakdown-code="false" not-allocatable="false" level="9" additional-only="false" sort-key="B61B7/045" definition-exists="false" ipc-concordant="B61B7/04" c-set-base-allowed="false" c-set-subsequent-allowed="true" date-revised="2013-01-01" status="published"><classification-symbol>B61B7/045</classification-symbol><class-title date-revised="2013-01-01"><title-part><CPC-specific-text><text>having in each direction more than one track serving as haulage cables</text></CPC-specific-text></title-part></class-title></classification-item></classification-item>
<classification-item breakdown-code="false" not-allocatable="false" level="8" additional-only="false" sort-key="B61B7/06" definition-exists="false" ipc-concordant="B61B7/06" c-set-base-allowed="false" c-set-subsequent-allowed="true" date-revised="2013-01-01" status="published"><classification-symbol>B61B7/06</classification-symbol><class-title date-revised="2013-01-01"><title-part><text>with self-propelled vehicles</text></title-part></class-title></classification-item></classification-item>
<classification-item breakdown-code="false" not-allocatable="false" level="7" additional-only="false" sort-key="B61B9/00" definition-exists="true" ipc-concordant="B61B9/00" c-set-base-allowed="false" c-set-subsequent-allowed="true" date-revised="2013-01-01" status="published"><classification-symbol>B61B9/00</classification-symbol><class-title date-revised="2013-01-01"><title-part><text>Tramway or funicular systems with rigid track and cable traction </text><reference><text>haulage clips <class-ref scheme="cpc">B61B12/12</class-ref></text></reference></title-part></class-title></classification-item>
<classification-item breakdown-code="false" not-allocatable="false" level="7" additional-only="false" sort-key="B61B10/00" definition-exists="true" ipc-concordant="B61B10/00" c-set-base-allowed="false" c-set-subsequent-allowed="true" date-revised="2013-01-01" status="published"><classification-symbol>B61B10/00</classification-symbol><class-title date-revised="2013-01-01"><title-part><text>Power and free systems </text><reference><text>ski lifts, sleigh lift or like trackless systems with guided towing cables only <class-ref scheme="cpc">B61B11/00</class-ref></text></reference></title-part></class-title>
<classification-item breakdown-code="false" not-allocatable="false" level="8" additional-only="false" sort-key="B61B10/001" definition-exists="false" ipc-concordant="B61B10/00" c-set-base-allowed="false" c-set-subsequent-allowed="true" date-revised="2013-01-01" status="published"><classification-symbol>B61B10/001</classification-symbol><class-title date-revised="2013-01-01"><title-part><CPC-specific-text><text>Arrangements for routing vehicles</text></CPC-specific-text></title-part></class-title>
<classification-item breakdown-code="false" not-allocatable="false" level="9" additional-only="false" sort-key="B61B10/002" definition-exists="false" ipc-concordant="B61B10/00" c-set-base-allowed="false" c-set-subsequent-allowed="true" date-revised="2013-01-01" status="published"><classification-symbol>B61B10/002</classification-symbol><class-title date-revised="2013-01-01"><title-part><CPC-specific-text><text>according to destination marks</text></CPC-specific-text></title-part></class-title>
<classification-item breakdown-code="false" not-allocatable="false" level="10" additional-only="false" sort-key="B61B10/004" definition-exists="false" ipc-concordant="B61B10/00" c-set-base-allowed="false" c-set-subsequent-allowed="true" date-revised="2013-01-01" status="published"><classification-symbol>B61B10/004</classification-symbol><class-title date-revised="2013-01-01"><title-part><CPC-specific-text><text>Mechanical destination marks</text></CPC-specific-text></title-part></class-title></classification-item>
<classification-item breakdown-code="false" not-allocatable="false" level="10" additional-only="false" sort-key="B61B10/005" definition-exists="false" ipc-concordant="B61B10/00" c-set-base-allowed="false" c-set-subsequent-allowed="true" date-revised="2013-01-01" status="published"><classification-symbol>B61B10/005</classification-symbol><class-title date-revised="2013-01-01"><title-part><CPC-specific-text><text>Magnetic, electric or electronic destination marks</text></CPC-specific-text></title-part></class-title></classification-item>
<classification-item breakdown-code="false" not-allocatable="false" level="10" additional-only="false" sort-key="B61B10/007" definition-exists="false" ipc-concordant="B61B10/00" c-set-base-allowed="false" c-set-subsequent-allowed="true" date-revised="2013-01-01" status="published"><classification-symbol>B61B10/007</classification-symbol><class-title date-revised="2013-01-01"><title-part><CPC-specific-text><text>Pneumatic destination marks</text></CPC-specific-text></title-part></class-title></classification-item></classification-item>
<classification-item breakdown-code="false" not-allocatable="false" level="9" additional-only="false" sort-key="B61B10/008" definition-exists="false" ipc-concordant="B61B10/00" c-set-base-allowed="false" c-set-subsequent-allowed="true" date-revised="2013-01-01" status="published"><classification-symbol>B61B10/008</classification-symbol><class-title date-revised="2013-01-01"><title-part><CPC-specific-text><text>according to destination signals stored in separate systems</text></CPC-specific-text></title-part></class-title></classification-item></classification-item>
<classification-item breakdown-code="false" not-allocatable="false" level="8" additional-only="false" sort-key="B61B10/02" definition-exists="false" ipc-concordant="B61B10/02" c-set-base-allowed="false" c-set-subsequent-allowed="true" date-revised="2013-01-01" status="published"><classification-symbol>B61B10/02</classification-symbol><class-title date-revised="2013-01-01"><title-part><text>with suspended vehicles</text></title-part></class-title>
<classification-item breakdown-code="false" not-allocatable="false" level="9" additional-only="false" sort-key="B61B10/022" definition-exists="false" ipc-concordant="B61B10/02" c-set-base-allowed="false" c-set-subsequent-allowed="true" date-revised="2013-01-01" status="published"><classification-symbol>B61B10/022</classification-symbol><class-title date-revised="2013-01-01"><title-part><CPC-specific-text><text>Vehicles; trolleys</text></CPC-specific-text></title-part></class-title></classification-item>
<classification-item breakdown-code="false" not-allocatable="false" level="9" additional-only="false" sort-key="B61B10/025" definition-exists="false" ipc-concordant="B61B10/02" c-set-base-allowed="false" c-set-subsequent-allowed="true" date-revised="2013-01-01" status="published"><classification-symbol>B61B10/025</classification-symbol><class-title date-revised="2013-01-01"><title-part><CPC-specific-text><text>Coupling and uncoupling means between power track abd vehicles</text></CPC-specific-text></title-part></class-title></classification-item>
<classification-item breakdown-code="false" not-allocatable="false" level="9" additional-only="false" sort-key="B61B10/027" definition-exists="false" ipc-concordant="B61B10/02" c-set-base-allowed="false" c-set-subsequent-allowed="true" date-revised="2013-01-01" status="published"><classification-symbol>B61B10/027</classification-symbol><class-title date-revised="2013-01-01"><title-part><CPC-specific-text><text>loading or unloading vehicles</text></CPC-specific-text></title-part></class-title></classification-item></classification-item>
<classification-item breakdown-code="false" not-allocatable="false" level="8" additional-only="false" sort-key="B61B10/04" definition-exists="false" ipc-concordant="B61B10/04" c-set-base-allowed="false" c-set-subsequent-allowed="true" date-revised="2013-01-01" status="published"><classification-symbol>B61B10/04</classification-symbol><class-title date-revised="2013-01-01"><title-part><text>with vehicles rolling trackless on the ground</text></title-part></class-title>
<classification-item breakdown-code="false" not-allocatable="false" level="9" additional-only="false" sort-key="B61B10/043" definition-exists="false" ipc-concordant="B61B10/04" c-set-base-allowed="false" c-set-subsequent-allowed="true" date-revised="2013-01-01" status="published"><classification-symbol>B61B10/043</classification-symbol><class-title date-revised="2013-01-01"><title-part><CPC-specific-text><text>Fraction elements</text></CPC-specific-text></title-part></class-title></classification-item>
<classification-item breakdown-code="false" not-allocatable="false" level="9" additional-only="false" sort-key="B61B10/046" definition-exists="false" ipc-concordant="B61B10/04" c-set-base-allowed="false" c-set-subsequent-allowed="true" date-revised="2013-01-01" status="published"><classification-symbol>B61B10/046</classification-symbol><class-title date-revised="2013-01-01"><title-part><CPC-specific-text><text>Impellers</text></CPC-specific-text></title-part></class-title></classification-item></classification-item></classification-item>
<classification-item breakdown-code="false" not-allocatable="false" level="7" additional-only="false" sort-key="B61B11/00" definition-exists="true" ipc-concordant="B61B11/00" c-set-base-allowed="false" c-set-subsequent-allowed="true" date-revised="2013-01-01" status="published"><classification-symbol>B61B11/00</classification-symbol><class-title date-revised="2013-01-01"><title-part><text>Ski lift, sleigh lift or like trackless systems with guided towing cables only</text></title-part></class-title>
<classification-item breakdown-code="false" not-allocatable="false" level="8" additional-only="false" sort-key="B61B11/002" definition-exists="false" ipc-concordant="B61B11/00" c-set-base-allowed="false" c-set-subsequent-allowed="true" date-revised="2013-01-01" status="published"><classification-symbol>B61B11/002</classification-symbol><class-title date-revised="2013-01-01"><title-part><CPC-specific-text><text>able to be dismantled or removed</text></CPC-specific-text></title-part></class-title></classification-item>
<classification-item breakdown-code="false" not-allocatable="false" level="8" additional-only="false" sort-key="B61B11/004" definition-exists="false" ipc-concordant="B61B11/00" c-set-base-allowed="false" c-set-subsequent-allowed="true" date-revised="2013-01-01" status="published"><classification-symbol>B61B11/004</classification-symbol><class-title date-revised="2013-01-01"><title-part><CPC-specific-text><text>Means connecting load and cable</text></CPC-specific-text></title-part></class-title>
<classification-item breakdown-code="false" not-allocatable="false" level="9" additional-only="false" sort-key="B61B11/006" definition-exists="false" ipc-concordant="B61B11/00" c-set-base-allowed="false" c-set-subsequent-allowed="true" date-revised="2013-01-01" status="published"><classification-symbol>B61B11/006</classification-symbol><class-title date-revised="2013-01-01"><title-part><CPC-specific-text><text>the load being a cycle</text></CPC-specific-text></title-part></class-title></classification-item>
<classification-item breakdown-code="false" not-allocatable="false" level="9" additional-only="false" sort-key="B61B11/008" definition-exists="false" ipc-concordant="B61B11/00" c-set-base-allowed="false" c-set-subsequent-allowed="true" date-revised="2013-01-01" status="published"><classification-symbol>B61B11/008</classification-symbol><class-title date-revised="2013-01-01"><title-part><CPC-specific-text><text>the load being a sleigh</text></CPC-specific-text></title-part></class-title></classification-item></classification-item></classification-item>
<classification-item breakdown-code="false" not-allocatable="false" level="7" additional-only="false" sort-key="B61B12/00" definition-exists="true" ipc-concordant="B61B12/00" c-set-base-allowed="false" c-set-subsequent-allowed="true" date-revised="2016-05-01" status="published"><classification-symbol>B61B12/00</classification-symbol><class-title date-revised="2016-05-01"><title-part><text>Component parts, details or accessories not provided for in groups <class-ref scheme="cpc">B61B7/00</class-ref>&#160;-&#160;<class-ref scheme="cpc">B61B11/00</class-ref> </text><reference><text>railway brakes <class-ref scheme="cpc">B61H</class-ref>; turntables <class-ref scheme="cpc">B61J1/06</class-ref></text></reference></title-part></class-title>
<classification-item breakdown-code="false" not-allocatable="false" level="8" additional-only="false" sort-key="B61B12/002" definition-exists="false" ipc-concordant="B61B12/00" c-set-base-allowed="false" c-set-subsequent-allowed="true" date-revised="2013-01-01" status="published"><classification-symbol>B61B12/002</classification-symbol><class-title date-revised="2013-01-01"><title-part><CPC-specific-text><text>Cabins; Ski-lift seats </text><reference><text><class-ref scheme="cpc">B61B12/028</class-ref> takes precedence</text></reference></CPC-specific-text></title-part></class-title></classification-item>
<classification-item breakdown-code="false" not-allocatable="false" level="8" additional-only="false" sort-key="B61B12/005" definition-exists="false" ipc-concordant="B61B12/00" c-set-base-allowed="false" c-set-subsequent-allowed="true" date-revised="2017-08-01" status="published"><classification-symbol>B61B12/005</classification-symbol><class-title date-revised="2017-08-01"><title-part><CPC-specific-text><text>Rescue devices for passengers </text><reference><text>safety devices for preventing accidents to passengers when entering or leaving railway vehicles <class-ref scheme="cpc">B61K13/04</class-ref>; emergency escape closures in vehicle bottom in general <class-ref scheme="cpc">B60J9/02</class-ref></text></reference></CPC-specific-text></title-part></class-title></classification-item>
<classification-item breakdown-code="false" not-allocatable="false" level="8" additional-only="false" sort-key="B61B12/007" definition-exists="false" ipc-concordant="B61B12/00" c-set-base-allowed="false" c-set-subsequent-allowed="true" date-revised="2013-01-01" status="published"><classification-symbol>B61B12/007</classification-symbol><class-title date-revised="2013-01-01"><title-part><CPC-specific-text><text>Cable tensioning devices</text></CPC-specific-text></title-part></class-title></classification-item>
<classification-item breakdown-code="false" not-allocatable="false" level="8" additional-only="false" sort-key="B61B12/02" definition-exists="false" ipc-concordant="B61B12/02" c-set-base-allowed="false" c-set-subsequent-allowed="true" date-revised="2013-01-01" status="published"><classification-symbol>B61B12/02</classification-symbol><class-title date-revised="2013-01-01"><title-part><text>Suspension of the load</text></title-part><title-part><text>Guiding means, e.g. wheels</text></title-part><title-part><text>Attaching traction cables</text></title-part></class-title>
<classification-item breakdown-code="false" not-allocatable="false" level="9" additional-only="false" sort-key="B61B12/022" definition-exists="false" ipc-concordant="B61B12/02" c-set-base-allowed="false" c-set-subsequent-allowed="true" date-revised="2013-01-01" status="published"><classification-symbol>B61B12/022</classification-symbol><class-title date-revised="2013-01-01"><title-part><CPC-specific-text><text>Vehicle receiving and dispatching devices </text><reference><text>acceleration or deceleration devices <class-ref scheme="cpc">B61B12/105</class-ref>; cable grippers <class-ref scheme="cpc">B61B12/12</class-ref></text></reference></CPC-specific-text></title-part></class-title>
<classification-item breakdown-code="false" not-allocatable="false" level="10" additional-only="false" sort-key="B61B12/024" definition-exists="false" ipc-concordant="B61B12/02" c-set-base-allowed="false" c-set-subsequent-allowed="true" date-revised="2013-01-01" status="published"><classification-symbol>B61B12/024</classification-symbol><class-title date-revised="2013-01-01"><title-part><CPC-specific-text><text>Docking devices</text></CPC-specific-text></title-part></class-title></classification-item></classification-item>
<classification-item breakdown-code="false" not-allocatable="false" level="9" additional-only="false" sort-key="B61B12/026" definition-exists="false" ipc-concordant="B61B12/02" c-set-base-allowed="false" c-set-subsequent-allowed="true" date-revised="2013-01-01" status="published"><classification-symbol>B61B12/026</classification-symbol><class-title date-revised="2013-01-01"><title-part><CPC-specific-text><text>Guiding means for deflecting the direction of the cables between the stations</text></CPC-specific-text></title-part></class-title></classification-item>
<classification-item breakdown-code="false" not-allocatable="false" level="9" additional-only="false" sort-key="B61B12/028" definition-exists="false" ipc-concordant="B61B12/02" c-set-base-allowed="false" c-set-subsequent-allowed="true" date-revised="2013-01-01" status="published"><classification-symbol>B61B12/028</classification-symbol><class-title date-revised="2013-01-01"><title-part><CPC-specific-text><text>Cabin or seat suspension means </text><reference><text>comprising damping means: <class-ref scheme="cpc">B61B12/04</class-ref></text></reference></CPC-specific-text></title-part></class-title></classification-item></classification-item>
<classification-item breakdown-code="false" not-allocatable="false" level="8" additional-only="false" sort-key="B61B12/04" definition-exists="false" ipc-concordant="B61B12/04" c-set-base-allowed="false" c-set-subsequent-allowed="true" date-revised="2013-01-01" status="published"><classification-symbol>B61B12/04</classification-symbol><class-title date-revised="2013-01-01"><title-part><text>Devices for damping vibrations</text></title-part></class-title></classification-item>
<classification-item breakdown-code="false" not-allocatable="false" level="8" additional-only="false" sort-key="B61B12/06" definition-exists="false" ipc-concordant="B61B12/06" c-set-base-allowed="false" c-set-subsequent-allowed="true" date-revised="2013-01-01" status="published"><classification-symbol>B61B12/06</classification-symbol><class-title date-revised="2013-01-01"><title-part><text>Safety devices or measures against cable fracture</text></title-part></class-title></classification-item>
<classification-item breakdown-code="false" not-allocatable="false" level="8" additional-only="false" sort-key="B61B12/08" definition-exists="false" ipc-concordant="B61B12/08" c-set-base-allowed="false" c-set-subsequent-allowed="true" date-revised="2013-01-01" status="published"><classification-symbol>B61B12/08</classification-symbol><class-title date-revised="2013-01-01"><title-part><text>Cable lubrication</text></title-part></class-title></classification-item>
<classification-item breakdown-code="false" not-allocatable="false" level="8" additional-only="false" sort-key="B61B12/10" definition-exists="false" ipc-concordant="B61B12/10" c-set-base-allowed="false" c-set-subsequent-allowed="true" date-revised="2013-01-01" status="published"><classification-symbol>B61B12/10</classification-symbol><class-title date-revised="2013-01-01"><title-part><text>Cable traction drives</text></title-part></class-title>
<classification-item breakdown-code="false" not-allocatable="false" level="9" additional-only="false" sort-key="B61B12/105" definition-exists="false" ipc-concordant="B61B12/10" c-set-base-allowed="false" c-set-subsequent-allowed="true" date-revised="2013-01-01" status="published"><classification-symbol>B61B12/105</classification-symbol><class-title date-revised="2013-01-01"><title-part><CPC-specific-text><text>Acceleration devices or deceleration devices other than braking devices</text></CPC-specific-text></title-part></class-title></classification-item></classification-item>
<classification-item breakdown-code="false" not-allocatable="false" level="8" additional-only="false" sort-key="B61B12/12" definition-exists="false" ipc-concordant="B61B12/12" c-set-base-allowed="false" c-set-subsequent-allowed="true" date-revised="2013-01-01" status="published"><classification-symbol>B61B12/12</classification-symbol><class-title date-revised="2013-01-01"><title-part><text>Cable grippers</text></title-part><title-part><text>Haulage clips</text></title-part></class-title>
<classification-item breakdown-code="false" not-allocatable="false" level="9" additional-only="false" sort-key="B61B12/122" definition-exists="false" ipc-concordant="B61B12/12" c-set-base-allowed="false" c-set-subsequent-allowed="true" date-revised="2013-01-01" status="published"><classification-symbol>B61B12/122</classification-symbol><class-title date-revised="2013-01-01"><title-part><CPC-specific-text><text>for aerial ropeways </text><reference><text><class-ref scheme="cpc">B61B12/127</class-ref> takes precedence</text></reference></CPC-specific-text></title-part></class-title></classification-item>
<classification-item breakdown-code="false" not-allocatable="false" level="9" additional-only="false" sort-key="B61B12/125" definition-exists="false" ipc-concordant="B61B12/12" c-set-base-allowed="false" c-set-subsequent-allowed="true" date-revised="2013-01-01" status="published"><classification-symbol>B61B12/125</classification-symbol><class-title date-revised="2013-01-01"><title-part><CPC-specific-text><text>for non aerial ropeways, e.g. on or under the ground</text></CPC-specific-text></title-part></class-title></classification-item>
<classification-item breakdown-code="false" not-allocatable="false" level="9" additional-only="false" sort-key="B61B12/127" definition-exists="false" ipc-concordant="B61B12/12" c-set-base-allowed="false" c-set-subsequent-allowed="true" date-revised="2013-01-01" status="published"><classification-symbol>B61B12/127</classification-symbol><class-title date-revised="2013-01-01"><title-part><CPC-specific-text><text>for ski lift, sleigh lift or like trackless systems</text></CPC-specific-text></title-part></class-title></classification-item></classification-item></classification-item></classification-item>
<classification-item breakdown-code="false" not-allocatable="true" level="6" additional-only="false" sort-key="B61B13/00" date-revised="2013-01-01" status="published"><classification-symbol>B61B13/00</classification-symbol><class-title date-revised="2013-01-01"><title-part><text>Other railway systems</text></title-part><title-part><text>Combinations of systems</text></title-part></class-title>
<classification-item breakdown-code="false" not-allocatable="false" level="7" additional-only="false" sort-key="B61B13/00" definition-exists="true" ipc-concordant="B61B13/00" c-set-base-allowed="false" c-set-subsequent-allowed="true" date-revised="2013-01-01" status="published"><classification-symbol>B61B13/00</classification-symbol><class-title date-revised="2013-01-01"><title-part><text>Other railway systems</text></title-part></class-title>
<classification-item breakdown-code="false" not-allocatable="false" level="8" additional-only="false" sort-key="B61B13/02" definition-exists="false" ipc-concordant="B61B13/02" c-set-base-allowed="false" c-set-subsequent-allowed="true" date-revised="2013-01-01" status="published"><classification-symbol>B61B13/02</classification-symbol><class-title date-revised="2013-01-01"><title-part><text>Rack railways</text></title-part></class-title></classification-item>
<classification-item breakdown-code="false" not-allocatable="false" level="8" additional-only="false" sort-key="B61B13/04" definition-exists="false" ipc-concordant="B61B13/04" c-set-base-allowed="false" c-set-subsequent-allowed="true" date-revised="2013-01-01" status="published"><classification-symbol>B61B13/04</classification-symbol><class-title date-revised="2013-01-01"><title-part><text>Monorail systems</text></title-part></class-title>
<classification-item breakdown-code="false" not-allocatable="false" level="9" additional-only="false" sort-key="B61B13/06" definition-exists="false" ipc-concordant="B61B13/06" c-set-base-allowed="false" c-set-subsequent-allowed="true" date-revised="2013-01-01" status="published"><classification-symbol>B61B13/06</classification-symbol><class-title date-revised="2013-01-01"><title-part><text>Saddle or like balanced type</text></title-part></class-title></classification-item></classification-item>
<classification-item breakdown-code="false" not-allocatable="false" level="8" additional-only="false" sort-key="B61B13/08" definition-exists="false" ipc-concordant="B61B13/08" c-set-base-allowed="false" c-set-subsequent-allowed="true" date-revised="2013-01-01" status="published"><classification-symbol>B61B13/08</classification-symbol><class-title date-revised="2013-01-01"><title-part><text>Sliding or levitation systems </text><reference><text>vehicles with air cushions between rails and vehicles <class-ref scheme="cpc">B60V3/04</class-ref></text></reference></title-part></class-title></classification-item>
<classification-item breakdown-code="false" not-allocatable="false" level="8" additional-only="false" sort-key="B61B13/10" definition-exists="false" ipc-concordant="B61B13/10" c-set-base-allowed="false" c-set-subsequent-allowed="true" date-revised="2016-05-01" status="published"><classification-symbol>B61B13/10</classification-symbol><class-title date-revised="2016-05-01"><title-part><text>Tunnel systems </text><reference><text>pneumatic tubes conveyors <class-ref scheme="cpc">B65G</class-ref> </text><CPC-specific-text><text>; <class-ref scheme="cpc">B61C15/045</class-ref> takes precedence</text></CPC-specific-text></reference></title-part></class-title></classification-item>
<classification-item breakdown-code="false" not-allocatable="false" level="8" additional-only="false" sort-key="B61B13/12" definition-exists="false" ipc-concordant="B61B13/12" c-set-base-allowed="false" c-set-subsequent-allowed="true" date-revised="2013-01-01" status="published"><classification-symbol>B61B13/12</classification-symbol><class-title date-revised="2013-01-01"><title-part><text>Systems with propulsion devices between or alongside the rails, e.g. pneumatic systems </text><reference><text>cable traction <class-ref scheme="cpc">B61B9/00</class-ref>; car shunting devices <class-ref scheme="cpc">B61J</class-ref></text></reference></title-part></class-title>
<classification-item breakdown-code="false" not-allocatable="false" level="9" additional-only="false" sort-key="B61B13/122" definition-exists="false" ipc-concordant="B61B13/12" c-set-base-allowed="false" c-set-subsequent-allowed="true" date-revised="2013-01-01" status="published"><classification-symbol>B61B13/122</classification-symbol><class-title date-revised="2013-01-01"><title-part><CPC-specific-text><text>Pneumatic systems</text></CPC-specific-text></title-part></class-title></classification-item>
<classification-item breakdown-code="false" not-allocatable="false" level="9" additional-only="false" sort-key="B61B13/125" definition-exists="false" ipc-concordant="B61B13/12" c-set-base-allowed="false" c-set-subsequent-allowed="true" date-revised="2013-01-01" status="published"><classification-symbol>B61B13/125</classification-symbol><class-title date-revised="2013-01-01"><title-part><CPC-specific-text><text>the propulsion device being a rotating shaft or the like</text></CPC-specific-text></title-part></class-title></classification-item>
<classification-item breakdown-code="false" not-allocatable="false" level="9" additional-only="false" sort-key="B61B13/127" definition-exists="false" ipc-concordant="B61B13/12" c-set-base-allowed="false" c-set-subsequent-allowed="true" date-revised="2013-01-01" status="published"><classification-symbol>B61B13/127</classification-symbol><class-title date-revised="2013-01-01"><title-part><CPC-specific-text><text>the propulsion device consisting of stationary driving wheels</text></CPC-specific-text></title-part></class-title></classification-item></classification-item></classification-item>
<classification-item breakdown-code="false" not-allocatable="false" level="7" additional-only="false" sort-key="B61B15/00" definition-exists="true" ipc-concordant="B61B15/00" c-set-base-allowed="false" c-set-subsequent-allowed="true" date-revised="2013-01-01" status="published"><classification-symbol>B61B15/00</classification-symbol><class-title date-revised="2013-01-01"><title-part><text>Combinations of railway systems</text></title-part></class-title></classification-item></classification-item></classification-item></class-scheme>