<?xml version="1.0" encoding="UTF-8"?>
<class-scheme publication-date="2018-02-01" scheme-type="cpc" publication-type="official">
<classification-item breakdown-code="false" not-allocatable="true" level="5" additional-only="false" sort-key="B44F" definition-exists="true" date-revised="2014-10-01" status="published"><classification-symbol>B44F</classification-symbol><class-title date-revised="2013-01-01"><title-part><text>SPECIAL DESIGNS OR PICTURES</text></title-part></class-title>
<classification-item breakdown-code="false" not-allocatable="true" level="6" additional-only="false" sort-key="B44F1/00" date-revised="2013-01-01" status="published"><classification-symbol>B44F1/00</classification-symbol>
<classification-item breakdown-code="false" not-allocatable="false" level="7" additional-only="false" sort-key="B44F1/00" definition-exists="true" ipc-concordant="B44F1/00" c-set-base-allowed="false" c-set-subsequent-allowed="true" date-revised="2013-01-01" status="published"><classification-symbol>B44F1/00</classification-symbol><class-title date-revised="2013-01-01"><title-part><text>Designs or pictures characterised by special or unusual light effects</text></title-part></class-title>
<classification-item breakdown-code="false" not-allocatable="false" level="8" additional-only="false" sort-key="B44F1/02" definition-exists="false" ipc-concordant="B44F1/02" c-set-base-allowed="false" c-set-subsequent-allowed="true" date-revised="2013-01-01" status="published"><classification-symbol>B44F1/02</classification-symbol><class-title date-revised="2013-01-01"><title-part><text>produced by reflected light, e.g. matt surfaces, lustrous surfaces</text></title-part></class-title>
<classification-item breakdown-code="false" not-allocatable="false" level="9" additional-only="false" sort-key="B44F1/04" definition-exists="false" ipc-concordant="B44F1/04" c-set-base-allowed="false" c-set-subsequent-allowed="true" date-revised="2013-01-01" status="published"><classification-symbol>B44F1/04</classification-symbol><class-title date-revised="2013-01-01"><title-part><text>after passage through surface layers, e.g. pictures with mirrors on the back</text></title-part></class-title>
<classification-item breakdown-code="false" not-allocatable="false" level="10" additional-only="false" sort-key="B44F1/045" definition-exists="false" ipc-concordant="B44F1/04" c-set-base-allowed="false" c-set-subsequent-allowed="true" date-revised="2013-01-01" status="published"><classification-symbol>B44F1/045</classification-symbol><class-title date-revised="2013-01-01"><title-part><CPC-specific-text><text>having mirrors or metallic or reflective layers at the back side</text></CPC-specific-text></title-part></class-title></classification-item></classification-item></classification-item>
<classification-item breakdown-code="false" not-allocatable="false" level="8" additional-only="false" sort-key="B44F1/06" definition-exists="false" ipc-concordant="B44F1/06" c-set-base-allowed="false" c-set-subsequent-allowed="true" date-revised="2013-01-01" status="published"><classification-symbol>B44F1/06</classification-symbol><class-title date-revised="2013-01-01"><title-part><text>produced by transmitted light, e.g. transparencies, imitations of glass paintings</text></title-part></class-title>
<classification-item breakdown-code="false" not-allocatable="false" level="9" additional-only="false" sort-key="B44F1/063" definition-exists="false" ipc-concordant="B44F1/06" c-set-base-allowed="false" c-set-subsequent-allowed="true" date-revised="2013-01-01" status="published"><classification-symbol>B44F1/063</classification-symbol><class-title date-revised="2013-01-01"><title-part><CPC-specific-text><text>Imitation of leaded light</text></CPC-specific-text></title-part></class-title></classification-item>
<classification-item breakdown-code="false" not-allocatable="false" level="9" additional-only="false" sort-key="B44F1/066" definition-exists="false" ipc-concordant="B44F1/06" c-set-base-allowed="false" c-set-subsequent-allowed="true" date-revised="2013-01-01" status="published"><classification-symbol>B44F1/066</classification-symbol><class-title date-revised="2013-01-01"><title-part><CPC-specific-text><text>comprising at least two transparent elements, e.g. sheets, layers </text><reference><text>layered products of glass and synthetic resin containing decorations or patterns <class-ref scheme="cpc">B32B17/10247</class-ref>; window units comprising two or more parallel glass panes <class-ref scheme="cpc">E06B3/66</class-ref></text></reference></CPC-specific-text></title-part></class-title></classification-item></classification-item>
<classification-item breakdown-code="false" not-allocatable="false" level="8" additional-only="false" sort-key="B44F1/08" definition-exists="false" ipc-concordant="B44F1/08" c-set-base-allowed="false" c-set-subsequent-allowed="true" date-revised="2013-01-01" status="published"><classification-symbol>B44F1/08</classification-symbol><class-title date-revised="2013-01-01"><title-part><text>characterised by colour effects</text></title-part></class-title>
<classification-item breakdown-code="false" not-allocatable="false" level="9" additional-only="false" sort-key="B44F1/10" definition-exists="false" ipc-concordant="B44F1/10" c-set-base-allowed="false" c-set-subsequent-allowed="true" date-revised="2013-01-01" status="published"><classification-symbol>B44F1/10</classification-symbol><class-title date-revised="2013-01-01"><title-part><text>Changing, amusing, or secret pictures</text></title-part></class-title></classification-item>
<classification-item breakdown-code="false" not-allocatable="false" level="9" additional-only="false" sort-key="B44F1/14" definition-exists="false" ipc-concordant="B44F1/14" c-set-base-allowed="false" c-set-subsequent-allowed="true" date-revised="2013-01-01" status="published"><classification-symbol>B44F1/14</classification-symbol><class-title date-revised="2013-01-01"><title-part><text>Iridescent effects</text></title-part></class-title></classification-item></classification-item></classification-item>
<classification-item breakdown-code="false" not-allocatable="false" level="7" additional-only="false" sort-key="B44F3/00" definition-exists="true" ipc-concordant="B44F3/00" c-set-base-allowed="false" c-set-subsequent-allowed="true" date-revised="2013-01-01" status="published"><classification-symbol>B44F3/00</classification-symbol><class-title date-revised="2013-01-01"><title-part><text>Designs characterised by outlines</text></title-part></class-title></classification-item>
<classification-item breakdown-code="false" not-allocatable="false" level="7" additional-only="false" sort-key="B44F5/00" definition-exists="true" ipc-concordant="B44F5/00" c-set-base-allowed="false" c-set-subsequent-allowed="true" date-revised="2013-01-01" status="published"><classification-symbol>B44F5/00</classification-symbol><class-title date-revised="2013-01-01"><title-part><text>Designs characterised by irregular areas, e.g. mottled patterns </text><reference><text>imitating natural patterns or artistic work <class-ref scheme="cpc">B44F9/00</class-ref>, <class-ref scheme="cpc">B44F11/00</class-ref></text></reference></title-part></class-title></classification-item>
<classification-item breakdown-code="false" not-allocatable="false" level="7" additional-only="false" sort-key="B44F7/00" definition-exists="true" ipc-concordant="B44F7/00" c-set-base-allowed="false" c-set-subsequent-allowed="true" date-revised="2013-01-01" status="published"><classification-symbol>B44F7/00</classification-symbol><class-title date-revised="2013-01-01"><title-part><text>Designs imitating three-dimensional effects</text></title-part></class-title></classification-item>
<classification-item breakdown-code="false" not-allocatable="false" level="7" additional-only="false" sort-key="B44F9/00" definition-exists="true" ipc-concordant="B44F9/00" c-set-base-allowed="false" c-set-subsequent-allowed="true" date-revised="2013-01-01" status="published"><classification-symbol>B44F9/00</classification-symbol><class-title date-revised="2013-01-01"><title-part><text>Designs imitating natural patterns</text></title-part></class-title>
<classification-item breakdown-code="false" not-allocatable="false" level="8" additional-only="false" sort-key="B44F9/02" definition-exists="false" ipc-concordant="B44F9/02" c-set-base-allowed="false" c-set-subsequent-allowed="true" date-revised="2013-01-01" status="published"><classification-symbol>B44F9/02</classification-symbol><class-title date-revised="2013-01-01"><title-part><text>wood grain effects</text></title-part></class-title></classification-item>
<classification-item breakdown-code="false" not-allocatable="false" level="8" additional-only="false" sort-key="B44F9/04" definition-exists="false" ipc-concordant="B44F9/04" c-set-base-allowed="false" c-set-subsequent-allowed="true" date-revised="2013-01-01" status="published"><classification-symbol>B44F9/04</classification-symbol><class-title date-revised="2013-01-01"><title-part><text>of stone surfaces, e.g. marble</text></title-part></class-title></classification-item>
<classification-item breakdown-code="false" not-allocatable="false" level="8" additional-only="false" sort-key="B44F9/06" definition-exists="false" ipc-concordant="B44F9/06" c-set-base-allowed="false" c-set-subsequent-allowed="true" date-revised="2013-01-01" status="published"><classification-symbol>B44F9/06</classification-symbol><class-title date-revised="2013-01-01"><title-part><text>of horn, ivory, or meerschaum surfaces</text></title-part></class-title></classification-item>
<classification-item breakdown-code="false" not-allocatable="false" level="8" additional-only="false" sort-key="B44F9/08" definition-exists="false" ipc-concordant="B44F9/08" c-set-base-allowed="false" c-set-subsequent-allowed="true" date-revised="2013-01-01" status="published"><classification-symbol>B44F9/08</classification-symbol><class-title date-revised="2013-01-01"><title-part><text>of crystalline structures, pearl effects, or mother-of-pearl effects</text></title-part></class-title></classification-item>
<classification-item breakdown-code="false" not-allocatable="false" level="8" additional-only="false" sort-key="B44F9/10" definition-exists="false" ipc-concordant="B44F9/10" c-set-base-allowed="false" c-set-subsequent-allowed="true" date-revised="2013-01-01" status="published"><classification-symbol>B44F9/10</classification-symbol><class-title date-revised="2013-01-01"><title-part><text>of metallic or oxidised metallic surfaces</text></title-part></class-title></classification-item>
<classification-item breakdown-code="false" not-allocatable="false" level="8" additional-only="false" sort-key="B44F9/12" definition-exists="false" ipc-concordant="B44F9/12" c-set-base-allowed="false" c-set-subsequent-allowed="true" date-revised="2013-01-01" status="published"><classification-symbol>B44F9/12</classification-symbol><class-title date-revised="2013-01-01"><title-part><text>of leather</text></title-part></class-title></classification-item></classification-item>
<classification-item breakdown-code="false" not-allocatable="false" level="7" additional-only="false" sort-key="B44F11/00" definition-exists="true" ipc-concordant="B44F11/00" c-set-base-allowed="false" c-set-subsequent-allowed="true" date-revised="2013-01-01" status="published"><classification-symbol>B44F11/00</classification-symbol><class-title date-revised="2013-01-01"><title-part><text>Designs imitating artistic work</text></title-part></class-title>
<classification-item breakdown-code="false" not-allocatable="false" level="8" additional-only="false" sort-key="B44F11/02" definition-exists="false" ipc-concordant="B44F11/02" c-set-base-allowed="false" c-set-subsequent-allowed="true" date-revised="2013-01-01" status="published"><classification-symbol>B44F11/02</classification-symbol><class-title date-revised="2013-01-01"><title-part><text>Imitation of pictures, e.g. oil paintings</text></title-part></class-title></classification-item>
<classification-item breakdown-code="false" not-allocatable="false" level="8" additional-only="false" sort-key="B44F11/04" definition-exists="false" ipc-concordant="B44F11/04" c-set-base-allowed="false" c-set-subsequent-allowed="true" date-revised="2013-01-01" status="published"><classification-symbol>B44F11/04</classification-symbol><class-title date-revised="2013-01-01"><title-part><text>Imitation of mosaic or tarsia-work patterns</text></title-part></class-title></classification-item>
<classification-item breakdown-code="false" not-allocatable="false" level="8" additional-only="false" sort-key="B44F11/06" definition-exists="false" ipc-concordant="B44F11/06" c-set-base-allowed="false" c-set-subsequent-allowed="true" date-revised="2013-01-01" status="published"><classification-symbol>B44F11/06</classification-symbol><class-title date-revised="2013-01-01"><title-part><text>Imitation of ceramic patterns</text></title-part></class-title></classification-item></classification-item>
<classification-item breakdown-code="false" not-allocatable="false" level="7" additional-only="false" sort-key="B44F99/00" definition-exists="false" ipc-concordant="B44F99/00" c-set-base-allowed="false" c-set-subsequent-allowed="true" date-revised="2013-01-01" status="published"><classification-symbol>B44F99/00</classification-symbol><class-title date-revised="2013-01-01"><title-part><text>Subject matter not provided for in other groups of this subclass</text></title-part></class-title></classification-item></classification-item></classification-item></class-scheme>