<?xml version="1.0" encoding="UTF-8"?>
<class-scheme publication-date="2018-02-01" scheme-type="cpc" publication-type="official">
<classification-item breakdown-code="false" not-allocatable="true" level="5" additional-only="false" sort-key="C05G" definition-exists="true" date-revised="2018-01-01" status="published"><classification-symbol>C05G</classification-symbol><class-title date-revised="2013-01-01"><title-part><text>MIXTURES OF FERTILISERS COVERED INDIVIDUALLY BY DIFFERENT SUBCLASSES OF CLASS <class-ref scheme="cpc">C05</class-ref></text></title-part><title-part><text>MIXTURES OF ONE OR MORE FERTILISERS WITH MATERIALS NOT HAVING A SPECIFIC FERTILISING ACTIVITY, e.g. PESTICIDES, SOIL-CONDITIONERS, WETTING AGENTS </text><reference><text>organic fertilisers containing added bacterial cultures, mycelia, or the like <class-ref scheme="cpc">C05F11/08</class-ref>; organic fertilisers containing plant vitamins or hormones <class-ref scheme="cpc">C05F11/10</class-ref></text></reference></title-part><title-part><text>FERTILISERS CHARACTERISED BY THEIR FORM</text></title-part></class-title><notes-and-warnings date-revised="2013-01-01"><note type="note"><note-paragraph>This subclass <u>covers</u> mixtures of fertilisers with soil-conditioning or soil-stabilising materials characterised by their fertilising activity.</note-paragraph><note-paragraph>This subclass <u>does not cover</u> mixtures of fertilisers with soil-conditioning or soil-stabilising materials characterised by their soil-conditioning or soil-stabilising activity, which are covered by group <class-ref scheme="cpc">C09K17/00</class-ref>.</note-paragraph></note><note type="warning"><note-paragraph warning-type="ipc-not-used">The following IPC groups are not in the CPC scheme. The subject matter for these IPC groups is classified in the following CPC groups: <table><row><entry><class-ref scheme="ipc">C05G1/02</class-ref> - <class-ref scheme="ipc">C05G1/10</class-ref></entry><entry> covered by </entry><entry><class-ref scheme="cpc">C05</class-ref></entry></row><row><entry><class-ref scheme="ipc">C05G3/10</class-ref></entry><entry> covered by </entry><entry><class-ref scheme="cpc">C05G3/0088</class-ref></entry></row><row><entry><class-ref scheme="ipc">C05G5/00</class-ref></entry><entry> covered by </entry><entry><class-ref scheme="cpc">C05G3/0005</class-ref></entry></row></table>(see internal note after the title of class <class-ref scheme="cpc">C05</class-ref>) </note-paragraph></note></notes-and-warnings>
<classification-item breakdown-code="false" not-allocatable="true" level="6" additional-only="false" sort-key="C05G1/00" date-revised="2013-01-01" status="published"><classification-symbol>C05G1/00</classification-symbol>
<classification-item breakdown-code="false" not-allocatable="false" level="7" additional-only="false" sort-key="C05G1/00" definition-exists="true" ipc-concordant="C05G1/00" c-set-base-allowed="true" c-set-subsequent-allowed="true" date-revised="2013-01-01" status="published"><classification-symbol>C05G1/00</classification-symbol><class-title date-revised="2013-01-01"><title-part><text>Mixtures of fertilisers belonging individually to different subclasses of <class-ref scheme="cpc">C05</class-ref></text></title-part></class-title></classification-item>
<classification-item breakdown-code="false" not-allocatable="false" level="7" additional-only="false" sort-key="C05G3/00" definition-exists="true" ipc-concordant="C05G3/00" c-set-base-allowed="true" c-set-subsequent-allowed="true" date-revised="2013-01-01" status="published"><classification-symbol>C05G3/00</classification-symbol><class-title date-revised="2013-01-01"><title-part><text>Mixtures of one or more fertilisers with materials not having a specially fertilising activity</text></title-part></class-title>
<classification-item breakdown-code="false" not-allocatable="false" level="8" additional-only="false" sort-key="C05G3/0005" definition-exists="false" ipc-concordant="C05G3/00" c-set-base-allowed="true" c-set-subsequent-allowed="true" date-revised="2013-01-01" status="published"><classification-symbol>C05G3/0005</classification-symbol><class-title date-revised="2013-01-01"><title-part><CPC-specific-text><text>Further uses of fertiliser, also the form in which it is presented, e.g. by englobed granules</text></CPC-specific-text></title-part></class-title>
<classification-item breakdown-code="false" not-allocatable="false" level="9" additional-only="false" sort-key="C05G3/0011" definition-exists="false" ipc-concordant="C05G3/00" c-set-base-allowed="true" c-set-subsequent-allowed="true" date-revised="2013-01-01" status="published"><classification-symbol>C05G3/0011</classification-symbol><class-title date-revised="2013-01-01"><title-part><CPC-specific-text><text>by covering; apparatus for covering</text></CPC-specific-text></title-part></class-title>
<classification-item breakdown-code="false" not-allocatable="false" level="10" additional-only="false" sort-key="C05G3/0017" definition-exists="false" ipc-concordant="C05G3/00" c-set-base-allowed="true" c-set-subsequent-allowed="true" date-revised="2013-01-01" status="published"><classification-symbol>C05G3/0017</classification-symbol><class-title date-revised="2013-01-01"><title-part><CPC-specific-text><text>Formation of capsules</text></CPC-specific-text></title-part></class-title></classification-item>
<classification-item breakdown-code="false" not-allocatable="false" level="10" additional-only="false" sort-key="C05G3/0023" definition-exists="false" ipc-concordant="C05G3/00" c-set-base-allowed="true" c-set-subsequent-allowed="true" date-revised="2013-01-01" status="published"><classification-symbol>C05G3/0023</classification-symbol><class-title date-revised="2013-01-01"><title-part><CPC-specific-text><text>with sulfur</text></CPC-specific-text></title-part></class-title></classification-item>
<classification-item breakdown-code="false" not-allocatable="false" level="10" additional-only="false" sort-key="C05G3/0029" definition-exists="false" ipc-concordant="C05G3/00" c-set-base-allowed="true" c-set-subsequent-allowed="true" date-revised="2013-01-01" status="published"><classification-symbol>C05G3/0029</classification-symbol><class-title date-revised="2013-01-01"><title-part><CPC-specific-text><text>with a polymer</text></CPC-specific-text></title-part></class-title></classification-item>
<classification-item breakdown-code="false" not-allocatable="false" level="10" additional-only="false" sort-key="C05G3/0035" definition-exists="false" ipc-concordant="C05G3/00" c-set-base-allowed="true" c-set-subsequent-allowed="true" date-revised="2013-01-01" status="published"><classification-symbol>C05G3/0035</classification-symbol><class-title date-revised="2013-01-01"><title-part><CPC-specific-text><text>with wax or resins</text></CPC-specific-text></title-part></class-title></classification-item>
<classification-item breakdown-code="false" not-allocatable="false" level="10" additional-only="false" sort-key="C05G3/0041" definition-exists="false" ipc-concordant="C05G3/00" c-set-base-allowed="true" c-set-subsequent-allowed="true" date-revised="2013-01-01" status="published"><classification-symbol>C05G3/0041</classification-symbol><class-title date-revised="2013-01-01"><title-part><CPC-specific-text><text>with other substances</text></CPC-specific-text></title-part></class-title></classification-item></classification-item>
<classification-item breakdown-code="false" not-allocatable="false" level="9" additional-only="false" sort-key="C05G3/0047" definition-exists="false" ipc-concordant="C05G3/00" c-set-base-allowed="true" c-set-subsequent-allowed="true" date-revised="2013-01-01" status="published"><classification-symbol>C05G3/0047</classification-symbol><class-title date-revised="2013-01-01"><title-part><CPC-specific-text><text>by incorporating into a matrix</text></CPC-specific-text></title-part></class-title></classification-item>
<classification-item breakdown-code="false" not-allocatable="false" level="9" additional-only="false" sort-key="C05G3/0052" definition-exists="false" ipc-concordant="C05G3/00" c-set-base-allowed="true" c-set-subsequent-allowed="true" date-revised="2013-01-01" status="published"><classification-symbol>C05G3/0052</classification-symbol><class-title date-revised="2013-01-01"><title-part><CPC-specific-text><text>in another manner</text></CPC-specific-text></title-part></class-title></classification-item>
<classification-item breakdown-code="false" not-allocatable="false" level="9" additional-only="false" sort-key="C05G3/0058" definition-exists="false" ipc-concordant="C05G3/00" c-set-base-allowed="true" c-set-subsequent-allowed="true" date-revised="2013-01-01" status="published"><classification-symbol>C05G3/0058</classification-symbol><class-title date-revised="2013-01-01"><title-part><CPC-specific-text><text>Granulation of fertiliser compounds, so far as it is not covered by another class of fertilisers </text><reference><text>granulation of phosphatic fertilisers <class-ref scheme="cpc">C05B19/00</class-ref>; granulation of nitrogenous fertilisers <class-ref scheme="cpc">C05C1/02</class-ref>; fertilisers containing calcium cyanamide or other cyanamides <class-ref scheme="cpc">C05C7/02</class-ref>; fertilisers containing urea or its compounds <class-ref scheme="cpc">C05C9/005</class-ref></text></reference></CPC-specific-text></title-part></class-title></classification-item>
<classification-item breakdown-code="false" not-allocatable="false" level="9" additional-only="false" sort-key="C05G3/0064" definition-exists="false" ipc-concordant="C05G3/00" c-set-base-allowed="true" c-set-subsequent-allowed="true" date-revised="2013-01-01" status="published"><classification-symbol>C05G3/0064</classification-symbol><class-title date-revised="2013-01-01"><title-part><CPC-specific-text><text>fertilisers in liquid form</text></CPC-specific-text></title-part></class-title>
<classification-item breakdown-code="false" not-allocatable="false" level="10" additional-only="false" sort-key="C05G3/007" definition-exists="false" ipc-concordant="C05G3/00" c-set-base-allowed="true" c-set-subsequent-allowed="true" date-revised="2013-01-01" status="published"><classification-symbol>C05G3/007</classification-symbol><class-title date-revised="2013-01-01"><title-part><CPC-specific-text><text>in suspension</text></CPC-specific-text></title-part></class-title></classification-item>
<classification-item breakdown-code="false" not-allocatable="false" level="10" additional-only="false" sort-key="C05G3/0076" definition-exists="false" ipc-concordant="C05G3/00" c-set-base-allowed="true" c-set-subsequent-allowed="true" date-revised="2013-01-01" status="published"><classification-symbol>C05G3/0076</classification-symbol><class-title date-revised="2013-01-01"><title-part><CPC-specific-text><text>in aqueous solution</text></CPC-specific-text></title-part></class-title></classification-item></classification-item>
<classification-item breakdown-code="false" not-allocatable="false" level="9" additional-only="false" sort-key="C05G3/0082" definition-exists="false" ipc-concordant="C05G3/00" c-set-base-allowed="true" c-set-subsequent-allowed="true" date-revised="2013-01-01" status="published"><classification-symbol>C05G3/0082</classification-symbol><class-title date-revised="2013-01-01"><title-part><CPC-specific-text><text>for regulating the solubility</text></CPC-specific-text></title-part></class-title></classification-item>
<classification-item breakdown-code="false" not-allocatable="false" level="9" additional-only="false" sort-key="C05G3/0088" definition-exists="true" ipc-concordant="C05G3/00" c-set-base-allowed="true" c-set-subsequent-allowed="true" date-revised="2013-01-01" status="published"><classification-symbol>C05G3/0088</classification-symbol><class-title date-revised="2013-01-01"><title-part><CPC-specific-text><text>to avoid the fertiliser being reduced to powder; for avoiding agglomeration</text></CPC-specific-text></title-part></class-title></classification-item>
<classification-item breakdown-code="false" not-allocatable="false" level="9" additional-only="false" sort-key="C05G3/0094" definition-exists="false" ipc-concordant="C05G3/00" c-set-base-allowed="true" c-set-subsequent-allowed="true" date-revised="2013-01-01" status="published"><classification-symbol>C05G3/0094</classification-symbol><class-title date-revised="2013-01-01"><title-part><CPC-specific-text><text>fertiliser dosage</text></CPC-specific-text></title-part></class-title></classification-item></classification-item>
<classification-item breakdown-code="false" not-allocatable="false" level="8" additional-only="false" sort-key="C05G3/02" definition-exists="false" ipc-concordant="C05G3/02" c-set-base-allowed="true" c-set-subsequent-allowed="true" date-revised="2013-01-01" status="published"><classification-symbol>C05G3/02</classification-symbol><class-title date-revised="2013-01-01"><title-part><text>with pesticides</text></title-part></class-title></classification-item>
<classification-item breakdown-code="false" not-allocatable="false" level="8" additional-only="false" sort-key="C05G3/04" definition-exists="true" ipc-concordant="C05G3/04" c-set-base-allowed="true" c-set-subsequent-allowed="true" date-revised="2013-01-01" status="published"><classification-symbol>C05G3/04</classification-symbol><class-title date-revised="2013-01-01"><title-part><text>with soil conditioners</text></title-part></class-title></classification-item>
<classification-item breakdown-code="false" not-allocatable="false" level="8" additional-only="false" sort-key="C05G3/06" definition-exists="false" ipc-concordant="C05G3/06" c-set-base-allowed="true" c-set-subsequent-allowed="true" date-revised="2013-01-01" status="published"><classification-symbol>C05G3/06</classification-symbol><class-title date-revised="2013-01-01"><title-part><text>with wetting agents</text></title-part></class-title></classification-item>
<classification-item breakdown-code="false" not-allocatable="false" level="8" additional-only="false" sort-key="C05G3/08" definition-exists="false" ipc-concordant="C05G3/08" c-set-base-allowed="true" c-set-subsequent-allowed="true" date-revised="2013-01-01" status="published"><classification-symbol>C05G3/08</classification-symbol><class-title date-revised="2013-01-01"><title-part><text>with agents affecting the nitrification of ammonium compounds or urea in the soil</text></title-part></class-title></classification-item></classification-item></classification-item></classification-item></class-scheme>