<?xml version="1.0" encoding="UTF-8"?>
<class-scheme publication-date="2018-02-01" scheme-type="cpc" publication-type="official">
<classification-item breakdown-code="false" not-allocatable="true" level="5" additional-only="false" sort-key="B82B" definition-exists="true" date-revised="2017-08-01" status="published"><classification-symbol>B82B</classification-symbol><class-title date-revised="2017-08-01"><title-part><text>NANOSTRUCTURES FORMED BY MANIPULATION OF INDIVIDUAL ATOMS, MOLECULES, OR LIMITED COLLECTIONS OF ATOMS OR MOLECULES AS DISCRETE UNITS</text></title-part><title-part><text>MANUFACTURE OR TREATMENT THEREOF</text></title-part></class-title><notes-and-warnings date-revised="2013-01-01"><note type="note"><note-paragraph>This subclass <u>does not cover</u> chemical or biological nanostructures <u>per se</u>, provided for elsewhere, e.g. in classes <class-ref scheme="cpc">C08</class-ref> or <class-ref scheme="cpc">C12</class-ref>.</note-paragraph><note-paragraph>Attention is drawn to the Note following the title of class <class-ref scheme="cpc">B82</class-ref>, which defines the meaning of the terms &quot;nanosize&quot;, &quot;nanoscale&quot; and &quot;nanostructure&quot; in this subclass.</note-paragraph><note-paragraph>Subject matter classified in this subclass is further classified in subclass <class-ref scheme="cpc">B82Y</class-ref>, in order to enable a comprehensive search of nanostructure technology using classification symbols of <class-ref scheme="cpc">B82Y</class-ref> in combination with classification symbols of <class-ref scheme="cpc">B82B</class-ref>.</note-paragraph><note-paragraph>Nanostructures having specialised features or functions are further classified in appropriate places in other subclasses that provide for those features or functions, e.g. in <class-ref scheme="cpc">G01Q</class-ref>, <class-ref scheme="cpc">G02F1/017</class-ref>, <class-ref scheme="cpc">H01L29/775</class-ref>. </note-paragraph></note></notes-and-warnings>
<classification-item breakdown-code="false" not-allocatable="true" level="6" additional-only="false" sort-key="B82B1/00" date-revised="2013-01-01" status="published"><classification-symbol>B82B1/00</classification-symbol>
<classification-item breakdown-code="false" not-allocatable="false" level="7" additional-only="false" sort-key="B82B1/00" definition-exists="true" ipc-concordant="B82B1/00" c-set-base-allowed="false" c-set-subsequent-allowed="true" date-revised="2017-08-01" status="published"><classification-symbol>B82B1/00</classification-symbol><class-title date-revised="2017-08-01"><title-part><text>Nanostructures formed by manipulation of individual atoms or molecules, or limited collections of atoms or molecules as discrete units</text></title-part></class-title>
<classification-item breakdown-code="false" not-allocatable="false" level="8" additional-only="false" sort-key="B82B1/001" definition-exists="false" ipc-concordant="B82B1/00" c-set-base-allowed="false" c-set-subsequent-allowed="true" date-revised="2013-01-01" status="published"><classification-symbol>B82B1/001</classification-symbol><class-title date-revised="2013-01-01"><title-part><CPC-specific-text><text>Devices without movable or flexible elements</text></CPC-specific-text></title-part></class-title></classification-item>
<classification-item breakdown-code="false" not-allocatable="false" level="8" additional-only="false" sort-key="B82B1/002" definition-exists="false" ipc-concordant="B82B1/00" c-set-base-allowed="false" c-set-subsequent-allowed="true" date-revised="2013-01-01" status="published"><classification-symbol>B82B1/002</classification-symbol><class-title date-revised="2013-01-01"><title-part><CPC-specific-text><text>Devices comprising flexible or deformable elements</text></CPC-specific-text></title-part></class-title></classification-item>
<classification-item breakdown-code="false" not-allocatable="false" level="8" additional-only="false" sort-key="B82B1/003" definition-exists="false" ipc-concordant="B82B1/00" c-set-base-allowed="false" c-set-subsequent-allowed="true" date-revised="2013-01-01" status="published"><classification-symbol>B82B1/003</classification-symbol><class-title date-revised="2013-01-01"><title-part><CPC-specific-text><text>Devices comprising elements which are movable in relation to each other, e.g. slidable or rotatable</text></CPC-specific-text></title-part></class-title></classification-item>
<classification-item breakdown-code="false" not-allocatable="false" level="8" additional-only="false" sort-key="B82B1/005" definition-exists="false" ipc-concordant="B82B1/00" c-set-base-allowed="false" c-set-subsequent-allowed="true" date-revised="2013-01-01" status="published"><classification-symbol>B82B1/005</classification-symbol><class-title date-revised="2013-01-01"><title-part><CPC-specific-text><text>Constitution or structural means for improving the physical properties of a device</text></CPC-specific-text></title-part></class-title></classification-item>
<classification-item breakdown-code="false" not-allocatable="false" level="8" additional-only="false" sort-key="B82B1/006" definition-exists="false" ipc-concordant="B82B1/00" c-set-base-allowed="false" c-set-subsequent-allowed="true" date-revised="2013-01-01" status="published"><classification-symbol>B82B1/006</classification-symbol><class-title date-revised="2013-01-01"><title-part><CPC-specific-text><text>Controlling the movement of the flexible or movable, e.g. slidable or rotatable, elements</text></CPC-specific-text></title-part></class-title></classification-item>
<classification-item breakdown-code="false" not-allocatable="false" level="8" additional-only="false" sort-key="B82B1/007" definition-exists="false" ipc-concordant="B82B1/00" c-set-base-allowed="false" c-set-subsequent-allowed="true" date-revised="2013-01-01" status="published"><classification-symbol>B82B1/007</classification-symbol><class-title date-revised="2013-01-01"><title-part><CPC-specific-text><text>Processes for preserving or protecting existing structures</text></CPC-specific-text></title-part></class-title></classification-item>
<classification-item breakdown-code="false" not-allocatable="false" level="8" additional-only="false" sort-key="B82B1/008" definition-exists="false" ipc-concordant="B82B1/00" c-set-base-allowed="false" c-set-subsequent-allowed="true" date-revised="2017-08-01" status="published"><classification-symbol>B82B1/008</classification-symbol><class-title date-revised="2017-08-01"><title-part><CPC-specific-text><text>Nanostructures not provided for in groups <class-ref scheme="cpc">B82B1/001</class-ref>&#160;-&#160;<class-ref scheme="cpc">B82B1/007</class-ref></text></CPC-specific-text></title-part></class-title></classification-item></classification-item>
<classification-item breakdown-code="false" not-allocatable="false" level="7" additional-only="false" sort-key="B82B3/00" definition-exists="true" ipc-concordant="B82B3/00" c-set-base-allowed="false" c-set-subsequent-allowed="true" date-revised="2017-08-01" status="published"><classification-symbol>B82B3/00</classification-symbol><class-title date-revised="2017-08-01"><title-part><text>Manufacture or treatment of nanostructures by manipulation of individual atoms or molecules, or limited collections of atoms or molecules as discrete units</text></title-part></class-title>
<classification-item breakdown-code="false" not-allocatable="false" level="8" additional-only="false" sort-key="B82B3/0004" definition-exists="false" ipc-concordant="B82B3/00" c-set-base-allowed="false" c-set-subsequent-allowed="true" date-revised="2017-08-01" status="published"><classification-symbol>B82B3/0004</classification-symbol><class-title date-revised="2017-08-01"><title-part><CPC-specific-text><text>Apparatus specially adapted for the manufacture or treatment of nanostructural devices or systems or methods for manufacturing the same</text></CPC-specific-text></title-part></class-title></classification-item>
<classification-item breakdown-code="false" not-allocatable="false" level="8" additional-only="false" sort-key="B82B3/0009" definition-exists="false" ipc-concordant="B82B3/00" c-set-base-allowed="false" c-set-subsequent-allowed="true" date-revised="2017-08-01" status="published"><classification-symbol>B82B3/0009</classification-symbol><class-title date-revised="2017-08-01"><title-part><CPC-specific-text><text>Forming specific nanostructures</text></CPC-specific-text></title-part></class-title>
<classification-item breakdown-code="false" not-allocatable="false" level="9" additional-only="false" sort-key="B82B3/0014" definition-exists="false" ipc-concordant="B82B3/00" c-set-base-allowed="false" c-set-subsequent-allowed="true" date-revised="2017-08-01" status="published"><classification-symbol>B82B3/0014</classification-symbol><class-title date-revised="2017-08-01"><title-part><CPC-specific-text><text>Array or network of similar nanostructural elements</text></CPC-specific-text></title-part></class-title></classification-item>
<classification-item breakdown-code="false" not-allocatable="false" level="9" additional-only="false" sort-key="B82B3/0019" definition-exists="false" ipc-concordant="B82B3/00" c-set-base-allowed="false" c-set-subsequent-allowed="true" date-revised="2013-01-01" status="published"><classification-symbol>B82B3/0019</classification-symbol><class-title date-revised="2013-01-01"><title-part><CPC-specific-text><text>without movable or flexible elements</text></CPC-specific-text></title-part></class-title></classification-item>
<classification-item breakdown-code="false" not-allocatable="false" level="9" additional-only="false" sort-key="B82B3/0023" definition-exists="false" ipc-concordant="B82B3/00" c-set-base-allowed="false" c-set-subsequent-allowed="true" date-revised="2013-01-01" status="published"><classification-symbol>B82B3/0023</classification-symbol><class-title date-revised="2013-01-01"><title-part><CPC-specific-text><text>comprising flexible or deformable elements</text></CPC-specific-text></title-part></class-title></classification-item>
<classification-item breakdown-code="false" not-allocatable="false" level="9" additional-only="false" sort-key="B82B3/0028" definition-exists="false" ipc-concordant="B82B3/00" c-set-base-allowed="false" c-set-subsequent-allowed="true" date-revised="2013-01-01" status="published"><classification-symbol>B82B3/0028</classification-symbol><class-title date-revised="2013-01-01"><title-part><CPC-specific-text><text>comprising elements which are movable in relation to each other, e.g. slidable or rotatable</text></CPC-specific-text></title-part></class-title></classification-item>
<classification-item breakdown-code="false" not-allocatable="false" level="9" additional-only="false" sort-key="B82B3/0033" definition-exists="false" ipc-concordant="B82B3/00" c-set-base-allowed="false" c-set-subsequent-allowed="true" date-revised="2013-01-01" status="published"><classification-symbol>B82B3/0033</classification-symbol><class-title date-revised="2013-01-01"><title-part><CPC-specific-text><text>Manufacture or treatment of substrate-free structures, i.e. not connected to any support</text></CPC-specific-text></title-part></class-title></classification-item>
<classification-item breakdown-code="false" not-allocatable="false" level="9" additional-only="false" sort-key="B82B3/0038" definition-exists="false" ipc-concordant="B82B3/00" c-set-base-allowed="false" c-set-subsequent-allowed="true" date-revised="2017-08-01" status="published"><classification-symbol>B82B3/0038</classification-symbol><class-title date-revised="2017-08-01"><title-part><CPC-specific-text><text>Manufacturing processes for forming specific nanostructures not provided for in groups <class-ref scheme="cpc">B82B3/0014</class-ref>&#160;-&#160;<class-ref scheme="cpc">B82B3/0033</class-ref></text></CPC-specific-text></title-part></class-title></classification-item></classification-item>
<classification-item breakdown-code="false" not-allocatable="false" level="8" additional-only="false" sort-key="B82B3/0042" definition-exists="false" ipc-concordant="B82B3/00" c-set-base-allowed="false" c-set-subsequent-allowed="true" date-revised="2017-08-01" status="published"><classification-symbol>B82B3/0042</classification-symbol><class-title date-revised="2017-08-01"><title-part><CPC-specific-text><text>Assembling discrete nanostructures into nanostructural devices</text></CPC-specific-text></title-part></class-title>
<classification-item breakdown-code="false" not-allocatable="false" level="9" additional-only="false" sort-key="B82B3/0047" definition-exists="false" ipc-concordant="B82B3/00" c-set-base-allowed="false" c-set-subsequent-allowed="true" date-revised="2013-01-01" status="published"><classification-symbol>B82B3/0047</classification-symbol><class-title date-revised="2013-01-01"><title-part><CPC-specific-text><text>Bonding two or more elements</text></CPC-specific-text></title-part></class-title></classification-item>
<classification-item breakdown-code="false" not-allocatable="false" level="9" additional-only="false" sort-key="B82B3/0052" definition-exists="false" ipc-concordant="B82B3/00" c-set-base-allowed="false" c-set-subsequent-allowed="true" date-revised="2013-01-01" status="published"><classification-symbol>B82B3/0052</classification-symbol><class-title date-revised="2013-01-01"><title-part><CPC-specific-text><text>Aligning two or more elements</text></CPC-specific-text></title-part></class-title></classification-item>
<classification-item breakdown-code="false" not-allocatable="false" level="9" additional-only="false" sort-key="B82B3/0057" definition-exists="false" ipc-concordant="B82B3/00" c-set-base-allowed="false" c-set-subsequent-allowed="true" date-revised="2017-08-01" status="published"><classification-symbol>B82B3/0057</classification-symbol><class-title date-revised="2017-08-01"><title-part><CPC-specific-text><text>Processes for assembling discrete nanostructures not provided for in groups <class-ref scheme="cpc">B82B3/0047</class-ref>&#160;-&#160;<class-ref scheme="cpc">B82B3/0052</class-ref></text></CPC-specific-text></title-part></class-title></classification-item></classification-item>
<classification-item breakdown-code="false" not-allocatable="false" level="8" additional-only="false" sort-key="B82B3/0061" definition-exists="false" ipc-concordant="B82B3/00" c-set-base-allowed="false" c-set-subsequent-allowed="true" date-revised="2013-01-01" status="published"><classification-symbol>B82B3/0061</classification-symbol><class-title date-revised="2013-01-01"><title-part><CPC-specific-text><text>Methods for manipulating nanostructures</text></CPC-specific-text></title-part></class-title>
<classification-item breakdown-code="false" not-allocatable="false" level="9" additional-only="false" sort-key="B82B3/0066" definition-exists="false" ipc-concordant="B82B3/00" c-set-base-allowed="false" c-set-subsequent-allowed="true" date-revised="2013-01-01" status="published"><classification-symbol>B82B3/0066</classification-symbol><class-title date-revised="2013-01-01"><title-part><CPC-specific-text><text>Orienting nanostructures</text></CPC-specific-text></title-part></class-title></classification-item>
<classification-item breakdown-code="false" not-allocatable="false" level="9" additional-only="false" sort-key="B82B3/0071" definition-exists="false" ipc-concordant="B82B3/00" c-set-base-allowed="false" c-set-subsequent-allowed="true" date-revised="2013-01-01" status="published"><classification-symbol>B82B3/0071</classification-symbol><class-title date-revised="2013-01-01"><title-part><CPC-specific-text><text>Sorting nanostructures</text></CPC-specific-text></title-part></class-title></classification-item>
<classification-item breakdown-code="false" not-allocatable="false" level="9" additional-only="false" sort-key="B82B3/0076" definition-exists="false" ipc-concordant="B82B3/00" c-set-base-allowed="false" c-set-subsequent-allowed="true" date-revised="2016-05-01" status="published"><classification-symbol>B82B3/0076</classification-symbol><class-title date-revised="2016-05-01"><title-part><CPC-specific-text><text>Methods for manipulating nanostructures not provided for in groups <class-ref scheme="cpc">B82B3/0066</class-ref>&#160;-&#160;<class-ref scheme="cpc">B82B3/0071</class-ref></text></CPC-specific-text></title-part></class-title></classification-item></classification-item>
<classification-item breakdown-code="false" not-allocatable="false" level="8" additional-only="false" sort-key="B82B3/008" definition-exists="false" ipc-concordant="B82B3/00" c-set-base-allowed="false" c-set-subsequent-allowed="true" date-revised="2013-01-01" status="published"><classification-symbol>B82B3/008</classification-symbol><class-title date-revised="2013-01-01"><title-part><CPC-specific-text><text>Processes for improving the physical properties of a device</text></CPC-specific-text></title-part></class-title></classification-item>
<classification-item breakdown-code="false" not-allocatable="false" level="8" additional-only="false" sort-key="B82B3/0085" definition-exists="false" ipc-concordant="B82B3/00" c-set-base-allowed="false" c-set-subsequent-allowed="true" date-revised="2017-08-01" status="published"><classification-symbol>B82B3/0085</classification-symbol><class-title date-revised="2017-08-01"><title-part><CPC-specific-text><text>Testing nanostructures</text></CPC-specific-text></title-part></class-title></classification-item>
<classification-item breakdown-code="false" not-allocatable="false" level="8" additional-only="false" sort-key="B82B3/009" definition-exists="false" ipc-concordant="B82B3/00" c-set-base-allowed="false" c-set-subsequent-allowed="true" date-revised="2017-08-01" status="published"><classification-symbol>B82B3/009</classification-symbol><class-title date-revised="2017-08-01"><title-part><CPC-specific-text><text>Characterizing nanostructures, i.e. measuring and identifying electrical or mechanical constants</text></CPC-specific-text></title-part></class-title></classification-item>
<classification-item breakdown-code="false" not-allocatable="false" level="8" additional-only="false" sort-key="B82B3/0095" definition-exists="false" ipc-concordant="B82B3/00" c-set-base-allowed="false" c-set-subsequent-allowed="true" date-revised="2017-08-01" status="published"><classification-symbol>B82B3/0095</classification-symbol><class-title date-revised="2017-08-01"><title-part><CPC-specific-text><text>Manufacture or treatments or nanostructures not provided for in groups <class-ref scheme="cpc">B82B3/0009</class-ref>&#160;-&#160;<class-ref scheme="cpc">B82B3/009</class-ref></text></CPC-specific-text></title-part></class-title></classification-item></classification-item></classification-item></classification-item></class-scheme>